ts_ms,ts_iso,close
1758820680000,2025-09-25T17:18:00Z,110244.0
1758820740000,2025-09-25T17:19:00Z,110150.01
1758820800000,2025-09-25T17:20:00Z,110060.18
1758820860000,2025-09-25T17:21:00Z,109907.2
1758820920000,2025-09-25T17:22:00Z,109996.02
1758820980000,2025-09-25T17:23:00Z,109997.8
1758821040000,2025-09-25T17:24:00Z,109945.14
1758821100000,2025-09-25T17:25:00Z,110004.98
1758821160000,2025-09-25T17:26:00Z,110071.0
1758821220000,2025-09-25T17:27:00Z,109980.01
1758821280000,2025-09-25T17:28:00Z,110004.01
1758821340000,2025-09-25T17:29:00Z,109938.11
1758821400000,2025-09-25T17:30:00Z,109900.01
1758821460000,2025-09-25T17:31:00Z,109828.12
1758821520000,2025-09-25T17:32:00Z,109776.54
1758821580000,2025-09-25T17:33:00Z,109727.87
1758821640000,2025-09-25T17:34:00Z,109700.0
1758821700000,2025-09-25T17:35:00Z,109688.05
1758821760000,2025-09-25T17:36:00Z,109439.67
1758821820000,2025-09-25T17:37:00Z,109637.29
1758821880000,2025-09-25T17:38:00Z,109664.99
1758821940000,2025-09-25T17:39:00Z,109582.44
1758822000000,2025-09-25T17:40:00Z,109528.71
1758822060000,2025-09-25T17:41:00Z,109445.96
1758822120000,2025-09-25T17:42:00Z,109415.19
1758822180000,2025-09-25T17:43:00Z,109435.96
1758822240000,2025-09-25T17:44:00Z,109374.07
1758822300000,2025-09-25T17:45:00Z,109405.45
1758822360000,2025-09-25T17:46:00Z,109430.85
1758822420000,2025-09-25T17:47:00Z,109286.43
1758822480000,2025-09-25T17:48:00Z,109223.09
1758822540000,2025-09-25T17:49:00Z,109145.67
1758822600000,2025-09-25T17:50:00Z,109339.71
1758822660000,2025-09-25T17:51:00Z,109275.29
1758822720000,2025-09-25T17:52:00Z,109249.05
1758822780000,2025-09-25T17:53:00Z,109228.22
1758822840000,2025-09-25T17:54:00Z,109100.02
1758822900000,2025-09-25T17:55:00Z,109010.36
1758822960000,2025-09-25T17:56:00Z,108983.05
1758823020000,2025-09-25T17:57:00Z,108707.66
1758823080000,2025-09-25T17:58:00Z,108870.71
1758823140000,2025-09-25T17:59:00Z,108833.63
1758823200000,2025-09-25T18:00:00Z,108751.66
1758823260000,2025-09-25T18:01:00Z,108762.87
1758823320000,2025-09-25T18:02:00Z,108720.0
1758823380000,2025-09-25T18:03:00Z,108765.32
1758823440000,2025-09-25T18:04:00Z,108773.49
1758823500000,2025-09-25T18:05:00Z,108750.03
1758823560000,2025-09-25T18:06:00Z,108967.73
1758823620000,2025-09-25T18:07:00Z,108950.0
1758823680000,2025-09-25T18:08:00Z,108969.49
1758823740000,2025-09-25T18:09:00Z,108957.99
1758823800000,2025-09-25T18:10:00Z,108950.02
1758823860000,2025-09-25T18:11:00Z,108845.66
1758823920000,2025-09-25T18:12:00Z,108919.96
1758823980000,2025-09-25T18:13:00Z,109009.95
1758824040000,2025-09-25T18:14:00Z,109222.13
1758824100000,2025-09-25T18:15:00Z,109147.65
1758824160000,2025-09-25T18:16:00Z,109159.99
1758824220000,2025-09-25T18:17:00Z,109226.93
1758824280000,2025-09-25T18:18:00Z,109352.94
1758824340000,2025-09-25T18:19:00Z,109410.61
1758824400000,2025-09-25T18:20:00Z,109534.39
1758824460000,2025-09-25T18:21:00Z,109540.0
1758824520000,2025-09-25T18:22:00Z,109443.04
1758824580000,2025-09-25T18:23:00Z,109568.0
1758824640000,2025-09-25T18:24:00Z,109612.01
1758824700000,2025-09-25T18:25:00Z,109600.0
1758824760000,2025-09-25T18:26:00Z,109540.56
1758824820000,2025-09-25T18:27:00Z,109460.01
1758824880000,2025-09-25T18:28:00Z,109425.07
1758824940000,2025-09-25T18:29:00Z,109442.99
1758825000000,2025-09-25T18:30:00Z,109462.23
1758825060000,2025-09-25T18:31:00Z,109452.46
1758825120000,2025-09-25T18:32:00Z,109361.44
1758825180000,2025-09-25T18:33:00Z,109332.2
1758825240000,2025-09-25T18:34:00Z,109277.62
1758825300000,2025-09-25T18:35:00Z,109373.3
1758825360000,2025-09-25T18:36:00Z,109445.45
1758825420000,2025-09-25T18:37:00Z,109553.98
1758825480000,2025-09-25T18:38:00Z,109476.03
1758825540000,2025-09-25T18:39:00Z,109430.05
1758825600000,2025-09-25T18:40:00Z,109579.99
1758825660000,2025-09-25T18:41:00Z,109625.0
1758825720000,2025-09-25T18:42:00Z,109547.48
1758825780000,2025-09-25T18:43:00Z,109520.0
1758825840000,2025-09-25T18:44:00Z,109488.01
1758825900000,2025-09-25T18:45:00Z,109381.04
1758825960000,2025-09-25T18:46:00Z,109357.04
1758826020000,2025-09-25T18:47:00Z,109410.18
1758826080000,2025-09-25T18:48:00Z,109475.19
1758826140000,2025-09-25T18:49:00Z,109549.25
1758826200000,2025-09-25T18:50:00Z,109535.93
1758826260000,2025-09-25T18:51:00Z,109550.22
1758826320000,2025-09-25T18:52:00Z,109596.91
1758826380000,2025-09-25T18:53:00Z,109650.0
1758826440000,2025-09-25T18:54:00Z,109679.99
1758826500000,2025-09-25T18:55:00Z,109716.9
1758826560000,2025-09-25T18:56:00Z,109714.03
1758826620000,2025-09-25T18:57:00Z,109760.0
1758826680000,2025-09-25T18:58:00Z,109801.77
1758826740000,2025-09-25T18:59:00Z,109760.2
1758826800000,2025-09-25T19:00:00Z,109863.8
1758826860000,2025-09-25T19:01:00Z,109836.1
1758826920000,2025-09-25T19:02:00Z,109835.22
1758826980000,2025-09-25T19:03:00Z,109825.92
1758827040000,2025-09-25T19:04:00Z,109843.93
1758827100000,2025-09-25T19:05:00Z,109866.65
1758827160000,2025-09-25T19:06:00Z,109800.0
1758827220000,2025-09-25T19:07:00Z,109766.76
1758827280000,2025-09-25T19:08:00Z,109781.67
1758827340000,2025-09-25T19:09:00Z,109805.92
1758827400000,2025-09-25T19:10:00Z,109741.75
1758827460000,2025-09-25T19:11:00Z,109699.7
1758827520000,2025-09-25T19:12:00Z,109644.53
1758827580000,2025-09-25T19:13:00Z,109681.01
1758827640000,2025-09-25T19:14:00Z,109674.2
1758827700000,2025-09-25T19:15:00Z,109711.47
1758827760000,2025-09-25T19:16:00Z,109705.66
1758827820000,2025-09-25T19:17:00Z,109740.94
1758827880000,2025-09-25T19:18:00Z,109802.13
1758827940000,2025-09-25T19:19:00Z,109858.99
1758828000000,2025-09-25T19:20:00Z,109930.0
1758828060000,2025-09-25T19:21:00Z,109907.92
1758828120000,2025-09-25T19:22:00Z,109973.4
1758828180000,2025-09-25T19:23:00Z,109915.24
1758828240000,2025-09-25T19:24:00Z,109870.0
1758828300000,2025-09-25T19:25:00Z,109868.99
1758828360000,2025-09-25T19:26:00Z,109821.76
1758828420000,2025-09-25T19:27:00Z,109740.0
1758828480000,2025-09-25T19:28:00Z,109805.9
1758828540000,2025-09-25T19:29:00Z,109819.34
1758828600000,2025-09-25T19:30:00Z,109879.22
1758828660000,2025-09-25T19:31:00Z,109824.78
1758828720000,2025-09-25T19:32:00Z,109695.38
1758828780000,2025-09-25T19:33:00Z,109648.46
1758828840000,2025-09-25T19:34:00Z,109600.01
1758828900000,2025-09-25T19:35:00Z,109648.45
1758828960000,2025-09-25T19:36:00Z,109650.01
1758829020000,2025-09-25T19:37:00Z,109569.31
1758829080000,2025-09-25T19:38:00Z,109609.19
1758829140000,2025-09-25T19:39:00Z,109606.02
1758829200000,2025-09-25T19:40:00Z,109540.13
1758829260000,2025-09-25T19:41:00Z,109500.01
1758829320000,2025-09-25T19:42:00Z,109536.46
1758829380000,2025-09-25T19:43:00Z,109547.0
1758829440000,2025-09-25T19:44:00Z,109549.37
1758829500000,2025-09-25T19:45:00Z,109500.01
1758829560000,2025-09-25T19:46:00Z,109463.8
1758829620000,2025-09-25T19:47:00Z,109492.62
1758829680000,2025-09-25T19:48:00Z,109460.51
1758829740000,2025-09-25T19:49:00Z,109463.95
1758829800000,2025-09-25T19:50:00Z,109452.46
1758829860000,2025-09-25T19:51:00Z,109353.34
1758829920000,2025-09-25T19:52:00Z,109370.82
1758829980000,2025-09-25T19:53:00Z,109381.05
1758830040000,2025-09-25T19:54:00Z,109425.0
1758830100000,2025-09-25T19:55:00Z,109495.14
1758830160000,2025-09-25T19:56:00Z,109436.46
1758830220000,2025-09-25T19:57:00Z,109388.66
1758830280000,2025-09-25T19:58:00Z,109354.58
1758830340000,2025-09-25T19:59:00Z,109360.0
1758830400000,2025-09-25T20:00:00Z,109404.54
1758830460000,2025-09-25T20:01:00Z,109472.32
1758830520000,2025-09-25T20:02:00Z,109405.64
1758830580000,2025-09-25T20:03:00Z,109449.24
1758830640000,2025-09-25T20:04:00Z,109436.3
1758830700000,2025-09-25T20:05:00Z,109423.7
1758830760000,2025-09-25T20:06:00Z,109305.09
1758830820000,2025-09-25T20:07:00Z,109311.77
1758830880000,2025-09-25T20:08:00Z,109288.86
1758830940000,2025-09-25T20:09:00Z,109286.03
1758831000000,2025-09-25T20:10:00Z,109299.6
1758831060000,2025-09-25T20:11:00Z,109269.84
1758831120000,2025-09-25T20:12:00Z,109218.55
1758831180000,2025-09-25T20:13:00Z,109200.05
1758831240000,2025-09-25T20:14:00Z,109245.15
1758831300000,2025-09-25T20:15:00Z,109244.05
1758831360000,2025-09-25T20:16:00Z,109236.0
1758831420000,2025-09-25T20:17:00Z,109239.57
1758831480000,2025-09-25T20:18:00Z,109284.39
1758831540000,2025-09-25T20:19:00Z,109352.55
1758831600000,2025-09-25T20:20:00Z,109388.97
1758831660000,2025-09-25T20:21:00Z,109418.74
1758831720000,2025-09-25T20:22:00Z,109364.0
1758831780000,2025-09-25T20:23:00Z,109341.62
1758831840000,2025-09-25T20:24:00Z,109316.03
1758831900000,2025-09-25T20:25:00Z,109319.38
1758831960000,2025-09-25T20:26:00Z,109319.4
1758832020000,2025-09-25T20:27:00Z,109342.72
1758832080000,2025-09-25T20:28:00Z,109361.73
1758832140000,2025-09-25T20:29:00Z,109357.92
1758832200000,2025-09-25T20:30:00Z,109322.65
1758832260000,2025-09-25T20:31:00Z,109363.36
1758832320000,2025-09-25T20:32:00Z,109331.35
1758832380000,2025-09-25T20:33:00Z,109339.5
1758832440000,2025-09-25T20:34:00Z,109275.28
1758832500000,2025-09-25T20:35:00Z,109340.0
1758832560000,2025-09-25T20:36:00Z,109310.24
1758832620000,2025-09-25T20:37:00Z,109269.83
1758832680000,2025-09-25T20:38:00Z,109128.01
1758832740000,2025-09-25T20:39:00Z,109118.62
1758832800000,2025-09-25T20:40:00Z,109112.52
1758832860000,2025-09-25T20:41:00Z,109138.9
1758832920000,2025-09-25T20:42:00Z,109169.88
1758832980000,2025-09-25T20:43:00Z,109211.45
1758833040000,2025-09-25T20:44:00Z,109205.32
1758833100000,2025-09-25T20:45:00Z,109217.91
1758833160000,2025-09-25T20:46:00Z,109287.98
1758833220000,2025-09-25T20:47:00Z,109244.37
1758833280000,2025-09-25T20:48:00Z,109217.92
1758833340000,2025-09-25T20:49:00Z,109140.01
1758833400000,2025-09-25T20:50:00Z,109126.82
1758833460000,2025-09-25T20:51:00Z,109090.71
1758833520000,2025-09-25T20:52:00Z,109062.39
1758833580000,2025-09-25T20:53:00Z,109139.64
1758833640000,2025-09-25T20:54:00Z,109144.81
1758833700000,2025-09-25T20:55:00Z,109151.33
1758833760000,2025-09-25T20:56:00Z,109130.41
1758833820000,2025-09-25T20:57:00Z,109095.0
1758833880000,2025-09-25T20:58:00Z,109098.42
1758833940000,2025-09-25T20:59:00Z,109163.44
1758834000000,2025-09-25T21:00:00Z,109229.55
1758834060000,2025-09-25T21:01:00Z,109256.73
1758834120000,2025-09-25T21:02:00Z,109222.44
1758834180000,2025-09-25T21:03:00Z,109172.15
1758834240000,2025-09-25T21:04:00Z,109210.42
1758834300000,2025-09-25T21:05:00Z,109238.68
1758834360000,2025-09-25T21:06:00Z,109333.84
1758834420000,2025-09-25T21:07:00Z,109458.19
1758834480000,2025-09-25T21:08:00Z,109547.74
1758834540000,2025-09-25T21:09:00Z,109630.19
1758834600000,2025-09-25T21:10:00Z,109637.78
1758834660000,2025-09-25T21:11:00Z,109566.44
1758834720000,2025-09-25T21:12:00Z,109458.85
1758834780000,2025-09-25T21:13:00Z,109493.4
1758834840000,2025-09-25T21:14:00Z,109463.21
1758834900000,2025-09-25T21:15:00Z,109475.98
1758834960000,2025-09-25T21:16:00Z,109537.21
1758835020000,2025-09-25T21:17:00Z,109463.05
1758835080000,2025-09-25T21:18:00Z,109407.19
1758835140000,2025-09-25T21:19:00Z,109478.36
1758835200000,2025-09-25T21:20:00Z,109537.55
1758835260000,2025-09-25T21:21:00Z,109568.45
1758835320000,2025-09-25T21:22:00Z,109588.99
1758835380000,2025-09-25T21:23:00Z,109556.86
1758835440000,2025-09-25T21:24:00Z,109494.05
1758835500000,2025-09-25T21:25:00Z,109458.96
1758835560000,2025-09-25T21:26:00Z,109360.01
1758835620000,2025-09-25T21:27:00Z,109312.26
1758835680000,2025-09-25T21:28:00Z,109367.6
1758835740000,2025-09-25T21:29:00Z,109318.83
1758835800000,2025-09-25T21:30:00Z,109314.62
1758835860000,2025-09-25T21:31:00Z,109230.77
1758835920000,2025-09-25T21:32:00Z,109126.16
1758835980000,2025-09-25T21:33:00Z,109128.0
1758836040000,2025-09-25T21:34:00Z,109176.06
1758836100000,2025-09-25T21:35:00Z,109100.01
1758836160000,2025-09-25T21:36:00Z,109128.02
1758836220000,2025-09-25T21:37:00Z,109113.13
1758836280000,2025-09-25T21:38:00Z,109133.69
1758836340000,2025-09-25T21:39:00Z,109090.83
1758836400000,2025-09-25T21:40:00Z,109084.99
1758836460000,2025-09-25T21:41:00Z,109090.82
1758836520000,2025-09-25T21:42:00Z,109103.99
1758836580000,2025-09-25T21:43:00Z,109126.05
1758836640000,2025-09-25T21:44:00Z,109166.6
1758836700000,2025-09-25T21:45:00Z,109234.68
1758836760000,2025-09-25T21:46:00Z,109293.79
1758836820000,2025-09-25T21:47:00Z,109301.93
1758836880000,2025-09-25T21:48:00Z,109334.38
1758836940000,2025-09-25T21:49:00Z,109360.91
1758837000000,2025-09-25T21:50:00Z,109379.84
1758837060000,2025-09-25T21:51:00Z,109379.85
1758837120000,2025-09-25T21:52:00Z,109376.23
1758837180000,2025-09-25T21:53:00Z,109360.35
1758837240000,2025-09-25T21:54:00Z,109387.99
1758837300000,2025-09-25T21:55:00Z,109397.15
1758837360000,2025-09-25T21:56:00Z,109476.7
1758837420000,2025-09-25T21:57:00Z,109469.89
1758837480000,2025-09-25T21:58:00Z,109376.22
1758837540000,2025-09-25T21:59:00Z,109420.0
1758837600000,2025-09-25T22:00:00Z,109409.13
1758837660000,2025-09-25T22:01:00Z,109524.0
1758837720000,2025-09-25T22:02:00Z,109463.36
1758837780000,2025-09-25T22:03:00Z,109381.78
1758837840000,2025-09-25T22:04:00Z,109381.05
1758837900000,2025-09-25T22:05:00Z,109334.26
1758837960000,2025-09-25T22:06:00Z,109312.34
1758838020000,2025-09-25T22:07:00Z,109375.11
1758838080000,2025-09-25T22:08:00Z,109396.38
1758838140000,2025-09-25T22:09:00Z,109482.61
1758838200000,2025-09-25T22:10:00Z,109468.19
1758838260000,2025-09-25T22:11:00Z,109524.0
1758838320000,2025-09-25T22:12:00Z,109513.15
1758838380000,2025-09-25T22:13:00Z,109516.87
1758838440000,2025-09-25T22:14:00Z,109530.19
1758838500000,2025-09-25T22:15:00Z,109547.0
1758838560000,2025-09-25T22:16:00Z,109547.01
1758838620000,2025-09-25T22:17:00Z,109547.01
1758838680000,2025-09-25T22:18:00Z,109485.26
1758838740000,2025-09-25T22:19:00Z,109464.0
1758838800000,2025-09-25T22:20:00Z,109507.49
1758838860000,2025-09-25T22:21:00Z,109541.03
1758838920000,2025-09-25T22:22:00Z,109545.23
1758838980000,2025-09-25T22:23:00Z,109545.21
1758839040000,2025-09-25T22:24:00Z,109554.99
1758839100000,2025-09-25T22:25:00Z,109558.29
1758839160000,2025-09-25T22:26:00Z,109545.23
1758839220000,2025-09-25T22:27:00Z,109450.3
1758839280000,2025-09-25T22:28:00Z,109474.59
1758839340000,2025-09-25T22:29:00Z,109480.55
1758839400000,2025-09-25T22:30:00Z,109475.93
1758839460000,2025-09-25T22:31:00Z,109445.25
1758839520000,2025-09-25T22:32:00Z,109420.37
1758839580000,2025-09-25T22:33:00Z,109400.33
1758839640000,2025-09-25T22:34:00Z,109400.01
1758839700000,2025-09-25T22:35:00Z,109441.32
1758839760000,2025-09-25T22:36:00Z,109482.61
1758839820000,2025-09-25T22:37:00Z,109388.0
1758839880000,2025-09-25T22:38:00Z,109366.34
1758839940000,2025-09-25T22:39:00Z,109336.01
1758840000000,2025-09-25T22:40:00Z,109415.67
1758840060000,2025-09-25T22:41:00Z,109416.0
1758840120000,2025-09-25T22:42:00Z,109427.34
1758840180000,2025-09-25T22:43:00Z,109427.34
1758840240000,2025-09-25T22:44:00Z,109438.29
1758840300000,2025-09-25T22:45:00Z,109312.57
1758840360000,2025-09-25T22:46:00Z,109322.18
1758840420000,2025-09-25T22:47:00Z,109290.99
1758840480000,2025-09-25T22:48:00Z,109340.26
1758840540000,2025-09-25T22:49:00Z,109325.11
1758840600000,2025-09-25T22:50:00Z,109292.18
1758840660000,2025-09-25T22:51:00Z,109306.26
1758840720000,2025-09-25T22:52:00Z,109317.23
1758840780000,2025-09-25T22:53:00Z,109311.07
1758840840000,2025-09-25T22:54:00Z,109286.24
1758840900000,2025-09-25T22:55:00Z,109313.42
1758840960000,2025-09-25T22:56:00Z,109350.92
1758841020000,2025-09-25T22:57:00Z,109400.01
1758841080000,2025-09-25T22:58:00Z,109432.84
1758841140000,2025-09-25T22:59:00Z,109419.97
1758841200000,2025-09-25T23:00:00Z,109424.0
1758841260000,2025-09-25T23:01:00Z,109446.1
1758841320000,2025-09-25T23:02:00Z,109473.82
1758841380000,2025-09-25T23:03:00Z,109644.5
1758841440000,2025-09-25T23:04:00Z,109651.81
1758841500000,2025-09-25T23:05:00Z,109628.34
1758841560000,2025-09-25T23:06:00Z,109632.07
1758841620000,2025-09-25T23:07:00Z,109645.69
1758841680000,2025-09-25T23:08:00Z,109608.01
1758841740000,2025-09-25T23:09:00Z,109682.67
1758841800000,2025-09-25T23:10:00Z,109617.55
1758841860000,2025-09-25T23:11:00Z,109632.08
1758841920000,2025-09-25T23:12:00Z,109613.53
1758841980000,2025-09-25T23:13:00Z,109529.07
1758842040000,2025-09-25T23:14:00Z,109487.26
1758842100000,2025-09-25T23:15:00Z,109534.84
1758842160000,2025-09-25T23:16:00Z,109522.14
1758842220000,2025-09-25T23:17:00Z,109482.61
1758842280000,2025-09-25T23:18:00Z,109457.46
1758842340000,2025-09-25T23:19:00Z,109428.51
1758842400000,2025-09-25T23:20:00Z,109419.78
1758842460000,2025-09-25T23:21:00Z,109444.19
1758842520000,2025-09-25T23:22:00Z,109442.07
1758842580000,2025-09-25T23:23:00Z,109443.09
1758842640000,2025-09-25T23:24:00Z,109438.12
1758842700000,2025-09-25T23:25:00Z,109415.81
1758842760000,2025-09-25T23:26:00Z,109307.63
1758842820000,2025-09-25T23:27:00Z,109353.96
1758842880000,2025-09-25T23:28:00Z,109419.42
1758842940000,2025-09-25T23:29:00Z,109447.34
1758843000000,2025-09-25T23:30:00Z,109359.04
1758843060000,2025-09-25T23:31:00Z,109354.49
1758843120000,2025-09-25T23:32:00Z,109276.2
1758843180000,2025-09-25T23:33:00Z,109217.38
1758843240000,2025-09-25T23:34:00Z,109132.99
1758843300000,2025-09-25T23:35:00Z,109148.46
1758843360000,2025-09-25T23:36:00Z,108818.91
1758843420000,2025-09-25T23:37:00Z,109036.22
1758843480000,2025-09-25T23:38:00Z,108971.38
1758843540000,2025-09-25T23:39:00Z,108976.0
1758843600000,2025-09-25T23:40:00Z,109035.34
1758843660000,2025-09-25T23:41:00Z,109037.23
1758843720000,2025-09-25T23:42:00Z,109067.88
1758843780000,2025-09-25T23:43:00Z,109038.06
1758843840000,2025-09-25T23:44:00Z,109083.17
1758843900000,2025-09-25T23:45:00Z,109052.43
1758843960000,2025-09-25T23:46:00Z,109036.64
1758844020000,2025-09-25T23:47:00Z,109022.82
1758844080000,2025-09-25T23:48:00Z,109012.01
1758844140000,2025-09-25T23:49:00Z,108962.14
1758844200000,2025-09-25T23:50:00Z,108932.16
1758844260000,2025-09-25T23:51:00Z,108932.55
1758844320000,2025-09-25T23:52:00Z,108966.18
1758844380000,2025-09-25T23:53:00Z,108940.69
1758844440000,2025-09-25T23:54:00Z,108944.01
1758844500000,2025-09-25T23:55:00Z,108928.71
1758844560000,2025-09-25T23:56:00Z,108996.55
1758844620000,2025-09-25T23:57:00Z,109000.01
1758844680000,2025-09-25T23:58:00Z,108999.97
1758844740000,2025-09-25T23:59:00Z,108994.49
1758844800000,2025-09-26T00:00:00Z,108968.82
1758844860000,2025-09-26T00:01:00Z,108990.35
1758844920000,2025-09-26T00:02:00Z,109132.91
1758844980000,2025-09-26T00:03:00Z,109172.0
1758845040000,2025-09-26T00:04:00Z,109148.72
1758845100000,2025-09-26T00:05:00Z,109165.31
1758845160000,2025-09-26T00:06:00Z,109211.21
1758845220000,2025-09-26T00:07:00Z,109247.24
1758845280000,2025-09-26T00:08:00Z,109299.99
1758845340000,2025-09-26T00:09:00Z,109221.91
1758845400000,2025-09-26T00:10:00Z,109274.82
1758845460000,2025-09-26T00:11:00Z,109302.4
1758845520000,2025-09-26T00:12:00Z,109299.02
1758845580000,2025-09-26T00:13:00Z,109306.5
1758845640000,2025-09-26T00:14:00Z,109301.01
1758845700000,2025-09-26T00:15:00Z,109319.08
1758845760000,2025-09-26T00:16:00Z,109233.77
1758845820000,2025-09-26T00:17:00Z,109268.0
1758845880000,2025-09-26T00:18:00Z,109291.49
1758845940000,2025-09-26T00:19:00Z,109260.87
1758846000000,2025-09-26T00:20:00Z,109379.63
1758846060000,2025-09-26T00:21:00Z,109296.81
1758846120000,2025-09-26T00:22:00Z,109248.71
1758846180000,2025-09-26T00:23:00Z,109236.81
1758846240000,2025-09-26T00:24:00Z,109269.84
1758846300000,2025-09-26T00:25:00Z,109228.12
1758846360000,2025-09-26T00:26:00Z,109265.44
1758846420000,2025-09-26T00:27:00Z,109269.16
1758846480000,2025-09-26T00:28:00Z,109355.73
1758846540000,2025-09-26T00:29:00Z,109300.0
1758846600000,2025-09-26T00:30:00Z,109232.24
1758846660000,2025-09-26T00:31:00Z,109207.0
1758846720000,2025-09-26T00:32:00Z,109126.81
1758846780000,2025-09-26T00:33:00Z,109099.98
1758846840000,2025-09-26T00:34:00Z,109096.31
1758846900000,2025-09-26T00:35:00Z,109086.24
1758846960000,2025-09-26T00:36:00Z,109209.98
1758847020000,2025-09-26T00:37:00Z,109100.02
1758847080000,2025-09-26T00:38:00Z,109076.88
1758847140000,2025-09-26T00:39:00Z,109141.98
1758847200000,2025-09-26T00:40:00Z,109075.36
1758847260000,2025-09-26T00:41:00Z,109093.51
1758847320000,2025-09-26T00:42:00Z,108937.19
1758847380000,2025-09-26T00:43:00Z,108894.17
1758847440000,2025-09-26T00:44:00Z,108809.25
1758847500000,2025-09-26T00:45:00Z,108926.33
1758847560000,2025-09-26T00:46:00Z,108934.33
1758847620000,2025-09-26T00:47:00Z,108872.01
1758847680000,2025-09-26T00:48:00Z,108937.14
1758847740000,2025-09-26T00:49:00Z,108982.77
1758847800000,2025-09-26T00:50:00Z,109068.32
1758847860000,2025-09-26T00:51:00Z,109372.9
1758847920000,2025-09-26T00:52:00Z,109435.12
1758847980000,2025-09-26T00:53:00Z,109412.02
1758848040000,2025-09-26T00:54:00Z,109482.61
1758848100000,2025-09-26T00:55:00Z,109549.99
1758848160000,2025-09-26T00:56:00Z,109523.3
1758848220000,2025-09-26T00:57:00Z,109525.9
1758848280000,2025-09-26T00:58:00Z,109448.06
1758848340000,2025-09-26T00:59:00Z,109472.13
1758848400000,2025-09-26T01:00:00Z,109531.76
1758848460000,2025-09-26T01:01:00Z,109527.88
1758848520000,2025-09-26T01:02:00Z,109420.76
1758848580000,2025-09-26T01:03:00Z,109472.41
1758848640000,2025-09-26T01:04:00Z,109457.9
1758848700000,2025-09-26T01:05:00Z,109520.0
1758848760000,2025-09-26T01:06:00Z,109454.97
1758848820000,2025-09-26T01:07:00Z,109360.01
1758848880000,2025-09-26T01:08:00Z,109365.62
1758848940000,2025-09-26T01:09:00Z,109361.37
1758849000000,2025-09-26T01:10:00Z,109394.73
1758849060000,2025-09-26T01:11:00Z,109358.79
1758849120000,2025-09-26T01:12:00Z,109451.74
1758849180000,2025-09-26T01:13:00Z,109576.39
1758849240000,2025-09-26T01:14:00Z,109639.13
1758849300000,2025-09-26T01:15:00Z,109668.01
1758849360000,2025-09-26T01:16:00Z,109674.07
1758849420000,2025-09-26T01:17:00Z,109730.07
1758849480000,2025-09-26T01:18:00Z,109715.75
1758849540000,2025-09-26T01:19:00Z,109730.15
1758849600000,2025-09-26T01:20:00Z,109714.86
1758849660000,2025-09-26T01:21:00Z,109693.05
1758849720000,2025-09-26T01:22:00Z,109661.23
1758849780000,2025-09-26T01:23:00Z,109610.5
1758849840000,2025-09-26T01:24:00Z,109638.79
1758849900000,2025-09-26T01:25:00Z,109612.55
1758849960000,2025-09-26T01:26:00Z,109605.2
1758850020000,2025-09-26T01:27:00Z,109599.01
1758850080000,2025-09-26T01:28:00Z,109627.4
1758850140000,2025-09-26T01:29:00Z,109560.01
1758850200000,2025-09-26T01:30:00Z,109593.49
1758850260000,2025-09-26T01:31:00Z,109637.32
1758850320000,2025-09-26T01:32:00Z,109655.0
1758850380000,2025-09-26T01:33:00Z,109648.15
1758850440000,2025-09-26T01:34:00Z,109602.58
1758850500000,2025-09-26T01:35:00Z,109673.78
1758850560000,2025-09-26T01:36:00Z,109667.88
1758850620000,2025-09-26T01:37:00Z,109649.59
1758850680000,2025-09-26T01:38:00Z,109587.25
1758850740000,2025-09-26T01:39:00Z,109579.19
1758850800000,2025-09-26T01:40:00Z,109589.0
1758850860000,2025-09-26T01:41:00Z,109578.27
1758850920000,2025-09-26T01:42:00Z,109582.86
1758850980000,2025-09-26T01:43:00Z,109627.4
1758851040000,2025-09-26T01:44:00Z,109649.99
1758851100000,2025-09-26T01:45:00Z,109658.68
1758851160000,2025-09-26T01:46:00Z,109719.26
1758851220000,2025-09-26T01:47:00Z,109762.59
1758851280000,2025-09-26T01:48:00Z,109735.51
1758851340000,2025-09-26T01:49:00Z,109647.66
1758851400000,2025-09-26T01:50:00Z,109648.22
1758851460000,2025-09-26T01:51:00Z,109642.18
1758851520000,2025-09-26T01:52:00Z,109647.79
1758851580000,2025-09-26T01:53:00Z,109664.89
1758851640000,2025-09-26T01:54:00Z,109653.17
1758851700000,2025-09-26T01:55:00Z,109593.48
1758851760000,2025-09-26T01:56:00Z,109618.96
1758851820000,2025-09-26T01:57:00Z,109663.0
1758851880000,2025-09-26T01:58:00Z,109649.54
1758851940000,2025-09-26T01:59:00Z,109680.4
1758852000000,2025-09-26T02:00:00Z,109678.29
1758852060000,2025-09-26T02:01:00Z,109695.39
1758852120000,2025-09-26T02:02:00Z,109761.72
1758852180000,2025-09-26T02:03:00Z,109767.63
1758852240000,2025-09-26T02:04:00Z,109796.58
1758852300000,2025-09-26T02:05:00Z,109788.31
1758852360000,2025-09-26T02:06:00Z,109742.37
1758852420000,2025-09-26T02:07:00Z,109717.93
1758852480000,2025-09-26T02:08:00Z,109645.18
1758852540000,2025-09-26T02:09:00Z,109676.01
1758852600000,2025-09-26T02:10:00Z,109588.99
1758852660000,2025-09-26T02:11:00Z,109583.52
1758852720000,2025-09-26T02:12:00Z,109606.53
1758852780000,2025-09-26T02:13:00Z,109679.99
1758852840000,2025-09-26T02:14:00Z,109658.14
1758852900000,2025-09-26T02:15:00Z,109712.0
1758852960000,2025-09-26T02:16:00Z,109732.61
1758853020000,2025-09-26T02:17:00Z,109754.23
1758853080000,2025-09-26T02:18:00Z,109753.68
1758853140000,2025-09-26T02:19:00Z,109708.69
1758853200000,2025-09-26T02:20:00Z,109685.19
1758853260000,2025-09-26T02:21:00Z,109762.07
1758853320000,2025-09-26T02:22:00Z,109670.24
1758853380000,2025-09-26T02:23:00Z,109626.76
1758853440000,2025-09-26T02:24:00Z,109593.48
1758853500000,2025-09-26T02:25:00Z,109567.09
1758853560000,2025-09-26T02:26:00Z,109567.1
1758853620000,2025-09-26T02:27:00Z,109589.0
1758853680000,2025-09-26T02:28:00Z,109579.91
1758853740000,2025-09-26T02:29:00Z,109568.35
1758853800000,2025-09-26T02:30:00Z,109487.27
1758853860000,2025-09-26T02:31:00Z,109522.95
1758853920000,2025-09-26T02:32:00Z,109566.16
1758853980000,2025-09-26T02:33:00Z,109642.28
1758854040000,2025-09-26T02:34:00Z,109613.67
1758854100000,2025-09-26T02:35:00Z,109622.8
1758854160000,2025-09-26T02:36:00Z,109650.0
1758854220000,2025-09-26T02:37:00Z,109634.27
1758854280000,2025-09-26T02:38:00Z,109625.41
1758854340000,2025-09-26T02:39:00Z,109600.01
1758854400000,2025-09-26T02:40:00Z,109567.35
1758854460000,2025-09-26T02:41:00Z,109572.64
1758854520000,2025-09-26T02:42:00Z,109567.63
1758854580000,2025-09-26T02:43:00Z,109620.0
1758854640000,2025-09-26T02:44:00Z,109620.0
1758854700000,2025-09-26T02:45:00Z,109631.44
1758854760000,2025-09-26T02:46:00Z,109612.29
1758854820000,2025-09-26T02:47:00Z,109692.96
1758854880000,2025-09-26T02:48:00Z,109692.91
1758854940000,2025-09-26T02:49:00Z,109722.9
1758855000000,2025-09-26T02:50:00Z,109749.22
1758855060000,2025-09-26T02:51:00Z,109680.06
1758855120000,2025-09-26T02:52:00Z,109608.56
1758855180000,2025-09-26T02:53:00Z,109630.56
1758855240000,2025-09-26T02:54:00Z,109607.88
1758855300000,2025-09-26T02:55:00Z,109620.01
1758855360000,2025-09-26T02:56:00Z,109595.04
1758855420000,2025-09-26T02:57:00Z,109605.33
1758855480000,2025-09-26T02:58:00Z,109605.33
1758855540000,2025-09-26T02:59:00Z,109621.7
1758855600000,2025-09-26T03:00:00Z,109605.33
1758855660000,2025-09-26T03:01:00Z,109560.59
1758855720000,2025-09-26T03:02:00Z,109529.04
1758855780000,2025-09-26T03:03:00Z,109509.56
1758855840000,2025-09-26T03:04:00Z,109551.68
1758855900000,2025-09-26T03:05:00Z,109547.9
1758855960000,2025-09-26T03:06:00Z,109474.78
1758856020000,2025-09-26T03:07:00Z,109390.61
1758856080000,2025-09-26T03:08:00Z,109409.59
1758856140000,2025-09-26T03:09:00Z,109409.6
1758856200000,2025-09-26T03:10:00Z,109475.59
1758856260000,2025-09-26T03:11:00Z,109475.59
1758856320000,2025-09-26T03:12:00Z,109510.95
1758856380000,2025-09-26T03:13:00Z,109520.0
1758856440000,2025-09-26T03:14:00Z,109528.97
1758856500000,2025-09-26T03:15:00Z,109542.69
1758856560000,2025-09-26T03:16:00Z,109569.8
1758856620000,2025-09-26T03:17:00Z,109592.86
1758856680000,2025-09-26T03:18:00Z,109449.51
1758856740000,2025-09-26T03:19:00Z,109466.63
1758856800000,2025-09-26T03:20:00Z,109472.08
1758856860000,2025-09-26T03:21:00Z,109493.69
1758856920000,2025-09-26T03:22:00Z,109515.99
1758856980000,2025-09-26T03:23:00Z,109442.48
1758857040000,2025-09-26T03:24:00Z,109405.6
1758857100000,2025-09-26T03:25:00Z,109392.01
1758857160000,2025-09-26T03:26:00Z,109415.34
1758857220000,2025-09-26T03:27:00Z,109404.54
1758857280000,2025-09-26T03:28:00Z,109344.01
1758857340000,2025-09-26T03:29:00Z,109344.01
1758857400000,2025-09-26T03:30:00Z,109357.8
1758857460000,2025-09-26T03:31:00Z,109357.79
1758857520000,2025-09-26T03:32:00Z,109324.01
1758857580000,2025-09-26T03:33:00Z,109347.7
1758857640000,2025-09-26T03:34:00Z,109339.99
1758857700000,2025-09-26T03:35:00Z,109340.66
1758857760000,2025-09-26T03:36:00Z,109323.76
1758857820000,2025-09-26T03:37:00Z,109305.57
1758857880000,2025-09-26T03:38:00Z,109304.62
1758857940000,2025-09-26T03:39:00Z,109352.04
1758858000000,2025-09-26T03:40:00Z,109351.76
1758858060000,2025-09-26T03:41:00Z,109371.7
1758858120000,2025-09-26T03:42:00Z,109371.71
1758858180000,2025-09-26T03:43:00Z,109406.79
1758858240000,2025-09-26T03:44:00Z,109416.72
1758858300000,2025-09-26T03:45:00Z,109409.4
1758858360000,2025-09-26T03:46:00Z,109400.0
1758858420000,2025-09-26T03:47:00Z,109374.29
1758858480000,2025-09-26T03:48:00Z,109348.46
1758858540000,2025-09-26T03:49:00Z,109356.59
1758858600000,2025-09-26T03:50:00Z,109471.43
1758858660000,2025-09-26T03:51:00Z,109471.38
1758858720000,2025-09-26T03:52:00Z,109524.89
1758858780000,2025-09-26T03:53:00Z,109594.57
1758858840000,2025-09-26T03:54:00Z,109589.0
1758858900000,2025-09-26T03:55:00Z,109588.99
1758858960000,2025-09-26T03:56:00Z,109597.71
1758859020000,2025-09-26T03:57:00Z,109580.28
1758859080000,2025-09-26T03:58:00Z,109589.35
1758859140000,2025-09-26T03:59:00Z,109580.01
1758859200000,2025-09-26T04:00:00Z,109545.88
1758859260000,2025-09-26T04:01:00Z,109571.81
1758859320000,2025-09-26T04:02:00Z,109571.74
1758859380000,2025-09-26T04:03:00Z,109597.71
1758859440000,2025-09-26T04:04:00Z,109546.28
1758859500000,2025-09-26T04:05:00Z,109552.88
1758859560000,2025-09-26T04:06:00Z,109449.43
1758859620000,2025-09-26T04:07:00Z,109500.99
1758859680000,2025-09-26T04:08:00Z,109461.26
1758859740000,2025-09-26T04:09:00Z,109519.87
1758859800000,2025-09-26T04:10:00Z,109558.41
1758859860000,2025-09-26T04:11:00Z,109558.41
1758859920000,2025-09-26T04:12:00Z,109520.28
1758859980000,2025-09-26T04:13:00Z,109501.01
1758860040000,2025-09-26T04:14:00Z,109500.0
1758860100000,2025-09-26T04:15:00Z,109424.18
1758860160000,2025-09-26T04:16:00Z,109475.26
1758860220000,2025-09-26T04:17:00Z,109462.34
1758860280000,2025-09-26T04:18:00Z,109487.27
1758860340000,2025-09-26T04:19:00Z,109515.26
1758860400000,2025-09-26T04:20:00Z,109616.33
1758860460000,2025-09-26T04:21:00Z,109567.22
1758860520000,2025-09-26T04:22:00Z,109604.45
1758860580000,2025-09-26T04:23:00Z,109573.39
1758860640000,2025-09-26T04:24:00Z,109551.7
1758860700000,2025-09-26T04:25:00Z,109500.02
1758860760000,2025-09-26T04:26:00Z,109465.32
1758860820000,2025-09-26T04:27:00Z,109440.44
1758860880000,2025-09-26T04:28:00Z,109423.17
1758860940000,2025-09-26T04:29:00Z,109409.12
1758861000000,2025-09-26T04:30:00Z,109361.19
1758861060000,2025-09-26T04:31:00Z,109342.99
1758861120000,2025-09-26T04:32:00Z,109354.94
1758861180000,2025-09-26T04:33:00Z,109323.42
1758861240000,2025-09-26T04:34:00Z,109302.61
1758861300000,2025-09-26T04:35:00Z,109274.82
1758861360000,2025-09-26T04:36:00Z,109276.3
1758861420000,2025-09-26T04:37:00Z,109257.65
1758861480000,2025-09-26T04:38:00Z,109279.99
1758861540000,2025-09-26T04:39:00Z,109264.54
1758861600000,2025-09-26T04:40:00Z,109261.83
1758861660000,2025-09-26T04:41:00Z,109253.86
1758861720000,2025-09-26T04:42:00Z,109269.84
1758861780000,2025-09-26T04:43:00Z,109250.87
1758861840000,2025-09-26T04:44:00Z,109258.5
1758861900000,2025-09-26T04:45:00Z,109250.88
1758861960000,2025-09-26T04:46:00Z,109250.88
1758862020000,2025-09-26T04:47:00Z,109269.84
1758862080000,2025-09-26T04:48:00Z,109283.71
1758862140000,2025-09-26T04:49:00Z,109283.71
1758862200000,2025-09-26T04:50:00Z,109336.0
1758862260000,2025-09-26T04:51:00Z,109376.23
1758862320000,2025-09-26T04:52:00Z,109355.0
1758862380000,2025-09-26T04:53:00Z,109338.8
1758862440000,2025-09-26T04:54:00Z,109349.78
1758862500000,2025-09-26T04:55:00Z,109349.77
1758862560000,2025-09-26T04:56:00Z,109368.48
1758862620000,2025-09-26T04:57:00Z,109323.39
1758862680000,2025-09-26T04:58:00Z,109323.39
1758862740000,2025-09-26T04:59:00Z,109338.01
1758862800000,2025-09-26T05:00:00Z,109338.02
1758862860000,2025-09-26T05:01:00Z,109324.78
1758862920000,2025-09-26T05:02:00Z,109351.44
1758862980000,2025-09-26T05:03:00Z,109406.34
1758863040000,2025-09-26T05:04:00Z,109420.49
1758863100000,2025-09-26T05:05:00Z,109406.43
1758863160000,2025-09-26T05:06:00Z,109406.43
1758863220000,2025-09-26T05:07:00Z,109418.01
1758863280000,2025-09-26T05:08:00Z,109406.42
1758863340000,2025-09-26T05:09:00Z,109421.36
1758863400000,2025-09-26T05:10:00Z,109410.72
1758863460000,2025-09-26T05:11:00Z,109393.0
1758863520000,2025-09-26T05:12:00Z,109380.01
1758863580000,2025-09-26T05:13:00Z,109355.41
1758863640000,2025-09-26T05:14:00Z,109379.54
1758863700000,2025-09-26T05:15:00Z,109448.21
1758863760000,2025-09-26T05:16:00Z,109513.63
1758863820000,2025-09-26T05:17:00Z,109536.33
1758863880000,2025-09-26T05:18:00Z,109552.37
1758863940000,2025-09-26T05:19:00Z,109551.5
1758864000000,2025-09-26T05:20:00Z,109531.07
1758864060000,2025-09-26T05:21:00Z,109539.81
1758864120000,2025-09-26T05:22:00Z,109579.98
1758864180000,2025-09-26T05:23:00Z,109577.86
1758864240000,2025-09-26T05:24:00Z,109577.87
1758864300000,2025-09-26T05:25:00Z,109577.87
1758864360000,2025-09-26T05:26:00Z,109540.9
1758864420000,2025-09-26T05:27:00Z,109513.63
1758864480000,2025-09-26T05:28:00Z,109560.0
1758864540000,2025-09-26T05:29:00Z,109560.0
1758864600000,2025-09-26T05:30:00Z,109508.01
1758864660000,2025-09-26T05:31:00Z,109479.13
1758864720000,2025-09-26T05:32:00Z,109479.12
1758864780000,2025-09-26T05:33:00Z,109453.11
1758864840000,2025-09-26T05:34:00Z,109453.1
1758864900000,2025-09-26T05:35:00Z,109453.11
1758864960000,2025-09-26T05:36:00Z,109381.04
1758865020000,2025-09-26T05:37:00Z,109381.38
1758865080000,2025-09-26T05:38:00Z,109319.55
1758865140000,2025-09-26T05:39:00Z,109335.5
1758865200000,2025-09-26T05:40:00Z,109335.49
1758865260000,2025-09-26T05:41:00Z,109342.79
1758865320000,2025-09-26T05:42:00Z,109335.51
1758865380000,2025-09-26T05:43:00Z,109363.99
1758865440000,2025-09-26T05:44:00Z,109360.52
1758865500000,2025-09-26T05:45:00Z,109321.25
1758865560000,2025-09-26T05:46:00Z,109279.31
1758865620000,2025-09-26T05:47:00Z,109239.99
1758865680000,2025-09-26T05:48:00Z,109173.7
1758865740000,2025-09-26T05:49:00Z,109122.23
1758865800000,2025-09-26T05:50:00Z,109157.41
1758865860000,2025-09-26T05:51:00Z,109126.38
1758865920000,2025-09-26T05:52:00Z,109113.99
1758865980000,2025-09-26T05:53:00Z,109103.06
1758866040000,2025-09-26T05:54:00Z,109189.0
1758866100000,2025-09-26T05:55:00Z,109232.71
1758866160000,2025-09-26T05:56:00Z,109269.84
1758866220000,2025-09-26T05:57:00Z,109255.12
1758866280000,2025-09-26T05:58:00Z,109252.96
1758866340000,2025-09-26T05:59:00Z,109252.79
1758866400000,2025-09-26T06:00:00Z,109252.01
1758866460000,2025-09-26T06:01:00Z,109278.64
1758866520000,2025-09-26T06:02:00Z,109267.55
1758866580000,2025-09-26T06:03:00Z,109232.05
1758866640000,2025-09-26T06:04:00Z,109232.05
1758866700000,2025-09-26T06:05:00Z,109244.03
1758866760000,2025-09-26T06:06:00Z,109269.84
1758866820000,2025-09-26T06:07:00Z,109213.86
1758866880000,2025-09-26T06:08:00Z,109191.2
1758866940000,2025-09-26T06:09:00Z,109168.6
1758867000000,2025-09-26T06:10:00Z,109115.84
1758867060000,2025-09-26T06:11:00Z,109077.95
1758867120000,2025-09-26T06:12:00Z,109033.76
1758867180000,2025-09-26T06:13:00Z,109150.35
1758867240000,2025-09-26T06:14:00Z,109276.61
1758867300000,2025-09-26T06:15:00Z,109313.16
1758867360000,2025-09-26T06:16:00Z,109418.35
1758867420000,2025-09-26T06:17:00Z,109479.68
1758867480000,2025-09-26T06:18:00Z,109480.01
1758867540000,2025-09-26T06:19:00Z,109495.54
1758867600000,2025-09-26T06:20:00Z,109548.65
1758867660000,2025-09-26T06:21:00Z,109581.71
1758867720000,2025-09-26T06:22:00Z,109512.03
1758867780000,2025-09-26T06:23:00Z,109482.62
1758867840000,2025-09-26T06:24:00Z,109522.57
1758867900000,2025-09-26T06:25:00Z,109549.13
1758867960000,2025-09-26T06:26:00Z,109554.14
1758868020000,2025-09-26T06:27:00Z,109577.08
1758868080000,2025-09-26T06:28:00Z,109577.07
1758868140000,2025-09-26T06:29:00Z,109482.62
1758868200000,2025-09-26T06:30:00Z,109450.25
1758868260000,2025-09-26T06:31:00Z,109441.39
1758868320000,2025-09-26T06:32:00Z,109447.71
1758868380000,2025-09-26T06:33:00Z,109433.6
1758868440000,2025-09-26T06:34:00Z,109427.97
1758868500000,2025-09-26T06:35:00Z,109461.89
1758868560000,2025-09-26T06:36:00Z,109488.06
1758868620000,2025-09-26T06:37:00Z,109556.14
1758868680000,2025-09-26T06:38:00Z,109577.06
1758868740000,2025-09-26T06:39:00Z,109520.0
1758868800000,2025-09-26T06:40:00Z,109463.56
1758868860000,2025-09-26T06:41:00Z,109572.48
1758868920000,2025-09-26T06:42:00Z,109607.57
1758868980000,2025-09-26T06:43:00Z,109589.0
1758869040000,2025-09-26T06:44:00Z,109560.02
1758869100000,2025-09-26T06:45:00Z,109476.01
1758869160000,2025-09-26T06:46:00Z,109443.7
1758869220000,2025-09-26T06:47:00Z,109493.19
1758869280000,2025-09-26T06:48:00Z,109432.88
1758869340000,2025-09-26T06:49:00Z,109456.0
1758869400000,2025-09-26T06:50:00Z,109491.61
1758869460000,2025-09-26T06:51:00Z,109473.82
1758869520000,2025-09-26T06:52:00Z,109416.55
1758869580000,2025-09-26T06:53:00Z,109348.01
1758869640000,2025-09-26T06:54:00Z,109363.99
1758869700000,2025-09-26T06:55:00Z,109384.79
1758869760000,2025-09-26T06:56:00Z,109368.74
1758869820000,2025-09-26T06:57:00Z,109309.14
1758869880000,2025-09-26T06:58:00Z,109319.99
1758869940000,2025-09-26T06:59:00Z,109360.0
1758870000000,2025-09-26T07:00:00Z,109415.79
1758870060000,2025-09-26T07:01:00Z,109411.51
1758870120000,2025-09-26T07:02:00Z,109445.67
1758870180000,2025-09-26T07:03:00Z,109416.49
1758870240000,2025-09-26T07:04:00Z,109435.99
1758870300000,2025-09-26T07:05:00Z,109401.49
1758870360000,2025-09-26T07:06:00Z,109503.82
1758870420000,2025-09-26T07:07:00Z,109479.99
1758870480000,2025-09-26T07:08:00Z,109471.97
1758870540000,2025-09-26T07:09:00Z,109457.11
1758870600000,2025-09-26T07:10:00Z,109460.47
1758870660000,2025-09-26T07:11:00Z,109487.28
1758870720000,2025-09-26T07:12:00Z,109500.01
1758870780000,2025-09-26T07:13:00Z,109552.05
1758870840000,2025-09-26T07:14:00Z,109561.05
1758870900000,2025-09-26T07:15:00Z,109568.0
1758870960000,2025-09-26T07:16:00Z,109581.24
1758871020000,2025-09-26T07:17:00Z,109558.94
1758871080000,2025-09-26T07:18:00Z,109560.76
1758871140000,2025-09-26T07:19:00Z,109537.99
1758871200000,2025-09-26T07:20:00Z,109516.48
1758871260000,2025-09-26T07:21:00Z,109537.02
1758871320000,2025-09-26T07:22:00Z,109545.49
1758871380000,2025-09-26T07:23:00Z,109545.49
1758871440000,2025-09-26T07:24:00Z,109561.47
1758871500000,2025-09-26T07:25:00Z,109585.94
1758871560000,2025-09-26T07:26:00Z,109405.23
1758871620000,2025-09-26T07:27:00Z,109354.54
1758871680000,2025-09-26T07:28:00Z,109368.3
1758871740000,2025-09-26T07:29:00Z,109300.0
1758871800000,2025-09-26T07:30:00Z,109147.54
1758871860000,2025-09-26T07:31:00Z,109083.52
1758871920000,2025-09-26T07:32:00Z,108980.02
1758871980000,2025-09-26T07:33:00Z,109035.83
1758872040000,2025-09-26T07:34:00Z,108990.62
1758872100000,2025-09-26T07:35:00Z,109064.54
1758872160000,2025-09-26T07:36:00Z,109020.31
1758872220000,2025-09-26T07:37:00Z,109029.81
1758872280000,2025-09-26T07:38:00Z,109031.85
1758872340000,2025-09-26T07:39:00Z,109042.92
1758872400000,2025-09-26T07:40:00Z,109057.19
1758872460000,2025-09-26T07:41:00Z,109018.03
1758872520000,2025-09-26T07:42:00Z,108976.01
1758872580000,2025-09-26T07:43:00Z,108923.91
1758872640000,2025-09-26T07:44:00Z,108944.98
1758872700000,2025-09-26T07:45:00Z,108996.65
1758872760000,2025-09-26T07:46:00Z,109015.12
1758872820000,2025-09-26T07:47:00Z,109018.33
1758872880000,2025-09-26T07:48:00Z,109032.83
1758872940000,2025-09-26T07:49:00Z,109024.86
1758873000000,2025-09-26T07:50:00Z,109057.85
1758873060000,2025-09-26T07:51:00Z,109057.85
1758873120000,2025-09-26T07:52:00Z,109069.59
1758873180000,2025-09-26T07:53:00Z,109099.18
1758873240000,2025-09-26T07:54:00Z,109092.0
1758873300000,2025-09-26T07:55:00Z,109096.35
1758873360000,2025-09-26T07:56:00Z,109040.04
1758873420000,2025-09-26T07:57:00Z,109068.41
1758873480000,2025-09-26T07:58:00Z,109267.52
1758873540000,2025-09-26T07:59:00Z,109320.02
1758873600000,2025-09-26T08:00:00Z,109392.32
1758873660000,2025-09-26T08:01:00Z,109340.01
1758873720000,2025-09-26T08:02:00Z,109319.11
1758873780000,2025-09-26T08:03:00Z,109376.23
1758873840000,2025-09-26T08:04:00Z,109370.81
1758873900000,2025-09-26T08:05:00Z,109380.45
1758873960000,2025-09-26T08:06:00Z,109446.85
1758874020000,2025-09-26T08:07:00Z,109457.05
1758874080000,2025-09-26T08:08:00Z,109453.61
1758874140000,2025-09-26T08:09:00Z,109474.69
1758874200000,2025-09-26T08:10:00Z,109462.73
1758874260000,2025-09-26T08:11:00Z,109433.5
1758874320000,2025-09-26T08:12:00Z,109448.07
1758874380000,2025-09-26T08:13:00Z,109456.0
1758874440000,2025-09-26T08:14:00Z,109438.26
1758874500000,2025-09-26T08:15:00Z,109496.59
1758874560000,2025-09-26T08:16:00Z,109507.88
1758874620000,2025-09-26T08:17:00Z,109506.34
1758874680000,2025-09-26T08:18:00Z,109512.48
1758874740000,2025-09-26T08:19:00Z,109500.7
1758874800000,2025-09-26T08:20:00Z,109509.81
1758874860000,2025-09-26T08:21:00Z,109492.0
1758874920000,2025-09-26T08:22:00Z,109500.98
1758874980000,2025-09-26T08:23:00Z,109452.47
1758875040000,2025-09-26T08:24:00Z,109434.14
1758875100000,2025-09-26T08:25:00Z,109448.18
1758875160000,2025-09-26T08:26:00Z,109433.23
1758875220000,2025-09-26T08:27:00Z,109404.0
1758875280000,2025-09-26T08:28:00Z,109448.25
1758875340000,2025-09-26T08:29:00Z,109515.77
1758875400000,2025-09-26T08:30:00Z,109534.98
1758875460000,2025-09-26T08:31:00Z,109549.59
1758875520000,2025-09-26T08:32:00Z,109566.68
1758875580000,2025-09-26T08:33:00Z,109500.59
1758875640000,2025-09-26T08:34:00Z,109481.32
1758875700000,2025-09-26T08:35:00Z,109496.68
1758875760000,2025-09-26T08:36:00Z,109539.88
1758875820000,2025-09-26T08:37:00Z,109552.0
1758875880000,2025-09-26T08:38:00Z,109552.42
1758875940000,2025-09-26T08:39:00Z,109552.41
1758876000000,2025-09-26T08:40:00Z,109552.51
1758876060000,2025-09-26T08:41:00Z,109540.75
1758876120000,2025-09-26T08:42:00Z,109523.49
1758876180000,2025-09-26T08:43:00Z,109587.99
1758876240000,2025-09-26T08:44:00Z,109599.99
1758876300000,2025-09-26T08:45:00Z,109580.01
1758876360000,2025-09-26T08:46:00Z,109588.99
1758876420000,2025-09-26T08:47:00Z,109577.52
1758876480000,2025-09-26T08:48:00Z,109573.1
1758876540000,2025-09-26T08:49:00Z,109557.27
1758876600000,2025-09-26T08:50:00Z,109542.74
1758876660000,2025-09-26T08:51:00Z,109577.59
1758876720000,2025-09-26T08:52:00Z,109570.04
1758876780000,2025-09-26T08:53:00Z,109589.98
1758876840000,2025-09-26T08:54:00Z,109607.49
1758876900000,2025-09-26T08:55:00Z,109596.28
1758876960000,2025-09-26T08:56:00Z,109581.54
1758877020000,2025-09-26T08:57:00Z,109567.51
1758877080000,2025-09-26T08:58:00Z,109534.84
1758877140000,2025-09-26T08:59:00Z,109567.2
1758877200000,2025-09-26T09:00:00Z,109534.81
1758877260000,2025-09-26T09:01:00Z,109517.38
1758877320000,2025-09-26T09:02:00Z,109513.41
1758877380000,2025-09-26T09:03:00Z,109525.15
1758877440000,2025-09-26T09:04:00Z,109482.61
1758877500000,2025-09-26T09:05:00Z,109531.7
1758877560000,2025-09-26T09:06:00Z,109588.42
1758877620000,2025-09-26T09:07:00Z,109592.93
1758877680000,2025-09-26T09:08:00Z,109584.0
1758877740000,2025-09-26T09:09:00Z,109571.91
1758877800000,2025-09-26T09:10:00Z,109564.99
1758877860000,2025-09-26T09:11:00Z,109597.98
1758877920000,2025-09-26T09:12:00Z,109629.99
1758877980000,2025-09-26T09:13:00Z,109637.15
1758878040000,2025-09-26T09:14:00Z,109664.29
1758878100000,2025-09-26T09:15:00Z,109657.78
1758878160000,2025-09-26T09:16:00Z,109644.22
1758878220000,2025-09-26T09:17:00Z,109656.89
1758878280000,2025-09-26T09:18:00Z,109650.12
1758878340000,2025-09-26T09:19:00Z,109615.35
1758878400000,2025-09-26T09:20:00Z,109679.99
1758878460000,2025-09-26T09:21:00Z,109690.97
1758878520000,2025-09-26T09:22:00Z,109690.97
1758878580000,2025-09-26T09:23:00Z,109658.81
1758878640000,2025-09-26T09:24:00Z,109646.76
1758878700000,2025-09-26T09:25:00Z,109646.74
1758878760000,2025-09-26T09:26:00Z,109646.74
1758878820000,2025-09-26T09:27:00Z,109646.73
1758878880000,2025-09-26T09:28:00Z,109646.73
1758878940000,2025-09-26T09:29:00Z,109646.73
1758879000000,2025-09-26T09:30:00Z,109619.99
1758879060000,2025-09-26T09:31:00Z,109583.75
1758879120000,2025-09-26T09:32:00Z,109550.01
1758879180000,2025-09-26T09:33:00Z,109539.97
1758879240000,2025-09-26T09:34:00Z,109541.5
1758879300000,2025-09-26T09:35:00Z,109536.74
1758879360000,2025-09-26T09:36:00Z,109536.75
1758879420000,2025-09-26T09:37:00Z,109507.86
1758879480000,2025-09-26T09:38:00Z,109458.56
1758879540000,2025-09-26T09:39:00Z,109481.29
1758879600000,2025-09-26T09:40:00Z,109499.99
1758879660000,2025-09-26T09:41:00Z,109456.6
1758879720000,2025-09-26T09:42:00Z,109407.87
1758879780000,2025-09-26T09:43:00Z,109402.73
1758879840000,2025-09-26T09:44:00Z,109415.6
1758879900000,2025-09-26T09:45:00Z,109439.5
1758879960000,2025-09-26T09:46:00Z,109463.9
1758880020000,2025-09-26T09:47:00Z,109435.0
1758880080000,2025-09-26T09:48:00Z,109414.24
1758880140000,2025-09-26T09:49:00Z,109447.61
1758880200000,2025-09-26T09:50:00Z,109500.0
1758880260000,2025-09-26T09:51:00Z,109549.99
1758880320000,2025-09-26T09:52:00Z,109553.8
1758880380000,2025-09-26T09:53:00Z,109575.31
1758880440000,2025-09-26T09:54:00Z,109551.95
1758880500000,2025-09-26T09:55:00Z,109538.07
1758880560000,2025-09-26T09:56:00Z,109530.14
1758880620000,2025-09-26T09:57:00Z,109532.33
1758880680000,2025-09-26T09:58:00Z,109524.83
1758880740000,2025-09-26T09:59:00Z,109568.72
1758880800000,2025-09-26T10:00:00Z,109541.0
1758880860000,2025-09-26T10:01:00Z,109493.75
1758880920000,2025-09-26T10:02:00Z,109406.34
1758880980000,2025-09-26T10:03:00Z,109316.26
1758881040000,2025-09-26T10:04:00Z,109336.57
1758881100000,2025-09-26T10:05:00Z,109293.03
1758881160000,2025-09-26T10:06:00Z,109237.2
1758881220000,2025-09-26T10:07:00Z,109182.45
1758881280000,2025-09-26T10:08:00Z,109195.45
1758881340000,2025-09-26T10:09:00Z,109188.94
1758881400000,2025-09-26T10:10:00Z,109213.48
1758881460000,2025-09-26T10:11:00Z,109259.98
1758881520000,2025-09-26T10:12:00Z,109232.96
1758881580000,2025-09-26T10:13:00Z,109167.62
1758881640000,2025-09-26T10:14:00Z,109185.09
1758881700000,2025-09-26T10:15:00Z,109141.78
1758881760000,2025-09-26T10:16:00Z,109160.23
1758881820000,2025-09-26T10:17:00Z,109022.61
1758881880000,2025-09-26T10:18:00Z,109048.09
1758881940000,2025-09-26T10:19:00Z,109039.78
1758882000000,2025-09-26T10:20:00Z,109117.91
1758882060000,2025-09-26T10:21:00Z,109074.99
1758882120000,2025-09-26T10:22:00Z,109082.9
1758882180000,2025-09-26T10:23:00Z,109103.53
1758882240000,2025-09-26T10:24:00Z,109051.4
1758882300000,2025-09-26T10:25:00Z,109124.01
1758882360000,2025-09-26T10:26:00Z,109103.64
1758882420000,2025-09-26T10:27:00Z,109131.28
1758882480000,2025-09-26T10:28:00Z,109092.0
1758882540000,2025-09-26T10:29:00Z,109092.0
1758882600000,2025-09-26T10:30:00Z,109096.01
1758882660000,2025-09-26T10:31:00Z,108935.44
1758882720000,2025-09-26T10:32:00Z,108864.01
1758882780000,2025-09-26T10:33:00Z,108874.99
1758882840000,2025-09-26T10:34:00Z,108950.68
1758882900000,2025-09-26T10:35:00Z,108921.13
1758882960000,2025-09-26T10:36:00Z,108844.29
1758883020000,2025-09-26T10:37:00Z,108849.95
1758883080000,2025-09-26T10:38:00Z,108836.3
1758883140000,2025-09-26T10:39:00Z,108894.98
1758883200000,2025-09-26T10:40:00Z,108890.72
1758883260000,2025-09-26T10:41:00Z,108861.66
1758883320000,2025-09-26T10:42:00Z,108840.02
1758883380000,2025-09-26T10:43:00Z,108840.0
1758883440000,2025-09-26T10:44:00Z,108830.01
1758883500000,2025-09-26T10:45:00Z,108800.01
1758883560000,2025-09-26T10:46:00Z,108800.01
1758883620000,2025-09-26T10:47:00Z,108786.34
1758883680000,2025-09-26T10:48:00Z,108814.03
1758883740000,2025-09-26T10:49:00Z,108822.92
1758883800000,2025-09-26T10:50:00Z,108881.85
1758883860000,2025-09-26T10:51:00Z,108932.05
1758883920000,2025-09-26T10:52:00Z,108937.33
1758883980000,2025-09-26T10:53:00Z,108937.33
1758884040000,2025-09-26T10:54:00Z,108917.75
1758884100000,2025-09-26T10:55:00Z,108920.27
1758884160000,2025-09-26T10:56:00Z,108894.43
1758884220000,2025-09-26T10:57:00Z,108908.0
1758884280000,2025-09-26T10:58:00Z,108900.65
1758884340000,2025-09-26T10:59:00Z,108895.0
1758884400000,2025-09-26T11:00:00Z,108932.02
1758884460000,2025-09-26T11:01:00Z,108912.9
1758884520000,2025-09-26T11:02:00Z,108950.68
1758884580000,2025-09-26T11:03:00Z,108929.31
1758884640000,2025-09-26T11:04:00Z,108907.8
1758884700000,2025-09-26T11:05:00Z,108912.98
1758884760000,2025-09-26T11:06:00Z,108814.88
1758884820000,2025-09-26T11:07:00Z,108801.89
1758884880000,2025-09-26T11:08:00Z,108760.03
1758884940000,2025-09-26T11:09:00Z,108803.85
1758885000000,2025-09-26T11:10:00Z,108797.53
1758885060000,2025-09-26T11:11:00Z,108869.29
1758885120000,2025-09-26T11:12:00Z,108857.71
1758885180000,2025-09-26T11:13:00Z,108813.25
1758885240000,2025-09-26T11:14:00Z,108768.02
1758885300000,2025-09-26T11:15:00Z,108701.24
1758885360000,2025-09-26T11:16:00Z,108717.54
1758885420000,2025-09-26T11:17:00Z,108693.28
1758885480000,2025-09-26T11:18:00Z,108682.8
1758885540000,2025-09-26T11:19:00Z,108737.12
1758885600000,2025-09-26T11:20:00Z,108836.01
1758885660000,2025-09-26T11:21:00Z,108730.63
1758885720000,2025-09-26T11:22:00Z,108743.73
1758885780000,2025-09-26T11:23:00Z,108722.86
1758885840000,2025-09-26T11:24:00Z,108704.0
1758885900000,2025-09-26T11:25:00Z,108697.0
1758885960000,2025-09-26T11:26:00Z,108787.24
1758886020000,2025-09-26T11:27:00Z,108729.07
1758886080000,2025-09-26T11:28:00Z,108780.0
1758886140000,2025-09-26T11:29:00Z,108744.79
1758886200000,2025-09-26T11:30:00Z,108776.85
1758886260000,2025-09-26T11:31:00Z,108856.16
1758886320000,2025-09-26T11:32:00Z,108900.99
1758886380000,2025-09-26T11:33:00Z,108932.09
1758886440000,2025-09-26T11:34:00Z,108968.88
1758886500000,2025-09-26T11:35:00Z,108950.01
1758886560000,2025-09-26T11:36:00Z,108914.98
1758886620000,2025-09-26T11:37:00Z,108983.05
1758886680000,2025-09-26T11:38:00Z,108980.0
1758886740000,2025-09-26T11:39:00Z,109035.63
1758886800000,2025-09-26T11:40:00Z,109062.95
1758886860000,2025-09-26T11:41:00Z,109099.36
1758886920000,2025-09-26T11:42:00Z,109115.81
1758886980000,2025-09-26T11:43:00Z,109095.13
1758887040000,2025-09-26T11:44:00Z,109042.04
1758887100000,2025-09-26T11:45:00Z,109033.57
1758887160000,2025-09-26T11:46:00Z,109035.0
1758887220000,2025-09-26T11:47:00Z,109117.0
1758887280000,2025-09-26T11:48:00Z,109132.69
1758887340000,2025-09-26T11:49:00Z,109132.01
1758887400000,2025-09-26T11:50:00Z,109195.09
1758887460000,2025-09-26T11:51:00Z,109163.45
1758887520000,2025-09-26T11:52:00Z,109163.44
1758887580000,2025-09-26T11:53:00Z,109144.67
1758887640000,2025-09-26T11:54:00Z,109200.0
1758887700000,2025-09-26T11:55:00Z,109194.99
1758887760000,2025-09-26T11:56:00Z,109169.03
1758887820000,2025-09-26T11:57:00Z,109128.23
1758887880000,2025-09-26T11:58:00Z,109117.04
1758887940000,2025-09-26T11:59:00Z,109133.5
1758888000000,2025-09-26T12:00:00Z,109085.12
1758888060000,2025-09-26T12:01:00Z,109088.93
1758888120000,2025-09-26T12:02:00Z,109062.39
1758888180000,2025-09-26T12:03:00Z,109043.19
1758888240000,2025-09-26T12:04:00Z,109081.76
1758888300000,2025-09-26T12:05:00Z,109081.75
1758888360000,2025-09-26T12:06:00Z,109078.52
1758888420000,2025-09-26T12:07:00Z,109050.93
1758888480000,2025-09-26T12:08:00Z,109032.75
1758888540000,2025-09-26T12:09:00Z,108996.51
1758888600000,2025-09-26T12:10:00Z,108950.67
1758888660000,2025-09-26T12:11:00Z,108935.16
1758888720000,2025-09-26T12:12:00Z,108905.0
1758888780000,2025-09-26T12:13:00Z,108893.11
1758888840000,2025-09-26T12:14:00Z,108883.65
1758888900000,2025-09-26T12:15:00Z,108928.0
1758888960000,2025-09-26T12:16:00Z,109055.34
1758889020000,2025-09-26T12:17:00Z,109039.23
1758889080000,2025-09-26T12:18:00Z,109029.2
1758889140000,2025-09-26T12:19:00Z,109014.08
1758889200000,2025-09-26T12:20:00Z,108942.04
1758889260000,2025-09-26T12:21:00Z,108880.0
1758889320000,2025-09-26T12:22:00Z,108840.63
1758889380000,2025-09-26T12:23:00Z,108863.99
1758889440000,2025-09-26T12:24:00Z,108875.02
1758889500000,2025-09-26T12:25:00Z,108877.19
1758889560000,2025-09-26T12:26:00Z,108866.81
1758889620000,2025-09-26T12:27:00Z,108986.82
1758889680000,2025-09-26T12:28:00Z,109026.55
1758889740000,2025-09-26T12:29:00Z,109121.28
1758889800000,2025-09-26T12:30:00Z,109111.77
1758889860000,2025-09-26T12:31:00Z,109185.36
1758889920000,2025-09-26T12:32:00Z,109388.48
1758889980000,2025-09-26T12:33:00Z,109282.68
1758890040000,2025-09-26T12:34:00Z,109341.84
1758890100000,2025-09-26T12:35:00Z,109353.98
1758890160000,2025-09-26T12:36:00Z,109514.93
1758890220000,2025-09-26T12:37:00Z,109456.75
1758890280000,2025-09-26T12:38:00Z,109378.62
1758890340000,2025-09-26T12:39:00Z,109353.16
1758890400000,2025-09-26T12:40:00Z,109345.85
1758890460000,2025-09-26T12:41:00Z,109316.01
1758890520000,2025-09-26T12:42:00Z,109384.71
1758890580000,2025-09-26T12:43:00Z,109402.54
1758890640000,2025-09-26T12:44:00Z,109497.69
1758890700000,2025-09-26T12:45:00Z,109419.79
1758890760000,2025-09-26T12:46:00Z,109470.9
1758890820000,2025-09-26T12:47:00Z,109440.0
1758890880000,2025-09-26T12:48:00Z,109477.15
1758890940000,2025-09-26T12:49:00Z,109419.77
1758891000000,2025-09-26T12:50:00Z,109376.23
1758891060000,2025-09-26T12:51:00Z,109378.28
1758891120000,2025-09-26T12:52:00Z,109320.93
1758891180000,2025-09-26T12:53:00Z,109274.83
1758891240000,2025-09-26T12:54:00Z,109245.01
1758891300000,2025-09-26T12:55:00Z,109286.59
1758891360000,2025-09-26T12:56:00Z,109354.98
1758891420000,2025-09-26T12:57:00Z,109382.61
1758891480000,2025-09-26T12:58:00Z,109392.26
1758891540000,2025-09-26T12:59:00Z,109372.68
1758891600000,2025-09-26T13:00:00Z,109383.54
1758891660000,2025-09-26T13:01:00Z,109360.63
1758891720000,2025-09-26T13:02:00Z,109330.78
1758891780000,2025-09-26T13:03:00Z,109338.04
1758891840000,2025-09-26T13:04:00Z,109339.98
1758891900000,2025-09-26T13:05:00Z,109379.78
1758891960000,2025-09-26T13:06:00Z,109242.26
1758892020000,2025-09-26T13:07:00Z,109246.72
1758892080000,2025-09-26T13:08:00Z,109230.56
1758892140000,2025-09-26T13:09:00Z,109265.76
1758892200000,2025-09-26T13:10:00Z,109218.84
1758892260000,2025-09-26T13:11:00Z,109218.85
1758892320000,2025-09-26T13:12:00Z,109191.04
1758892380000,2025-09-26T13:13:00Z,109170.68
1758892440000,2025-09-26T13:14:00Z,109160.0
1758892500000,2025-09-26T13:15:00Z,109140.34
1758892560000,2025-09-26T13:16:00Z,109089.64
1758892620000,2025-09-26T13:17:00Z,109085.05
1758892680000,2025-09-26T13:18:00Z,109143.99
1758892740000,2025-09-26T13:19:00Z,109228.96
1758892800000,2025-09-26T13:20:00Z,109287.99
1758892860000,2025-09-26T13:21:00Z,109323.54
1758892920000,2025-09-26T13:22:00Z,109315.6
1758892980000,2025-09-26T13:23:00Z,109269.84
1758893040000,2025-09-26T13:24:00Z,109209.48
1758893100000,2025-09-26T13:25:00Z,109216.22
1758893160000,2025-09-26T13:26:00Z,109217.03
1758893220000,2025-09-26T13:27:00Z,109172.46
1758893280000,2025-09-26T13:28:00Z,109200.8
1758893340000,2025-09-26T13:29:00Z,109183.63
1758893400000,2025-09-26T13:30:00Z,109023.13
1758893460000,2025-09-26T13:31:00Z,109119.08
1758893520000,2025-09-26T13:32:00Z,109359.5
1758893580000,2025-09-26T13:33:00Z,109155.0
1758893640000,2025-09-26T13:34:00Z,109230.73
1758893700000,2025-09-26T13:35:00Z,109321.29
1758893760000,2025-09-26T13:36:00Z,109322.52
1758893820000,2025-09-26T13:37:00Z,109342.02
1758893880000,2025-09-26T13:38:00Z,109437.17
1758893940000,2025-09-26T13:39:00Z,109567.53
1758894000000,2025-09-26T13:40:00Z,109488.71
1758894060000,2025-09-26T13:41:00Z,109396.0
1758894120000,2025-09-26T13:42:00Z,109518.78
1758894180000,2025-09-26T13:43:00Z,109602.34
1758894240000,2025-09-26T13:44:00Z,109600.71
1758894300000,2025-09-26T13:45:00Z,109538.65
1758894360000,2025-09-26T13:46:00Z,109654.3
1758894420000,2025-09-26T13:47:00Z,109535.62
1758894480000,2025-09-26T13:48:00Z,109576.0
1758894540000,2025-09-26T13:49:00Z,109672.57
1758894600000,2025-09-26T13:50:00Z,109569.42
1758894660000,2025-09-26T13:51:00Z,109564.76
1758894720000,2025-09-26T13:52:00Z,109594.99
1758894780000,2025-09-26T13:53:00Z,109666.02
1758894840000,2025-09-26T13:54:00Z,109674.03
1758894900000,2025-09-26T13:55:00Z,109655.06
1758894960000,2025-09-26T13:56:00Z,109699.7
1758895020000,2025-09-26T13:57:00Z,109701.83
1758895080000,2025-09-26T13:58:00Z,109679.27
1758895140000,2025-09-26T13:59:00Z,109669.73
1758895200000,2025-09-26T14:00:00Z,109694.0
1758895260000,2025-09-26T14:01:00Z,109650.9
1758895320000,2025-09-26T14:02:00Z,109580.0
1758895380000,2025-09-26T14:03:00Z,109495.78
1758895440000,2025-09-26T14:04:00Z,109426.64
1758895500000,2025-09-26T14:05:00Z,109430.08
1758895560000,2025-09-26T14:06:00Z,109411.99
1758895620000,2025-09-26T14:07:00Z,109366.52
1758895680000,2025-09-26T14:08:00Z,109489.87
1758895740000,2025-09-26T14:09:00Z,109472.12
1758895800000,2025-09-26T14:10:00Z,109486.93
1758895860000,2025-09-26T14:11:00Z,109409.98
1758895920000,2025-09-26T14:12:00Z,109428.32
1758895980000,2025-09-26T14:13:00Z,109283.24
1758896040000,2025-09-26T14:14:00Z,109309.0
1758896100000,2025-09-26T14:15:00Z,109208.6
1758896160000,2025-09-26T14:16:00Z,109267.98
1758896220000,2025-09-26T14:17:00Z,109354.94
1758896280000,2025-09-26T14:18:00Z,109328.99
1758896340000,2025-09-26T14:19:00Z,109421.04
1758896400000,2025-09-26T14:20:00Z,109389.19
1758896460000,2025-09-26T14:21:00Z,109282.71
1758896520000,2025-09-26T14:22:00Z,109148.61
1758896580000,2025-09-26T14:23:00Z,109183.85
1758896640000,2025-09-26T14:24:00Z,109151.99
1758896700000,2025-09-26T14:25:00Z,109013.89
1758896760000,2025-09-26T14:26:00Z,108940.45
1758896820000,2025-09-26T14:27:00Z,108952.72
1758896880000,2025-09-26T14:28:00Z,108973.56
1758896940000,2025-09-26T14:29:00Z,109083.45
1758897000000,2025-09-26T14:30:00Z,108977.07
1758897060000,2025-09-26T14:31:00Z,108956.17
1758897120000,2025-09-26T14:32:00Z,108904.25
1758897180000,2025-09-26T14:33:00Z,108932.76
1758897240000,2025-09-26T14:34:00Z,108850.01
1758897300000,2025-09-26T14:35:00Z,108913.21
1758897360000,2025-09-26T14:36:00Z,108913.23
1758897420000,2025-09-26T14:37:00Z,108936.18
1758897480000,2025-09-26T14:38:00Z,109044.0
1758897540000,2025-09-26T14:39:00Z,109058.55
1758897600000,2025-09-26T14:40:00Z,108965.15
1758897660000,2025-09-26T14:41:00Z,108946.35
1758897720000,2025-09-26T14:42:00Z,108874.12
1758897780000,2025-09-26T14:43:00Z,108889.43
1758897840000,2025-09-26T14:44:00Z,108905.97
1758897900000,2025-09-26T14:45:00Z,108848.77
1758897960000,2025-09-26T14:46:00Z,108977.42
1758898020000,2025-09-26T14:47:00Z,108889.77
1758898080000,2025-09-26T14:48:00Z,108909.13
1758898140000,2025-09-26T14:49:00Z,108910.41
1758898200000,2025-09-26T14:50:00Z,108934.09
1758898260000,2025-09-26T14:51:00Z,109047.12
1758898320000,2025-09-26T14:52:00Z,108914.73
1758898380000,2025-09-26T14:53:00Z,108890.0
1758898440000,2025-09-26T14:54:00Z,108878.23
1758898500000,2025-09-26T14:55:00Z,108925.52
1758898560000,2025-09-26T14:56:00Z,108835.28
1758898620000,2025-09-26T14:57:00Z,108830.56
1758898680000,2025-09-26T14:58:00Z,108817.24
1758898740000,2025-09-26T14:59:00Z,108836.0
1758898800000,2025-09-26T15:00:00Z,108825.69
1758898860000,2025-09-26T15:01:00Z,108861.23
1758898920000,2025-09-26T15:02:00Z,108933.21
1758898980000,2025-09-26T15:03:00Z,109034.38
1758899040000,2025-09-26T15:04:00Z,109090.35
1758899100000,2025-09-26T15:05:00Z,108980.26
1758899160000,2025-09-26T15:06:00Z,109064.01
1758899220000,2025-09-26T15:07:00Z,109095.12
1758899280000,2025-09-26T15:08:00Z,109052.15
1758899340000,2025-09-26T15:09:00Z,109011.81
1758899400000,2025-09-26T15:10:00Z,108946.65
1758899460000,2025-09-26T15:11:00Z,108961.6
1758899520000,2025-09-26T15:12:00Z,108935.46
1758899580000,2025-09-26T15:13:00Z,108949.54
1758899640000,2025-09-26T15:14:00Z,108937.15
1758899700000,2025-09-26T15:15:00Z,108927.99
1758899760000,2025-09-26T15:16:00Z,109037.01
1758899820000,2025-09-26T15:17:00Z,109164.0
1758899880000,2025-09-26T15:18:00Z,109043.53
1758899940000,2025-09-26T15:19:00Z,109158.74
1758900000000,2025-09-26T15:20:00Z,109148.45
1758900060000,2025-09-26T15:21:00Z,109136.1
1758900120000,2025-09-26T15:22:00Z,109114.8
1758900180000,2025-09-26T15:23:00Z,109084.18
1758900240000,2025-09-26T15:24:00Z,109099.08
1758900300000,2025-09-26T15:25:00Z,109185.86
1758900360000,2025-09-26T15:26:00Z,109243.67
1758900420000,2025-09-26T15:27:00Z,109258.49
1758900480000,2025-09-26T15:28:00Z,109258.27
1758900540000,2025-09-26T15:29:00Z,109292.81
1758900600000,2025-09-26T15:30:00Z,109319.99
1758900660000,2025-09-26T15:31:00Z,109275.99
1758900720000,2025-09-26T15:32:00Z,109288.64
1758900780000,2025-09-26T15:33:00Z,109224.38
1758900840000,2025-09-26T15:34:00Z,109294.41
1758900900000,2025-09-26T15:35:00Z,109303.32
1758900960000,2025-09-26T15:36:00Z,109350.64
1758901020000,2025-09-26T15:37:00Z,109244.88
1758901080000,2025-09-26T15:38:00Z,109135.19
1758901140000,2025-09-26T15:39:00Z,109209.57
1758901200000,2025-09-26T15:40:00Z,109252.01
1758901260000,2025-09-26T15:41:00Z,109300.88
1758901320000,2025-09-26T15:42:00Z,109280.9
1758901380000,2025-09-26T15:43:00Z,109328.73
1758901440000,2025-09-26T15:44:00Z,109279.02
1758901500000,2025-09-26T15:45:00Z,109223.92
1758901560000,2025-09-26T15:46:00Z,109241.55
1758901620000,2025-09-26T15:47:00Z,109204.93
1758901680000,2025-09-26T15:48:00Z,109241.55
1758901740000,2025-09-26T15:49:00Z,109212.41
1758901800000,2025-09-26T15:50:00Z,109096.0
1758901860000,2025-09-26T15:51:00Z,109155.96
1758901920000,2025-09-26T15:52:00Z,109088.41
1758901980000,2025-09-26T15:53:00Z,109081.19
1758902040000,2025-09-26T15:54:00Z,109074.34
1758902100000,2025-09-26T15:55:00Z,109042.19
1758902160000,2025-09-26T15:56:00Z,109044.51
1758902220000,2025-09-26T15:57:00Z,109011.5
1758902280000,2025-09-26T15:58:00Z,109011.5
1758902340000,2025-09-26T15:59:00Z,109027.78
1758902400000,2025-09-26T16:00:00Z,109029.12
1758902460000,2025-09-26T16:01:00Z,109091.72
1758902520000,2025-09-26T16:02:00Z,109104.05
1758902580000,2025-09-26T16:03:00Z,109127.98
1758902640000,2025-09-26T16:04:00Z,109194.25
1758902700000,2025-09-26T16:05:00Z,109224.0
1758902760000,2025-09-26T16:06:00Z,109240.0
1758902820000,2025-09-26T16:07:00Z,109212.96
1758902880000,2025-09-26T16:08:00Z,109244.0
1758902940000,2025-09-26T16:09:00Z,109251.87
1758903000000,2025-09-26T16:10:00Z,109259.69
1758903060000,2025-09-26T16:11:00Z,109296.0
1758903120000,2025-09-26T16:12:00Z,109283.61
1758903180000,2025-09-26T16:13:00Z,109275.47
1758903240000,2025-09-26T16:14:00Z,109278.3
1758903300000,2025-09-26T16:15:00Z,109282.69
1758903360000,2025-09-26T16:16:00Z,109339.99
1758903420000,2025-09-26T16:17:00Z,109393.0
1758903480000,2025-09-26T16:18:00Z,109470.57
1758903540000,2025-09-26T16:19:00Z,109523.63
1758903600000,2025-09-26T16:20:00Z,109534.99
1758903660000,2025-09-26T16:21:00Z,109598.0
1758903720000,2025-09-26T16:22:00Z,109599.99
1758903780000,2025-09-26T16:23:00Z,109525.76
1758903840000,2025-09-26T16:24:00Z,109519.99
1758903900000,2025-09-26T16:25:00Z,109516.79
1758903960000,2025-09-26T16:26:00Z,109488.41
1758904020000,2025-09-26T16:27:00Z,109488.43
1758904080000,2025-09-26T16:28:00Z,109492.29
1758904140000,2025-09-26T16:29:00Z,109518.18
1758904200000,2025-09-26T16:30:00Z,109532.02
1758904260000,2025-09-26T16:31:00Z,109461.64
1758904320000,2025-09-26T16:32:00Z,109429.85
1758904380000,2025-09-26T16:33:00Z,109370.15
1758904440000,2025-09-26T16:34:00Z,109345.3
1758904500000,2025-09-26T16:35:00Z,109325.44
1758904560000,2025-09-26T16:36:00Z,109335.53
1758904620000,2025-09-26T16:37:00Z,109379.25
1758904680000,2025-09-26T16:38:00Z,109357.59
1758904740000,2025-09-26T16:39:00Z,109311.17
1758904800000,2025-09-26T16:40:00Z,109292.0
1758904860000,2025-09-26T16:41:00Z,109328.0
1758904920000,2025-09-26T16:42:00Z,109340.01
1758904980000,2025-09-26T16:43:00Z,109338.81
1758905040000,2025-09-26T16:44:00Z,109345.21
1758905100000,2025-09-26T16:45:00Z,109304.99
1758905160000,2025-09-26T16:46:00Z,109325.98
1758905220000,2025-09-26T16:47:00Z,109343.66
1758905280000,2025-09-26T16:48:00Z,109359.99
1758905340000,2025-09-26T16:49:00Z,109397.83
1758905400000,2025-09-26T16:50:00Z,109416.86
1758905460000,2025-09-26T16:51:00Z,109417.09
1758905520000,2025-09-26T16:52:00Z,109369.04
1758905580000,2025-09-26T16:53:00Z,109346.74
1758905640000,2025-09-26T16:54:00Z,109391.82
1758905700000,2025-09-26T16:55:00Z,109368.01
1758905760000,2025-09-26T16:56:00Z,109356.1
1758905820000,2025-09-26T16:57:00Z,109394.56
1758905880000,2025-09-26T16:58:00Z,109457.4
1758905940000,2025-09-26T16:59:00Z,109460.01
1758906000000,2025-09-26T17:00:00Z,109458.01
1758906060000,2025-09-26T17:01:00Z,109492.0
1758906120000,2025-09-26T17:02:00Z,109543.9
1758906180000,2025-09-26T17:03:00Z,109525.16
1758906240000,2025-09-26T17:04:00Z,109511.3
1758906300000,2025-09-26T17:05:00Z,109479.99
1758906360000,2025-09-26T17:06:00Z,109487.27
1758906420000,2025-09-26T17:07:00Z,109410.95
1758906480000,2025-09-26T17:08:00Z,109411.28
1758906540000,2025-09-26T17:09:00Z,109483.48
1758906600000,2025-09-26T17:10:00Z,109462.24
1758906660000,2025-09-26T17:11:00Z,109531.43
1758906720000,2025-09-26T17:12:00Z,109589.0
1758906780000,2025-09-26T17:13:00Z,109602.75
1758906840000,2025-09-26T17:14:00Z,109578.62
1758906900000,2025-09-26T17:15:00Z,109584.53
1758906960000,2025-09-26T17:16:00Z,109588.99
1758907020000,2025-09-26T17:17:00Z,109599.97
1758907080000,2025-09-26T17:18:00Z,109555.9
1758907140000,2025-09-26T17:19:00Z,109558.56
1758907200000,2025-09-26T17:20:00Z,109542.41
1758907260000,2025-09-26T17:21:00Z,109542.4
1758907320000,2025-09-26T17:22:00Z,109598.33
1758907380000,2025-09-26T17:23:00Z,109609.99
1758907440000,2025-09-26T17:24:00Z,109655.45
1758907500000,2025-09-26T17:25:00Z,109699.99
1758907560000,2025-09-26T17:26:00Z,109922.9
1758907620000,2025-09-26T17:27:00Z,109951.54
1758907680000,2025-09-26T17:28:00Z,109938.48
1758907740000,2025-09-26T17:29:00Z,109912.14
1758907800000,2025-09-26T17:30:00Z,109806.77
1758907860000,2025-09-26T17:31:00Z,109767.03
1758907920000,2025-09-26T17:32:00Z,109761.91
1758907980000,2025-09-26T17:33:00Z,109821.49
1758908040000,2025-09-26T17:34:00Z,109857.28
1758908100000,2025-09-26T17:35:00Z,109901.36
1758908160000,2025-09-26T17:36:00Z,109942.1
1758908220000,2025-09-26T17:37:00Z,109876.88
1758908280000,2025-09-26T17:38:00Z,109885.51
1758908340000,2025-09-26T17:39:00Z,109915.95
1758908400000,2025-09-26T17:40:00Z,109938.37
1758908460000,2025-09-26T17:41:00Z,109927.57
1758908520000,2025-09-26T17:42:00Z,109852.34
1758908580000,2025-09-26T17:43:00Z,109926.34
1758908640000,2025-09-26T17:44:00Z,109944.77
1758908700000,2025-09-26T17:45:00Z,109953.54
1758908760000,2025-09-26T17:46:00Z,109924.99
1758908820000,2025-09-26T17:47:00Z,109941.32
1758908880000,2025-09-26T17:48:00Z,109973.77
1758908940000,2025-09-26T17:49:00Z,109968.53
1758909000000,2025-09-26T17:50:00Z,109935.76
1758909060000,2025-09-26T17:51:00Z,109965.52
1758909120000,2025-09-26T17:52:00Z,109915.73
1758909180000,2025-09-26T17:53:00Z,109894.81
1758909240000,2025-09-26T17:54:00Z,109813.44
1758909300000,2025-09-26T17:55:00Z,109774.86
1758909360000,2025-09-26T17:56:00Z,109791.42
1758909420000,2025-09-26T17:57:00Z,109854.52
1758909480000,2025-09-26T17:58:00Z,109879.2
1758909540000,2025-09-26T17:59:00Z,109899.99
1758909600000,2025-09-26T18:00:00Z,109984.96
1758909660000,2025-09-26T18:01:00Z,109977.73
1758909720000,2025-09-26T18:02:00Z,109924.49
1758909780000,2025-09-26T18:03:00Z,109919.72
1758909840000,2025-09-26T18:04:00Z,109933.06
1758909900000,2025-09-26T18:05:00Z,109900.0
1758909960000,2025-09-26T18:06:00Z,109939.19
1758910020000,2025-09-26T18:07:00Z,109911.6
1758910080000,2025-09-26T18:08:00Z,109857.04
1758910140000,2025-09-26T18:09:00Z,109828.34
1758910200000,2025-09-26T18:10:00Z,109859.98
1758910260000,2025-09-26T18:11:00Z,109859.99
1758910320000,2025-09-26T18:12:00Z,109959.0
1758910380000,2025-09-26T18:13:00Z,109932.66
1758910440000,2025-09-26T18:14:00Z,109987.19
1758910500000,2025-09-26T18:15:00Z,110027.36
1758910560000,2025-09-26T18:16:00Z,110085.18
1758910620000,2025-09-26T18:17:00Z,110199.94
1758910680000,2025-09-26T18:18:00Z,110206.4
1758910740000,2025-09-26T18:19:00Z,110184.37
1758910800000,2025-09-26T18:20:00Z,110141.32
1758910860000,2025-09-26T18:21:00Z,110135.43
1758910920000,2025-09-26T18:22:00Z,110161.96
1758910980000,2025-09-26T18:23:00Z,110210.74
1758911040000,2025-09-26T18:24:00Z,110200.01
1758911100000,2025-09-26T18:25:00Z,110262.23
1758911160000,2025-09-26T18:26:00Z,110262.24
1758911220000,2025-09-26T18:27:00Z,110215.93
1758911280000,2025-09-26T18:28:00Z,110200.01
1758911340000,2025-09-26T18:29:00Z,110192.13
1758911400000,2025-09-26T18:30:00Z,110130.49
1758911460000,2025-09-26T18:31:00Z,110104.25
1758911520000,2025-09-26T18:32:00Z,110043.87
1758911580000,2025-09-26T18:33:00Z,110064.89
1758911640000,2025-09-26T18:34:00Z,110087.99
1758911700000,2025-09-26T18:35:00Z,110076.85
1758911760000,2025-09-26T18:36:00Z,110110.99
1758911820000,2025-09-26T18:37:00Z,110065.9
1758911880000,2025-09-26T18:38:00Z,110046.88
1758911940000,2025-09-26T18:39:00Z,110028.45
1758912000000,2025-09-26T18:40:00Z,109904.42
1758912060000,2025-09-26T18:41:00Z,109833.09
1758912120000,2025-09-26T18:42:00Z,109882.74
1758912180000,2025-09-26T18:43:00Z,109876.96
1758912240000,2025-09-26T18:44:00Z,109871.5
1758912300000,2025-09-26T18:45:00Z,109862.99
1758912360000,2025-09-26T18:46:00Z,109847.41
1758912420000,2025-09-26T18:47:00Z,109857.68
1758912480000,2025-09-26T18:48:00Z,109911.46
1758912540000,2025-09-26T18:49:00Z,109935.76
1758912600000,2025-09-26T18:50:00Z,109920.58
1758912660000,2025-09-26T18:51:00Z,109876.88
1758912720000,2025-09-26T18:52:00Z,109784.42
1758912780000,2025-09-26T18:53:00Z,109809.52
1758912840000,2025-09-26T18:54:00Z,109806.91
1758912900000,2025-09-26T18:55:00Z,109807.03
1758912960000,2025-09-26T18:56:00Z,109774.48
1758913020000,2025-09-26T18:57:00Z,109752.32
1758913080000,2025-09-26T18:58:00Z,109718.78
1758913140000,2025-09-26T18:59:00Z,109727.99
1758913200000,2025-09-26T19:00:00Z,109706.72
1758913260000,2025-09-26T19:01:00Z,109675.77
1758913320000,2025-09-26T19:02:00Z,109537.53
1758913380000,2025-09-26T19:03:00Z,109537.46
1758913440000,2025-09-26T19:04:00Z,109535.91
1758913500000,2025-09-26T19:05:00Z,109560.0
1758913560000,2025-09-26T19:06:00Z,109503.71
1758913620000,2025-09-26T19:07:00Z,109518.74
1758913680000,2025-09-26T19:08:00Z,109503.05
1758913740000,2025-09-26T19:09:00Z,109517.3
1758913800000,2025-09-26T19:10:00Z,109519.32
1758913860000,2025-09-26T19:11:00Z,109506.76
1758913920000,2025-09-26T19:12:00Z,109449.35
1758913980000,2025-09-26T19:13:00Z,109539.41
1758914040000,2025-09-26T19:14:00Z,109527.3
1758914100000,2025-09-26T19:15:00Z,109534.23
1758914160000,2025-09-26T19:16:00Z,109604.54
1758914220000,2025-09-26T19:17:00Z,109671.44
1758914280000,2025-09-26T19:18:00Z,109627.33
1758914340000,2025-09-26T19:19:00Z,109632.71
1758914400000,2025-09-26T19:20:00Z,109591.92
1758914460000,2025-09-26T19:21:00Z,109569.15
1758914520000,2025-09-26T19:22:00Z,109563.45
1758914580000,2025-09-26T19:23:00Z,109579.57
1758914640000,2025-09-26T19:24:00Z,109474.44
1758914700000,2025-09-26T19:25:00Z,109459.99
1758914760000,2025-09-26T19:26:00Z,109360.97
1758914820000,2025-09-26T19:27:00Z,109350.15
1758914880000,2025-09-26T19:28:00Z,109310.66
1758914940000,2025-09-26T19:29:00Z,109274.31
1758915000000,2025-09-26T19:30:00Z,109317.71
1758915060000,2025-09-26T19:31:00Z,109193.14
1758915120000,2025-09-26T19:32:00Z,109187.95
1758915180000,2025-09-26T19:33:00Z,109148.33
1758915240000,2025-09-26T19:34:00Z,109033.11
1758915300000,2025-09-26T19:35:00Z,109071.95
1758915360000,2025-09-26T19:36:00Z,109132.08
1758915420000,2025-09-26T19:37:00Z,109150.0
1758915480000,2025-09-26T19:38:00Z,109101.93
1758915540000,2025-09-26T19:39:00Z,109110.1
1758915600000,2025-09-26T19:40:00Z,109110.11
1758915660000,2025-09-26T19:41:00Z,109063.81
1758915720000,2025-09-26T19:42:00Z,109043.16
1758915780000,2025-09-26T19:43:00Z,109042.09
1758915840000,2025-09-26T19:44:00Z,109082.17
1758915900000,2025-09-26T19:45:00Z,109082.17
1758915960000,2025-09-26T19:46:00Z,109120.12
1758916020000,2025-09-26T19:47:00Z,109035.59
1758916080000,2025-09-26T19:48:00Z,109109.0
1758916140000,2025-09-26T19:49:00Z,109188.46
1758916200000,2025-09-26T19:50:00Z,109118.95
1758916260000,2025-09-26T19:51:00Z,109145.29
1758916320000,2025-09-26T19:52:00Z,109130.56
1758916380000,2025-09-26T19:53:00Z,109137.92
1758916440000,2025-09-26T19:54:00Z,109209.3
1758916500000,2025-09-26T19:55:00Z,109145.17
1758916560000,2025-09-26T19:56:00Z,109101.07
1758916620000,2025-09-26T19:57:00Z,109120.16
1758916680000,2025-09-26T19:58:00Z,109179.36
1758916740000,2025-09-26T19:59:00Z,109172.2
1758916800000,2025-09-26T20:00:00Z,109135.93
1758916860000,2025-09-26T20:01:00Z,109110.01
1758916920000,2025-09-26T20:02:00Z,109136.14
1758916980000,2025-09-26T20:03:00Z,109170.51
1758917040000,2025-09-26T20:04:00Z,109211.89
1758917100000,2025-09-26T20:05:00Z,109154.92
1758917160000,2025-09-26T20:06:00Z,109193.94
1758917220000,2025-09-26T20:07:00Z,109204.86
1758917280000,2025-09-26T20:08:00Z,109249.99
1758917340000,2025-09-26T20:09:00Z,109228.3
1758917400000,2025-09-26T20:10:00Z,109184.61
1758917460000,2025-09-26T20:11:00Z,109224.32
1758917520000,2025-09-26T20:12:00Z,109179.42
1758917580000,2025-09-26T20:13:00Z,109261.57
1758917640000,2025-09-26T20:14:00Z,109293.16
1758917700000,2025-09-26T20:15:00Z,109295.75
1758917760000,2025-09-26T20:16:00Z,109244.3
1758917820000,2025-09-26T20:17:00Z,109220.01
1758917880000,2025-09-26T20:18:00Z,109147.07
1758917940000,2025-09-26T20:19:00Z,109129.21
1758918000000,2025-09-26T20:20:00Z,109109.4
1758918060000,2025-09-26T20:21:00Z,109088.04
1758918120000,2025-09-26T20:22:00Z,109104.42
1758918180000,2025-09-26T20:23:00Z,109104.42
1758918240000,2025-09-26T20:24:00Z,109096.75
1758918300000,2025-09-26T20:25:00Z,109104.42
1758918360000,2025-09-26T20:26:00Z,109148.49
1758918420000,2025-09-26T20:27:00Z,109171.67
1758918480000,2025-09-26T20:28:00Z,109137.58
1758918540000,2025-09-26T20:29:00Z,109152.76
1758918600000,2025-09-26T20:30:00Z,109172.2
1758918660000,2025-09-26T20:31:00Z,109194.49
1758918720000,2025-09-26T20:32:00Z,109177.38
1758918780000,2025-09-26T20:33:00Z,109168.57
1758918840000,2025-09-26T20:34:00Z,109190.02
1758918900000,2025-09-26T20:35:00Z,109205.81
1758918960000,2025-09-26T20:36:00Z,109230.46
1758919020000,2025-09-26T20:37:00Z,109229.18
1758919080000,2025-09-26T20:38:00Z,109221.28
1758919140000,2025-09-26T20:39:00Z,109183.98
1758919200000,2025-09-26T20:40:00Z,109180.0
1758919260000,2025-09-26T20:41:00Z,109189.46
1758919320000,2025-09-26T20:42:00Z,109189.47
1758919380000,2025-09-26T20:43:00Z,109178.08
1758919440000,2025-09-26T20:44:00Z,109178.08
1758919500000,2025-09-26T20:45:00Z,109178.09
1758919560000,2025-09-26T20:46:00Z,109194.57
1758919620000,2025-09-26T20:47:00Z,109194.57
1758919680000,2025-09-26T20:48:00Z,109211.0
1758919740000,2025-09-26T20:49:00Z,109239.71
1758919800000,2025-09-26T20:50:00Z,109292.01
1758919860000,2025-09-26T20:51:00Z,109293.87
1758919920000,2025-09-26T20:52:00Z,109312.4
1758919980000,2025-09-26T20:53:00Z,109297.8
1758920040000,2025-09-26T20:54:00Z,109280.0
1758920100000,2025-09-26T20:55:00Z,109314.68
1758920160000,2025-09-26T20:56:00Z,109289.31
1758920220000,2025-09-26T20:57:00Z,109298.53
1758920280000,2025-09-26T20:58:00Z,109309.99
1758920340000,2025-09-26T20:59:00Z,109288.44
1758920400000,2025-09-26T21:00:00Z,109235.01
1758920460000,2025-09-26T21:01:00Z,109254.36
1758920520000,2025-09-26T21:02:00Z,109248.91
1758920580000,2025-09-26T21:03:00Z,109204.29
1758920640000,2025-09-26T21:04:00Z,109204.3
1758920700000,2025-09-26T21:05:00Z,109204.3
1758920760000,2025-09-26T21:06:00Z,109204.3
1758920820000,2025-09-26T21:07:00Z,109220.38
1758920880000,2025-09-26T21:08:00Z,109203.6
1758920940000,2025-09-26T21:09:00Z,109189.18
1758921000000,2025-09-26T21:10:00Z,109199.68
1758921060000,2025-09-26T21:11:00Z,109216.5
1758921120000,2025-09-26T21:12:00Z,109244.92
1758921180000,2025-09-26T21:13:00Z,109254.94
1758921240000,2025-09-26T21:14:00Z,109458.13
1758921300000,2025-09-26T21:15:00Z,109408.0
1758921360000,2025-09-26T21:16:00Z,109345.72
1758921420000,2025-09-26T21:17:00Z,109329.21
1758921480000,2025-09-26T21:18:00Z,109360.61
1758921540000,2025-09-26T21:19:00Z,109352.03
1758921600000,2025-09-26T21:20:00Z,109346.05
1758921660000,2025-09-26T21:21:00Z,109334.54
1758921720000,2025-09-26T21:22:00Z,109340.8
1758921780000,2025-09-26T21:23:00Z,109362.4
1758921840000,2025-09-26T21:24:00Z,109433.16
1758921900000,2025-09-26T21:25:00Z,109422.62
1758921960000,2025-09-26T21:26:00Z,109425.25
1758922020000,2025-09-26T21:27:00Z,109414.24
1758922080000,2025-09-26T21:28:00Z,109431.99
1758922140000,2025-09-26T21:29:00Z,109465.6
1758922200000,2025-09-26T21:30:00Z,109428.01
1758922260000,2025-09-26T21:31:00Z,109411.12
1758922320000,2025-09-26T21:32:00Z,109418.22
1758922380000,2025-09-26T21:33:00Z,109428.36
1758922440000,2025-09-26T21:34:00Z,109428.36
1758922500000,2025-09-26T21:35:00Z,109428.25
1758922560000,2025-09-26T21:36:00Z,109427.68
1758922620000,2025-09-26T21:37:00Z,109427.68
1758922680000,2025-09-26T21:38:00Z,109427.67
1758922740000,2025-09-26T21:39:00Z,109427.68
1758922800000,2025-09-26T21:40:00Z,109408.0
1758922860000,2025-09-26T21:41:00Z,109380.16
1758922920000,2025-09-26T21:42:00Z,109380.15
1758922980000,2025-09-26T21:43:00Z,109372.47
1758923040000,2025-09-26T21:44:00Z,109348.76
1758923100000,2025-09-26T21:45:00Z,109320.92
1758923160000,2025-09-26T21:46:00Z,109329.76
1758923220000,2025-09-26T21:47:00Z,109348.0
1758923280000,2025-09-26T21:48:00Z,109339.01
1758923340000,2025-09-26T21:49:00Z,109362.67
1758923400000,2025-09-26T21:50:00Z,109459.33
1758923460000,2025-09-26T21:51:00Z,109493.91
1758923520000,2025-09-26T21:52:00Z,109486.41
1758923580000,2025-09-26T21:53:00Z,109405.72
1758923640000,2025-09-26T21:54:00Z,109418.74
1758923700000,2025-09-26T21:55:00Z,109430.75
1758923760000,2025-09-26T21:56:00Z,109473.9
1758923820000,2025-09-26T21:57:00Z,109527.29
1758923880000,2025-09-26T21:58:00Z,109530.0
1758923940000,2025-09-26T21:59:00Z,109469.07
1758924000000,2025-09-26T22:00:00Z,109479.94
1758924060000,2025-09-26T22:01:00Z,109479.95
1758924120000,2025-09-26T22:02:00Z,109423.68
1758924180000,2025-09-26T22:03:00Z,109408.87
1758924240000,2025-09-26T22:04:00Z,109400.77
1758924300000,2025-09-26T22:05:00Z,109362.52
1758924360000,2025-09-26T22:06:00Z,109356.97
1758924420000,2025-09-26T22:07:00Z,109356.96
1758924480000,2025-09-26T22:08:00Z,109383.18
1758924540000,2025-09-26T22:09:00Z,109470.29
1758924600000,2025-09-26T22:10:00Z,109516.0
1758924660000,2025-09-26T22:11:00Z,109486.2
1758924720000,2025-09-26T22:12:00Z,109510.59
1758924780000,2025-09-26T22:13:00Z,109527.22
1758924840000,2025-09-26T22:14:00Z,109520.0
1758924900000,2025-09-26T22:15:00Z,109520.01
1758924960000,2025-09-26T22:16:00Z,109529.99
1758925020000,2025-09-26T22:17:00Z,109564.27
1758925080000,2025-09-26T22:18:00Z,109564.27
1758925140000,2025-09-26T22:19:00Z,109528.66
1758925200000,2025-09-26T22:20:00Z,109489.22
1758925260000,2025-09-26T22:21:00Z,109454.81
1758925320000,2025-09-26T22:22:00Z,109470.31
1758925380000,2025-09-26T22:23:00Z,109500.11
1758925440000,2025-09-26T22:24:00Z,109500.11
1758925500000,2025-09-26T22:25:00Z,109500.12
1758925560000,2025-09-26T22:26:00Z,109500.11
1758925620000,2025-09-26T22:27:00Z,109500.12
1758925680000,2025-09-26T22:28:00Z,109500.12
1758925740000,2025-09-26T22:29:00Z,109500.11
1758925800000,2025-09-26T22:30:00Z,109545.44
1758925860000,2025-09-26T22:31:00Z,109489.17
1758925920000,2025-09-26T22:32:00Z,109489.18
1758925980000,2025-09-26T22:33:00Z,109515.59
1758926040000,2025-09-26T22:34:00Z,109506.39
1758926100000,2025-09-26T22:35:00Z,109512.26
1758926160000,2025-09-26T22:36:00Z,109533.1
1758926220000,2025-09-26T22:37:00Z,109533.1
1758926280000,2025-09-26T22:38:00Z,109553.06
1758926340000,2025-09-26T22:39:00Z,109553.07
1758926400000,2025-09-26T22:40:00Z,109553.07
1758926460000,2025-09-26T22:41:00Z,109553.07
1758926520000,2025-09-26T22:42:00Z,109553.07
1758926580000,2025-09-26T22:43:00Z,109553.07
1758926640000,2025-09-26T22:44:00Z,109536.62
1758926700000,2025-09-26T22:45:00Z,109571.28
1758926760000,2025-09-26T22:46:00Z,109571.28
1758926820000,2025-09-26T22:47:00Z,109595.35
1758926880000,2025-09-26T22:48:00Z,109595.35
1758926940000,2025-09-26T22:49:00Z,109600.28
1758927000000,2025-09-26T22:50:00Z,109607.37
1758927060000,2025-09-26T22:51:00Z,109607.38
1758927120000,2025-09-26T22:52:00Z,109607.38
1758927180000,2025-09-26T22:53:00Z,109576.0
1758927240000,2025-09-26T22:54:00Z,109576.0
1758927300000,2025-09-26T22:55:00Z,109567.64
1758927360000,2025-09-26T22:56:00Z,109526.48
1758927420000,2025-09-26T22:57:00Z,109558.25
1758927480000,2025-09-26T22:58:00Z,109558.25
1758927540000,2025-09-26T22:59:00Z,109558.25
1758927600000,2025-09-26T23:00:00Z,109558.24
1758927660000,2025-09-26T23:01:00Z,109530.59
1758927720000,2025-09-26T23:02:00Z,109492.6
1758927780000,2025-09-26T23:03:00Z,109492.59
1758927840000,2025-09-26T23:04:00Z,109501.5
1758927900000,2025-09-26T23:05:00Z,109492.75
1758927960000,2025-09-26T23:06:00Z,109492.76
1758928020000,2025-09-26T23:07:00Z,109485.3
1758928080000,2025-09-26T23:08:00Z,109485.29
1758928140000,2025-09-26T23:09:00Z,109485.3
1758928200000,2025-09-26T23:10:00Z,109496.24
1758928260000,2025-09-26T23:11:00Z,109496.25
1758928320000,2025-09-26T23:12:00Z,109496.25
1758928380000,2025-09-26T23:13:00Z,109485.77
1758928440000,2025-09-26T23:14:00Z,109485.29
1758928500000,2025-09-26T23:15:00Z,109436.74
1758928560000,2025-09-26T23:16:00Z,109432.08
1758928620000,2025-09-26T23:17:00Z,109447.79
1758928680000,2025-09-26T23:18:00Z,109464.75
1758928740000,2025-09-26T23:19:00Z,109476.61
1758928800000,2025-09-26T23:20:00Z,109520.26
1758928860000,2025-09-26T23:21:00Z,109547.05
1758928920000,2025-09-26T23:22:00Z,109537.41
1758928980000,2025-09-26T23:23:00Z,109537.41
1758929040000,2025-09-26T23:24:00Z,109537.41
1758929100000,2025-09-26T23:25:00Z,109546.91
1758929160000,2025-09-26T23:26:00Z,109546.91
1758929220000,2025-09-26T23:27:00Z,109546.91
1758929280000,2025-09-26T23:28:00Z,109546.91
1758929340000,2025-09-26T23:29:00Z,109555.06
1758929400000,2025-09-26T23:30:00Z,109605.62
1758929460000,2025-09-26T23:31:00Z,109616.59
1758929520000,2025-09-26T23:32:00Z,109657.13
1758929580000,2025-09-26T23:33:00Z,109649.99
1758929640000,2025-09-26T23:34:00Z,109648.1
1758929700000,2025-09-26T23:35:00Z,109648.11
1758929760000,2025-09-26T23:36:00Z,109629.42
1758929820000,2025-09-26T23:37:00Z,109650.62
1758929880000,2025-09-26T23:38:00Z,109660.5
1758929940000,2025-09-26T23:39:00Z,109660.5
1758930000000,2025-09-26T23:40:00Z,109662.62
1758930060000,2025-09-26T23:41:00Z,109651.66
1758930120000,2025-09-26T23:42:00Z,109632.46
1758930180000,2025-09-26T23:43:00Z,109659.38
1758930240000,2025-09-26T23:44:00Z,109670.59
1758930300000,2025-09-26T23:45:00Z,109659.38
1758930360000,2025-09-26T23:46:00Z,109640.14
1758930420000,2025-09-26T23:47:00Z,109640.15
1758930480000,2025-09-26T23:48:00Z,109666.85
1758930540000,2025-09-26T23:49:00Z,109666.85
1758930600000,2025-09-26T23:50:00Z,109637.43
1758930660000,2025-09-26T23:51:00Z,109637.43
1758930720000,2025-09-26T23:52:00Z,109637.43
1758930780000,2025-09-26T23:53:00Z,109659.98
1758930840000,2025-09-26T23:54:00Z,109659.98
1758930900000,2025-09-26T23:55:00Z,109657.97
1758930960000,2025-09-26T23:56:00Z,109663.75
1758931020000,2025-09-26T23:57:00Z,109679.66
1758931080000,2025-09-26T23:58:00Z,109649.99
1758931140000,2025-09-26T23:59:00Z,109643.46
1758931200000,2025-09-27T00:00:00Z,109608.83
1758931260000,2025-09-27T00:01:00Z,109600.01
1758931320000,2025-09-27T00:02:00Z,109588.26
1758931380000,2025-09-27T00:03:00Z,109617.55
1758931440000,2025-09-27T00:04:00Z,109649.99
1758931500000,2025-09-27T00:05:00Z,109613.69
1758931560000,2025-09-27T00:06:00Z,109605.75
1758931620000,2025-09-27T00:07:00Z,109600.01
1758931680000,2025-09-27T00:08:00Z,109649.97
1758931740000,2025-09-27T00:09:00Z,109608.82
1758931800000,2025-09-27T00:10:00Z,109594.42
1758931860000,2025-09-27T00:11:00Z,109594.43
1758931920000,2025-09-27T00:12:00Z,109594.42
1758931980000,2025-09-27T00:13:00Z,109594.43
1758932040000,2025-09-27T00:14:00Z,109594.43
1758932100000,2025-09-27T00:15:00Z,109617.31
1758932160000,2025-09-27T00:16:00Z,109617.31
1758932220000,2025-09-27T00:17:00Z,109639.48
1758932280000,2025-09-27T00:18:00Z,109646.91
1758932340000,2025-09-27T00:19:00Z,109660.88
1758932400000,2025-09-27T00:20:00Z,109637.56
1758932460000,2025-09-27T00:21:00Z,109599.53
1758932520000,2025-09-27T00:22:00Z,109600.0
1758932580000,2025-09-27T00:23:00Z,109588.24
1758932640000,2025-09-27T00:24:00Z,109512.25
1758932700000,2025-09-27T00:25:00Z,109500.0
1758932760000,2025-09-27T00:26:00Z,109584.13
1758932820000,2025-09-27T00:27:00Z,109594.7
1758932880000,2025-09-27T00:28:00Z,109594.71
1758932940000,2025-09-27T00:29:00Z,109590.42
1758933000000,2025-09-27T00:30:00Z,109588.24
1758933060000,2025-09-27T00:31:00Z,109558.84
1758933120000,2025-09-27T00:32:00Z,109560.74
1758933180000,2025-09-27T00:33:00Z,109537.45
1758933240000,2025-09-27T00:34:00Z,109518.49
1758933300000,2025-09-27T00:35:00Z,109505.88
1758933360000,2025-09-27T00:36:00Z,109511.97
1758933420000,2025-09-27T00:37:00Z,109491.01
1758933480000,2025-09-27T00:38:00Z,109498.09
1758933540000,2025-09-27T00:39:00Z,109522.3
1758933600000,2025-09-27T00:40:00Z,109486.51
1758933660000,2025-09-27T00:41:00Z,109500.07
1758933720000,2025-09-27T00:42:00Z,109491.94
1758933780000,2025-09-27T00:43:00Z,109491.94
1758933840000,2025-09-27T00:44:00Z,109475.49
1758933900000,2025-09-27T00:45:00Z,109475.5
1758933960000,2025-09-27T00:46:00Z,109495.97
1758934020000,2025-09-27T00:47:00Z,109488.0
1758934080000,2025-09-27T00:48:00Z,109488.01
1758934140000,2025-09-27T00:49:00Z,109488.0
1758934200000,2025-09-27T00:50:00Z,109515.23
1758934260000,2025-09-27T00:51:00Z,109493.3
1758934320000,2025-09-27T00:52:00Z,109537.84
1758934380000,2025-09-27T00:53:00Z,109576.88
1758934440000,2025-09-27T00:54:00Z,109576.87
1758934500000,2025-09-27T00:55:00Z,109588.24
1758934560000,2025-09-27T00:56:00Z,109588.24
1758934620000,2025-09-27T00:57:00Z,109588.23
1758934680000,2025-09-27T00:58:00Z,109621.94
1758934740000,2025-09-27T00:59:00Z,109649.29
1758934800000,2025-09-27T01:00:00Z,109649.29
1758934860000,2025-09-27T01:01:00Z,109650.35
1758934920000,2025-09-27T01:02:00Z,109622.69
1758934980000,2025-09-27T01:03:00Z,109622.68
1758935040000,2025-09-27T01:04:00Z,109632.61
1758935100000,2025-09-27T01:05:00Z,109612.62
1758935160000,2025-09-27T01:06:00Z,109612.61
1758935220000,2025-09-27T01:07:00Z,109608.83
1758935280000,2025-09-27T01:08:00Z,109632.87
1758935340000,2025-09-27T01:09:00Z,109590.78
1758935400000,2025-09-27T01:10:00Z,109561.94
1758935460000,2025-09-27T01:11:00Z,109542.66
1758935520000,2025-09-27T01:12:00Z,109526.48
1758935580000,2025-09-27T01:13:00Z,109508.72
1758935640000,2025-09-27T01:14:00Z,109526.5
1758935700000,2025-09-27T01:15:00Z,109509.83
1758935760000,2025-09-27T01:16:00Z,109472.44
1758935820000,2025-09-27T01:17:00Z,109490.89
1758935880000,2025-09-27T01:18:00Z,109514.03
1758935940000,2025-09-27T01:19:00Z,109486.54
1758936000000,2025-09-27T01:20:00Z,109464.7
1758936060000,2025-09-27T01:21:00Z,109481.98
1758936120000,2025-09-27T01:22:00Z,109475.36
1758936180000,2025-09-27T01:23:00Z,109459.38
1758936240000,2025-09-27T01:24:00Z,109452.88
1758936300000,2025-09-27T01:25:00Z,109468.04
1758936360000,2025-09-27T01:26:00Z,109468.05
1758936420000,2025-09-27T01:27:00Z,109448.83
1758936480000,2025-09-27T01:28:00Z,109473.39
1758936540000,2025-09-27T01:29:00Z,109480.0
1758936600000,2025-09-27T01:30:00Z,109521.77
1758936660000,2025-09-27T01:31:00Z,109500.48
1758936720000,2025-09-27T01:32:00Z,109437.14
1758936780000,2025-09-27T01:33:00Z,109422.23
1758936840000,2025-09-27T01:34:00Z,109452.0
1758936900000,2025-09-27T01:35:00Z,109455.4
1758936960000,2025-09-27T01:36:00Z,109464.41
1758937020000,2025-09-27T01:37:00Z,109487.56
1758937080000,2025-09-27T01:38:00Z,109500.0
1758937140000,2025-09-27T01:39:00Z,109430.42
1758937200000,2025-09-27T01:40:00Z,109443.76
1758937260000,2025-09-27T01:41:00Z,109351.41
1758937320000,2025-09-27T01:42:00Z,109370.94
1758937380000,2025-09-27T01:43:00Z,109351.73
1758937440000,2025-09-27T01:44:00Z,109330.09
1758937500000,2025-09-27T01:45:00Z,109346.85
1758937560000,2025-09-27T01:46:00Z,109357.72
1758937620000,2025-09-27T01:47:00Z,109360.89
1758937680000,2025-09-27T01:48:00Z,109376.93
1758937740000,2025-09-27T01:49:00Z,109370.53
1758937800000,2025-09-27T01:50:00Z,109389.66
1758937860000,2025-09-27T01:51:00Z,109397.96
1758937920000,2025-09-27T01:52:00Z,109385.23
1758937980000,2025-09-27T01:53:00Z,109400.0
1758938040000,2025-09-27T01:54:00Z,109415.51
1758938100000,2025-09-27T01:55:00Z,109415.5
1758938160000,2025-09-27T01:56:00Z,109415.5
1758938220000,2025-09-27T01:57:00Z,109426.42
1758938280000,2025-09-27T01:58:00Z,109431.92
1758938340000,2025-09-27T01:59:00Z,109431.92
1758938400000,2025-09-27T02:00:00Z,109443.86
1758938460000,2025-09-27T02:01:00Z,109447.82
1758938520000,2025-09-27T02:02:00Z,109465.0
1758938580000,2025-09-27T02:03:00Z,109465.0
1758938640000,2025-09-27T02:04:00Z,109468.96
1758938700000,2025-09-27T02:05:00Z,109467.34
1758938760000,2025-09-27T02:06:00Z,109467.35
1758938820000,2025-09-27T02:07:00Z,109448.06
1758938880000,2025-09-27T02:08:00Z,109432.0
1758938940000,2025-09-27T02:09:00Z,109419.96
1758939000000,2025-09-27T02:10:00Z,109382.03
1758939060000,2025-09-27T02:11:00Z,109399.06
1758939120000,2025-09-27T02:12:00Z,109423.52
1758939180000,2025-09-27T02:13:00Z,109405.08
1758939240000,2025-09-27T02:14:00Z,109438.5
1758939300000,2025-09-27T02:15:00Z,109450.87
1758939360000,2025-09-27T02:16:00Z,109433.11
1758939420000,2025-09-27T02:17:00Z,109411.77
1758939480000,2025-09-27T02:18:00Z,109349.79
1758939540000,2025-09-27T02:19:00Z,109341.05
1758939600000,2025-09-27T02:20:00Z,109349.83
1758939660000,2025-09-27T02:21:00Z,109347.53
1758939720000,2025-09-27T02:22:00Z,109343.85
1758939780000,2025-09-27T02:23:00Z,109325.32
1758939840000,2025-09-27T02:24:00Z,109325.33
1758939900000,2025-09-27T02:25:00Z,109324.42
1758939960000,2025-09-27T02:26:00Z,109324.43
1758940020000,2025-09-27T02:27:00Z,109327.29
1758940080000,2025-09-27T02:28:00Z,109327.3
1758940140000,2025-09-27T02:29:00Z,109342.44
1758940200000,2025-09-27T02:30:00Z,109341.17
1758940260000,2025-09-27T02:31:00Z,109340.0
1758940320000,2025-09-27T02:32:00Z,109355.97
1758940380000,2025-09-27T02:33:00Z,109402.95
1758940440000,2025-09-27T02:34:00Z,109384.0
1758940500000,2025-09-27T02:35:00Z,109402.96
1758940560000,2025-09-27T02:36:00Z,109435.75
1758940620000,2025-09-27T02:37:00Z,109415.0
1758940680000,2025-09-27T02:38:00Z,109434.41
1758940740000,2025-09-27T02:39:00Z,109446.16
1758940800000,2025-09-27T02:40:00Z,109438.05
1758940860000,2025-09-27T02:41:00Z,109438.04
1758940920000,2025-09-27T02:42:00Z,109438.04
1758940980000,2025-09-27T02:43:00Z,109438.05
1758941040000,2025-09-27T02:44:00Z,109438.04
1758941100000,2025-09-27T02:45:00Z,109427.13
1758941160000,2025-09-27T02:46:00Z,109400.61
1758941220000,2025-09-27T02:47:00Z,109438.04
1758941280000,2025-09-27T02:48:00Z,109416.17
1758941340000,2025-09-27T02:49:00Z,109391.09
1758941400000,2025-09-27T02:50:00Z,109412.33
1758941460000,2025-09-27T02:51:00Z,109412.33
1758941520000,2025-09-27T02:52:00Z,109410.26
1758941580000,2025-09-27T02:53:00Z,109410.5
1758941640000,2025-09-27T02:54:00Z,109412.01
1758941700000,2025-09-27T02:55:00Z,109402.94
1758941760000,2025-09-27T02:56:00Z,109392.25
1758941820000,2025-09-27T02:57:00Z,109392.25
1758941880000,2025-09-27T02:58:00Z,109392.25
1758941940000,2025-09-27T02:59:00Z,109408.18
1758942000000,2025-09-27T03:00:00Z,109428.62
1758942060000,2025-09-27T03:01:00Z,109440.0
1758942120000,2025-09-27T03:02:00Z,109440.0
1758942180000,2025-09-27T03:03:00Z,109483.75
1758942240000,2025-09-27T03:04:00Z,109466.33
1758942300000,2025-09-27T03:05:00Z,109450.14
1758942360000,2025-09-27T03:06:00Z,109445.27
1758942420000,2025-09-27T03:07:00Z,109438.17
1758942480000,2025-09-27T03:08:00Z,109438.16
1758942540000,2025-09-27T03:09:00Z,109438.16
1758942600000,2025-09-27T03:10:00Z,109438.16
1758942660000,2025-09-27T03:11:00Z,109438.17
1758942720000,2025-09-27T03:12:00Z,109438.17
1758942780000,2025-09-27T03:13:00Z,109438.17
1758942840000,2025-09-27T03:14:00Z,109446.45
1758942900000,2025-09-27T03:15:00Z,109446.44
1758942960000,2025-09-27T03:16:00Z,109459.03
1758943020000,2025-09-27T03:17:00Z,109479.67
1758943080000,2025-09-27T03:18:00Z,109479.66
1758943140000,2025-09-27T03:19:00Z,109479.67
1758943200000,2025-09-27T03:20:00Z,109484.48
1758943260000,2025-09-27T03:21:00Z,109498.2
1758943320000,2025-09-27T03:22:00Z,109498.2
1758943380000,2025-09-27T03:23:00Z,109498.19
1758943440000,2025-09-27T03:24:00Z,109497.73
1758943500000,2025-09-27T03:25:00Z,109519.8
1758943560000,2025-09-27T03:26:00Z,109549.19
1758943620000,2025-09-27T03:27:00Z,109572.01
1758943680000,2025-09-27T03:28:00Z,109566.67
1758943740000,2025-09-27T03:29:00Z,109542.05
1758943800000,2025-09-27T03:30:00Z,109542.05
1758943860000,2025-09-27T03:31:00Z,109557.9
1758943920000,2025-09-27T03:32:00Z,109620.15
1758943980000,2025-09-27T03:33:00Z,109617.49
1758944040000,2025-09-27T03:34:00Z,109591.57
1758944100000,2025-09-27T03:35:00Z,109582.39
1758944160000,2025-09-27T03:36:00Z,109634.65
1758944220000,2025-09-27T03:37:00Z,109651.0
1758944280000,2025-09-27T03:38:00Z,109690.81
1758944340000,2025-09-27T03:39:00Z,109690.8
1758944400000,2025-09-27T03:40:00Z,109689.98
1758944460000,2025-09-27T03:41:00Z,109659.89
1758944520000,2025-09-27T03:42:00Z,109665.55
1758944580000,2025-09-27T03:43:00Z,109637.44
1758944640000,2025-09-27T03:44:00Z,109635.98
1758944700000,2025-09-27T03:45:00Z,109617.18
1758944760000,2025-09-27T03:46:00Z,109648.77
1758944820000,2025-09-27T03:47:00Z,109625.03
1758944880000,2025-09-27T03:48:00Z,109640.73
1758944940000,2025-09-27T03:49:00Z,109603.71
1758945000000,2025-09-27T03:50:00Z,109590.59
1758945060000,2025-09-27T03:51:00Z,109603.41
1758945120000,2025-09-27T03:52:00Z,109566.75
1758945180000,2025-09-27T03:53:00Z,109574.54
1758945240000,2025-09-27T03:54:00Z,109583.28
1758945300000,2025-09-27T03:55:00Z,109547.98
1758945360000,2025-09-27T03:56:00Z,109537.64
1758945420000,2025-09-27T03:57:00Z,109527.46
1758945480000,2025-09-27T03:58:00Z,109550.36
1758945540000,2025-09-27T03:59:00Z,109553.77
1758945600000,2025-09-27T04:00:00Z,109557.75
1758945660000,2025-09-27T04:01:00Z,109538.62
1758945720000,2025-09-27T04:02:00Z,109583.42
1758945780000,2025-09-27T04:03:00Z,109610.64
1758945840000,2025-09-27T04:04:00Z,109621.22
1758945900000,2025-09-27T04:05:00Z,109599.86
1758945960000,2025-09-27T04:06:00Z,109593.96
1758946020000,2025-09-27T04:07:00Z,109575.68
1758946080000,2025-09-27T04:08:00Z,109583.9
1758946140000,2025-09-27T04:09:00Z,109583.9
1758946200000,2025-09-27T04:10:00Z,109556.18
1758946260000,2025-09-27T04:11:00Z,109552.76
1758946320000,2025-09-27T04:12:00Z,109547.3
1758946380000,2025-09-27T04:13:00Z,109547.3
1758946440000,2025-09-27T04:14:00Z,109550.0
1758946500000,2025-09-27T04:15:00Z,109566.65
1758946560000,2025-09-27T04:16:00Z,109586.77
1758946620000,2025-09-27T04:17:00Z,109580.01
1758946680000,2025-09-27T04:18:00Z,109580.0
1758946740000,2025-09-27T04:19:00Z,109580.0
1758946800000,2025-09-27T04:20:00Z,109580.0
1758946860000,2025-09-27T04:21:00Z,109589.47
1758946920000,2025-09-27T04:22:00Z,109582.87
1758946980000,2025-09-27T04:23:00Z,109580.02
1758947040000,2025-09-27T04:24:00Z,109580.01
1758947100000,2025-09-27T04:25:00Z,109601.31
1758947160000,2025-09-27T04:26:00Z,109589.41
1758947220000,2025-09-27T04:27:00Z,109600.0
1758947280000,2025-09-27T04:28:00Z,109611.16
1758947340000,2025-09-27T04:29:00Z,109694.32
1758947400000,2025-09-27T04:30:00Z,109694.35
1758947460000,2025-09-27T04:31:00Z,109684.62
1758947520000,2025-09-27T04:32:00Z,109691.26
1758947580000,2025-09-27T04:33:00Z,109682.73
1758947640000,2025-09-27T04:34:00Z,109708.03
1758947700000,2025-09-27T04:35:00Z,109657.91
1758947760000,2025-09-27T04:36:00Z,109654.77
1758947820000,2025-09-27T04:37:00Z,109645.75
1758947880000,2025-09-27T04:38:00Z,109621.53
1758947940000,2025-09-27T04:39:00Z,109620.0
1758948000000,2025-09-27T04:40:00Z,109615.55
1758948060000,2025-09-27T04:41:00Z,109615.55
1758948120000,2025-09-27T04:42:00Z,109622.43
1758948180000,2025-09-27T04:43:00Z,109622.43
1758948240000,2025-09-27T04:44:00Z,109610.55
1758948300000,2025-09-27T04:45:00Z,109603.65
1758948360000,2025-09-27T04:46:00Z,109613.12
1758948420000,2025-09-27T04:47:00Z,109613.15
1758948480000,2025-09-27T04:48:00Z,109613.15
1758948540000,2025-09-27T04:49:00Z,109613.15
1758948600000,2025-09-27T04:50:00Z,109638.79
1758948660000,2025-09-27T04:51:00Z,109638.79
1758948720000,2025-09-27T04:52:00Z,109638.8
1758948780000,2025-09-27T04:53:00Z,109638.8
1758948840000,2025-09-27T04:54:00Z,109638.79
1758948900000,2025-09-27T04:55:00Z,109662.19
1758948960000,2025-09-27T04:56:00Z,109649.18
1758949020000,2025-09-27T04:57:00Z,109641.58
1758949080000,2025-09-27T04:58:00Z,109654.99
1758949140000,2025-09-27T04:59:00Z,109654.99
1758949200000,2025-09-27T05:00:00Z,109654.99
1758949260000,2025-09-27T05:01:00Z,109645.66
1758949320000,2025-09-27T05:02:00Z,109632.83
1758949380000,2025-09-27T05:03:00Z,109632.83
1758949440000,2025-09-27T05:04:00Z,109632.82
1758949500000,2025-09-27T05:05:00Z,109610.01
1758949560000,2025-09-27T05:06:00Z,109600.53
1758949620000,2025-09-27T05:07:00Z,109600.0
1758949680000,2025-09-27T05:08:00Z,109600.01
1758949740000,2025-09-27T05:09:00Z,109616.0
1758949800000,2025-09-27T05:10:00Z,109611.03
1758949860000,2025-09-27T05:11:00Z,109611.03
1758949920000,2025-09-27T05:12:00Z,109611.04
1758949980000,2025-09-27T05:13:00Z,109611.04
1758950040000,2025-09-27T05:14:00Z,109611.04
1758950100000,2025-09-27T05:15:00Z,109621.5
1758950160000,2025-09-27T05:16:00Z,109648.22
1758950220000,2025-09-27T05:17:00Z,109638.45
1758950280000,2025-09-27T05:18:00Z,109638.45
1758950340000,2025-09-27T05:19:00Z,109638.46
1758950400000,2025-09-27T05:20:00Z,109623.67
1758950460000,2025-09-27T05:21:00Z,109628.68
1758950520000,2025-09-27T05:22:00Z,109628.68
1758950580000,2025-09-27T05:23:00Z,109615.02
1758950640000,2025-09-27T05:24:00Z,109615.01
1758950700000,2025-09-27T05:25:00Z,109601.35
1758950760000,2025-09-27T05:26:00Z,109601.34
1758950820000,2025-09-27T05:27:00Z,109601.35
1758950880000,2025-09-27T05:28:00Z,109601.34
1758950940000,2025-09-27T05:29:00Z,109612.3
1758951000000,2025-09-27T05:30:00Z,109612.3
1758951060000,2025-09-27T05:31:00Z,109612.3
1758951120000,2025-09-27T05:32:00Z,109629.48
1758951180000,2025-09-27T05:33:00Z,109629.48
1758951240000,2025-09-27T05:34:00Z,109629.49
1758951300000,2025-09-27T05:35:00Z,109629.48
1758951360000,2025-09-27T05:36:00Z,109652.21
1758951420000,2025-09-27T05:37:00Z,109652.22
1758951480000,2025-09-27T05:38:00Z,109652.22
1758951540000,2025-09-27T05:39:00Z,109684.28
1758951600000,2025-09-27T05:40:00Z,109684.28
1758951660000,2025-09-27T05:41:00Z,109684.28
1758951720000,2025-09-27T05:42:00Z,109655.2
1758951780000,2025-09-27T05:43:00Z,109655.2
1758951840000,2025-09-27T05:44:00Z,109655.2
1758951900000,2025-09-27T05:45:00Z,109663.72
1758951960000,2025-09-27T05:46:00Z,109663.73
1758952020000,2025-09-27T05:47:00Z,109668.62
1758952080000,2025-09-27T05:48:00Z,109652.23
1758952140000,2025-09-27T05:49:00Z,109631.58
1758952200000,2025-09-27T05:50:00Z,109631.58
1758952260000,2025-09-27T05:51:00Z,109631.58
1758952320000,2025-09-27T05:52:00Z,109638.51
1758952380000,2025-09-27T05:53:00Z,109649.47
1758952440000,2025-09-27T05:54:00Z,109652.85
1758952500000,2025-09-27T05:55:00Z,109652.24
1758952560000,2025-09-27T05:56:00Z,109608.88
1758952620000,2025-09-27T05:57:00Z,109608.88
1758952680000,2025-09-27T05:58:00Z,109635.73
1758952740000,2025-09-27T05:59:00Z,109635.72
1758952800000,2025-09-27T06:00:00Z,109635.73
1758952860000,2025-09-27T06:01:00Z,109605.36
1758952920000,2025-09-27T06:02:00Z,109605.37
1758952980000,2025-09-27T06:03:00Z,109611.9
1758953040000,2025-09-27T06:04:00Z,109627.75
1758953100000,2025-09-27T06:05:00Z,109627.75
1758953160000,2025-09-27T06:06:00Z,109600.46
1758953220000,2025-09-27T06:07:00Z,109565.18
1758953280000,2025-09-27T06:08:00Z,109551.25
1758953340000,2025-09-27T06:09:00Z,109561.9
1758953400000,2025-09-27T06:10:00Z,109561.9
1758953460000,2025-09-27T06:11:00Z,109561.9
1758953520000,2025-09-27T06:12:00Z,109561.89
1758953580000,2025-09-27T06:13:00Z,109579.99
1758953640000,2025-09-27T06:14:00Z,109579.97
1758953700000,2025-09-27T06:15:00Z,109560.18
1758953760000,2025-09-27T06:16:00Z,109551.45
1758953820000,2025-09-27T06:17:00Z,109542.21
1758953880000,2025-09-27T06:18:00Z,109534.49
1758953940000,2025-09-27T06:19:00Z,109540.43
1758954000000,2025-09-27T06:20:00Z,109547.54
1758954060000,2025-09-27T06:21:00Z,109547.54
1758954120000,2025-09-27T06:22:00Z,109547.53
1758954180000,2025-09-27T06:23:00Z,109547.54
1758954240000,2025-09-27T06:24:00Z,109533.74
1758954300000,2025-09-27T06:25:00Z,109522.99
1758954360000,2025-09-27T06:26:00Z,109535.36
1758954420000,2025-09-27T06:27:00Z,109547.54
1758954480000,2025-09-27T06:28:00Z,109547.53
1758954540000,2025-09-27T06:29:00Z,109547.53
1758954600000,2025-09-27T06:30:00Z,109547.52
1758954660000,2025-09-27T06:31:00Z,109547.52
1758954720000,2025-09-27T06:32:00Z,109547.52
1758954780000,2025-09-27T06:33:00Z,109522.97
1758954840000,2025-09-27T06:34:00Z,109522.97
1758954900000,2025-09-27T06:35:00Z,109522.96
1758954960000,2025-09-27T06:36:00Z,109522.85
1758955020000,2025-09-27T06:37:00Z,109522.84
1758955080000,2025-09-27T06:38:00Z,109518.74
1758955140000,2025-09-27T06:39:00Z,109517.39
1758955200000,2025-09-27T06:40:00Z,109512.07
1758955260000,2025-09-27T06:41:00Z,109512.06
1758955320000,2025-09-27T06:42:00Z,109500.01
1758955380000,2025-09-27T06:43:00Z,109500.0
1758955440000,2025-09-27T06:44:00Z,109484.9
1758955500000,2025-09-27T06:45:00Z,109481.44
1758955560000,2025-09-27T06:46:00Z,109507.99
1758955620000,2025-09-27T06:47:00Z,109508.01
1758955680000,2025-09-27T06:48:00Z,109508.01
1758955740000,2025-09-27T06:49:00Z,109508.01
1758955800000,2025-09-27T06:50:00Z,109508.01
1758955860000,2025-09-27T06:51:00Z,109508.0
1758955920000,2025-09-27T06:52:00Z,109508.0
1758955980000,2025-09-27T06:53:00Z,109507.99
1758956040000,2025-09-27T06:54:00Z,109507.99
1758956100000,2025-09-27T06:55:00Z,109541.35
1758956160000,2025-09-27T06:56:00Z,109541.35
1758956220000,2025-09-27T06:57:00Z,109541.35
1758956280000,2025-09-27T06:58:00Z,109541.36
1758956340000,2025-09-27T06:59:00Z,109541.36
1758956400000,2025-09-27T07:00:00Z,109541.35
1758956460000,2025-09-27T07:01:00Z,109556.59
1758956520000,2025-09-27T07:02:00Z,109556.58
1758956580000,2025-09-27T07:03:00Z,109556.58
1758956640000,2025-09-27T07:04:00Z,109556.58
1758956700000,2025-09-27T07:05:00Z,109556.59
1758956760000,2025-09-27T07:06:00Z,109560.36
1758956820000,2025-09-27T07:07:00Z,109567.86
1758956880000,2025-09-27T07:08:00Z,109527.27
1758956940000,2025-09-27T07:09:00Z,109531.38
1758957000000,2025-09-27T07:10:00Z,109544.27
1758957060000,2025-09-27T07:11:00Z,109544.28
1758957120000,2025-09-27T07:12:00Z,109544.27
1758957180000,2025-09-27T07:13:00Z,109567.85
1758957240000,2025-09-27T07:14:00Z,109559.99
1758957300000,2025-09-27T07:15:00Z,109560.0
1758957360000,2025-09-27T07:16:00Z,109560.0
1758957420000,2025-09-27T07:17:00Z,109540.0
1758957480000,2025-09-27T07:18:00Z,109540.01
1758957540000,2025-09-27T07:19:00Z,109570.36
1758957600000,2025-09-27T07:20:00Z,109570.35
1758957660000,2025-09-27T07:21:00Z,109570.35
1758957720000,2025-09-27T07:22:00Z,109570.36
1758957780000,2025-09-27T07:23:00Z,109519.46
1758957840000,2025-09-27T07:24:00Z,109519.45
1758957900000,2025-09-27T07:25:00Z,109519.46
1758957960000,2025-09-27T07:26:00Z,109515.23
1758958020000,2025-09-27T07:27:00Z,109500.0
1758958080000,2025-09-27T07:28:00Z,109494.29
1758958140000,2025-09-27T07:29:00Z,109494.19
1758958200000,2025-09-27T07:30:00Z,109494.19
1758958260000,2025-09-27T07:31:00Z,109429.83
1758958320000,2025-09-27T07:32:00Z,109458.02
1758958380000,2025-09-27T07:33:00Z,109433.47
1758958440000,2025-09-27T07:34:00Z,109433.48
1758958500000,2025-09-27T07:35:00Z,109443.72
1758958560000,2025-09-27T07:36:00Z,109434.59
1758958620000,2025-09-27T07:37:00Z,109437.31
1758958680000,2025-09-27T07:38:00Z,109433.48
1758958740000,2025-09-27T07:39:00Z,109404.94
1758958800000,2025-09-27T07:40:00Z,109392.75
1758958860000,2025-09-27T07:41:00Z,109403.56
1758958920000,2025-09-27T07:42:00Z,109405.16
1758958980000,2025-09-27T07:43:00Z,109402.43
1758959040000,2025-09-27T07:44:00Z,109385.52
1758959100000,2025-09-27T07:45:00Z,109368.24
1758959160000,2025-09-27T07:46:00Z,109349.45
1758959220000,2025-09-27T07:47:00Z,109339.57
1758959280000,2025-09-27T07:48:00Z,109363.61
1758959340000,2025-09-27T07:49:00Z,109376.48
1758959400000,2025-09-27T07:50:00Z,109376.48
1758959460000,2025-09-27T07:51:00Z,109376.48
1758959520000,2025-09-27T07:52:00Z,109411.19
1758959580000,2025-09-27T07:53:00Z,109411.2
1758959640000,2025-09-27T07:54:00Z,109411.19
1758959700000,2025-09-27T07:55:00Z,109411.19
1758959760000,2025-09-27T07:56:00Z,109411.2
1758959820000,2025-09-27T07:57:00Z,109411.2
1758959880000,2025-09-27T07:58:00Z,109411.19
1758959940000,2025-09-27T07:59:00Z,109411.2
1758960000000,2025-09-27T08:00:00Z,109376.54
1758960060000,2025-09-27T08:01:00Z,109376.45
1758960120000,2025-09-27T08:02:00Z,109376.45
1758960180000,2025-09-27T08:03:00Z,109391.9
1758960240000,2025-09-27T08:04:00Z,109382.61
1758960300000,2025-09-27T08:05:00Z,109311.71
1758960360000,2025-09-27T08:06:00Z,109322.88
1758960420000,2025-09-27T08:07:00Z,109266.03
1758960480000,2025-09-27T08:08:00Z,109273.82
1758960540000,2025-09-27T08:09:00Z,109273.81
1758960600000,2025-09-27T08:10:00Z,109277.71
1758960660000,2025-09-27T08:11:00Z,109316.39
1758960720000,2025-09-27T08:12:00Z,109267.34
1758960780000,2025-09-27T08:13:00Z,109279.91
1758960840000,2025-09-27T08:14:00Z,109287.63
1758960900000,2025-09-27T08:15:00Z,109293.74
1758960960000,2025-09-27T08:16:00Z,109267.45
1758961020000,2025-09-27T08:17:00Z,109284.75
1758961080000,2025-09-27T08:18:00Z,109294.73
1758961140000,2025-09-27T08:19:00Z,109293.26
1758961200000,2025-09-27T08:20:00Z,109293.26
1758961260000,2025-09-27T08:21:00Z,109319.99
1758961320000,2025-09-27T08:22:00Z,109328.62
1758961380000,2025-09-27T08:23:00Z,109316.89
1758961440000,2025-09-27T08:24:00Z,109309.82
1758961500000,2025-09-27T08:25:00Z,109309.82
1758961560000,2025-09-27T08:26:00Z,109335.35
1758961620000,2025-09-27T08:27:00Z,109305.04
1758961680000,2025-09-27T08:28:00Z,109348.97
1758961740000,2025-09-27T08:29:00Z,109357.91
1758961800000,2025-09-27T08:30:00Z,109325.46
1758961860000,2025-09-27T08:31:00Z,109322.01
1758961920000,2025-09-27T08:32:00Z,109323.24
1758961980000,2025-09-27T08:33:00Z,109315.86
1758962040000,2025-09-27T08:34:00Z,109325.85
1758962100000,2025-09-27T08:35:00Z,109340.0
1758962160000,2025-09-27T08:36:00Z,109326.4
1758962220000,2025-09-27T08:37:00Z,109315.09
1758962280000,2025-09-27T08:38:00Z,109315.1
1758962340000,2025-09-27T08:39:00Z,109300.35
1758962400000,2025-09-27T08:40:00Z,109304.84
1758962460000,2025-09-27T08:41:00Z,109314.55
1758962520000,2025-09-27T08:42:00Z,109314.55
1758962580000,2025-09-27T08:43:00Z,109314.55
1758962640000,2025-09-27T08:44:00Z,109314.56
1758962700000,2025-09-27T08:45:00Z,109314.56
1758962760000,2025-09-27T08:46:00Z,109330.6
1758962820000,2025-09-27T08:47:00Z,109318.33
1758962880000,2025-09-27T08:48:00Z,109308.99
1758962940000,2025-09-27T08:49:00Z,109295.5
1758963000000,2025-09-27T08:50:00Z,109272.08
1758963060000,2025-09-27T08:51:00Z,109272.09
1758963120000,2025-09-27T08:52:00Z,109301.45
1758963180000,2025-09-27T08:53:00Z,109326.39
1758963240000,2025-09-27T08:54:00Z,109316.31
1758963300000,2025-09-27T08:55:00Z,109296.19
1758963360000,2025-09-27T08:56:00Z,109259.43
1758963420000,2025-09-27T08:57:00Z,109259.42
1758963480000,2025-09-27T08:58:00Z,109252.01
1758963540000,2025-09-27T08:59:00Z,109252.01
1758963600000,2025-09-27T09:00:00Z,109252.0
1758963660000,2025-09-27T09:01:00Z,109283.86
1758963720000,2025-09-27T09:02:00Z,109266.93
1758963780000,2025-09-27T09:03:00Z,109240.0
1758963840000,2025-09-27T09:04:00Z,109220.85
1758963900000,2025-09-27T09:05:00Z,109205.08
1758963960000,2025-09-27T09:06:00Z,109189.17
1758964020000,2025-09-27T09:07:00Z,109190.99
1758964080000,2025-09-27T09:08:00Z,109180.01
1758964140000,2025-09-27T09:09:00Z,109161.0
1758964200000,2025-09-27T09:10:00Z,109183.99
1758964260000,2025-09-27T09:11:00Z,109179.08
1758964320000,2025-09-27T09:12:00Z,109179.07
1758964380000,2025-09-27T09:13:00Z,109179.07
1758964440000,2025-09-27T09:14:00Z,109172.07
1758964500000,2025-09-27T09:15:00Z,109172.04
1758964560000,2025-09-27T09:16:00Z,109165.73
1758964620000,2025-09-27T09:17:00Z,109158.03
1758964680000,2025-09-27T09:18:00Z,109152.83
1758964740000,2025-09-27T09:19:00Z,109150.01
1758964800000,2025-09-27T09:20:00Z,109157.27
1758964860000,2025-09-27T09:21:00Z,109157.28
1758964920000,2025-09-27T09:22:00Z,109152.92
1758964980000,2025-09-27T09:23:00Z,109152.92
1758965040000,2025-09-27T09:24:00Z,109152.93
1758965100000,2025-09-27T09:25:00Z,109143.9
1758965160000,2025-09-27T09:26:00Z,109112.03
1758965220000,2025-09-27T09:27:00Z,109094.93
1758965280000,2025-09-27T09:28:00Z,109097.19
1758965340000,2025-09-27T09:29:00Z,109083.66
1758965400000,2025-09-27T09:30:00Z,109145.66
1758965460000,2025-09-27T09:31:00Z,109147.8
1758965520000,2025-09-27T09:32:00Z,109177.15
1758965580000,2025-09-27T09:33:00Z,109159.42
1758965640000,2025-09-27T09:34:00Z,109181.88
1758965700000,2025-09-27T09:35:00Z,109188.6
1758965760000,2025-09-27T09:36:00Z,109209.59
1758965820000,2025-09-27T09:37:00Z,109262.15
1758965880000,2025-09-27T09:38:00Z,109262.15
1758965940000,2025-09-27T09:39:00Z,109270.0
1758966000000,2025-09-27T09:40:00Z,109285.74
1758966060000,2025-09-27T09:41:00Z,109278.44
1758966120000,2025-09-27T09:42:00Z,109273.07
1758966180000,2025-09-27T09:43:00Z,109271.87
1758966240000,2025-09-27T09:44:00Z,109276.27
1758966300000,2025-09-27T09:45:00Z,109276.27
1758966360000,2025-09-27T09:46:00Z,109296.19
1758966420000,2025-09-27T09:47:00Z,109336.69
1758966480000,2025-09-27T09:48:00Z,109347.59
1758966540000,2025-09-27T09:49:00Z,109242.89
1758966600000,2025-09-27T09:50:00Z,109259.2
1758966660000,2025-09-27T09:51:00Z,109300.0
1758966720000,2025-09-27T09:52:00Z,109300.58
1758966780000,2025-09-27T09:53:00Z,109307.78
1758966840000,2025-09-27T09:54:00Z,109314.25
1758966900000,2025-09-27T09:55:00Z,109314.25
1758966960000,2025-09-27T09:56:00Z,109332.23
1758967020000,2025-09-27T09:57:00Z,109305.23
1758967080000,2025-09-27T09:58:00Z,109305.23
1758967140000,2025-09-27T09:59:00Z,109292.73
1758967200000,2025-09-27T10:00:00Z,109290.06
1758967260000,2025-09-27T10:01:00Z,109266.28
1758967320000,2025-09-27T10:02:00Z,109303.74
1758967380000,2025-09-27T10:03:00Z,109303.73
1758967440000,2025-09-27T10:04:00Z,109302.43
1758967500000,2025-09-27T10:05:00Z,109302.44
1758967560000,2025-09-27T10:06:00Z,109298.91
1758967620000,2025-09-27T10:07:00Z,109303.74
1758967680000,2025-09-27T10:08:00Z,109317.38
1758967740000,2025-09-27T10:09:00Z,109281.81
1758967800000,2025-09-27T10:10:00Z,109280.69
1758967860000,2025-09-27T10:11:00Z,109276.15
1758967920000,2025-09-27T10:12:00Z,109293.13
1758967980000,2025-09-27T10:13:00Z,109293.26
1758968040000,2025-09-27T10:14:00Z,109293.26
1758968100000,2025-09-27T10:15:00Z,109276.16
1758968160000,2025-09-27T10:16:00Z,109275.22
1758968220000,2025-09-27T10:17:00Z,109275.17
1758968280000,2025-09-27T10:18:00Z,109275.2
1758968340000,2025-09-27T10:19:00Z,109271.39
1758968400000,2025-09-27T10:20:00Z,109293.27
1758968460000,2025-09-27T10:21:00Z,109290.55
1758968520000,2025-09-27T10:22:00Z,109280.71
1758968580000,2025-09-27T10:23:00Z,109275.48
1758968640000,2025-09-27T10:24:00Z,109275.48
1758968700000,2025-09-27T10:25:00Z,109290.53
1758968760000,2025-09-27T10:26:00Z,109283.97
1758968820000,2025-09-27T10:27:00Z,109283.96
1758968880000,2025-09-27T10:28:00Z,109283.97
1758968940000,2025-09-27T10:29:00Z,109283.97
1758969000000,2025-09-27T10:30:00Z,109283.97
1758969060000,2025-09-27T10:31:00Z,109299.42
1758969120000,2025-09-27T10:32:00Z,109299.42
1758969180000,2025-09-27T10:33:00Z,109339.99
1758969240000,2025-09-27T10:34:00Z,109360.17
1758969300000,2025-09-27T10:35:00Z,109349.99
1758969360000,2025-09-27T10:36:00Z,109411.99
1758969420000,2025-09-27T10:37:00Z,109357.15
1758969480000,2025-09-27T10:38:00Z,109407.57
1758969540000,2025-09-27T10:39:00Z,109353.63
1758969600000,2025-09-27T10:40:00Z,109334.81
1758969660000,2025-09-27T10:41:00Z,109345.29
1758969720000,2025-09-27T10:42:00Z,109359.88
1758969780000,2025-09-27T10:43:00Z,109359.89
1758969840000,2025-09-27T10:44:00Z,109402.39
1758969900000,2025-09-27T10:45:00Z,109403.86
1758969960000,2025-09-27T10:46:00Z,109407.6
1758970020000,2025-09-27T10:47:00Z,109407.6
1758970080000,2025-09-27T10:48:00Z,109407.6
1758970140000,2025-09-27T10:49:00Z,109419.93
1758970200000,2025-09-27T10:50:00Z,109425.29
1758970260000,2025-09-27T10:51:00Z,109425.35
1758970320000,2025-09-27T10:52:00Z,109439.01
1758970380000,2025-09-27T10:53:00Z,109426.75
1758970440000,2025-09-27T10:54:00Z,109419.27
1758970500000,2025-09-27T10:55:00Z,109389.9
1758970560000,2025-09-27T10:56:00Z,109463.11
1758970620000,2025-09-27T10:57:00Z,109446.9
1758970680000,2025-09-27T10:58:00Z,109431.7
1758970740000,2025-09-27T10:59:00Z,109431.7
1758970800000,2025-09-27T11:00:00Z,109413.71
1758970860000,2025-09-27T11:01:00Z,109413.72
1758970920000,2025-09-27T11:02:00Z,109413.72
1758970980000,2025-09-27T11:03:00Z,109434.02
1758971040000,2025-09-27T11:04:00Z,109415.33
1758971100000,2025-09-27T11:05:00Z,109385.17
1758971160000,2025-09-27T11:06:00Z,109365.79
1758971220000,2025-09-27T11:07:00Z,109354.97
1758971280000,2025-09-27T11:08:00Z,109342.25
1758971340000,2025-09-27T11:09:00Z,109358.62
1758971400000,2025-09-27T11:10:00Z,109351.91
1758971460000,2025-09-27T11:11:00Z,109351.9
1758971520000,2025-09-27T11:12:00Z,109351.9
1758971580000,2025-09-27T11:13:00Z,109338.97
1758971640000,2025-09-27T11:14:00Z,109335.01
1758971700000,2025-09-27T11:15:00Z,109320.0
1758971760000,2025-09-27T11:16:00Z,109316.33
1758971820000,2025-09-27T11:17:00Z,109313.7
1758971880000,2025-09-27T11:18:00Z,109311.24
1758971940000,2025-09-27T11:19:00Z,109310.0
1758972000000,2025-09-27T11:20:00Z,109338.79
1758972060000,2025-09-27T11:21:00Z,109338.79
1758972120000,2025-09-27T11:22:00Z,109302.31
1758972180000,2025-09-27T11:23:00Z,109302.32
1758972240000,2025-09-27T11:24:00Z,109302.32
1758972300000,2025-09-27T11:25:00Z,109299.73
1758972360000,2025-09-27T11:26:00Z,109309.27
1758972420000,2025-09-27T11:27:00Z,109343.98
1758972480000,2025-09-27T11:28:00Z,109337.3
1758972540000,2025-09-27T11:29:00Z,109337.3
1758972600000,2025-09-27T11:30:00Z,109336.65
1758972660000,2025-09-27T11:31:00Z,109314.17
1758972720000,2025-09-27T11:32:00Z,109337.3
1758972780000,2025-09-27T11:33:00Z,109337.3
1758972840000,2025-09-27T11:34:00Z,109337.3
1758972900000,2025-09-27T11:35:00Z,109308.0
1758972960000,2025-09-27T11:36:00Z,109319.8
1758973020000,2025-09-27T11:37:00Z,109310.22
1758973080000,2025-09-27T11:38:00Z,109310.21
1758973140000,2025-09-27T11:39:00Z,109310.21
1758973200000,2025-09-27T11:40:00Z,109310.21
1758973260000,2025-09-27T11:41:00Z,109310.22
1758973320000,2025-09-27T11:42:00Z,109309.1
1758973380000,2025-09-27T11:43:00Z,109309.1
1758973440000,2025-09-27T11:44:00Z,109293.66
1758973500000,2025-09-27T11:45:00Z,109293.67
1758973560000,2025-09-27T11:46:00Z,109290.23
1758973620000,2025-09-27T11:47:00Z,109290.24
1758973680000,2025-09-27T11:48:00Z,109290.24
1758973740000,2025-09-27T11:49:00Z,109290.23
1758973800000,2025-09-27T11:50:00Z,109287.85
1758973860000,2025-09-27T11:51:00Z,109287.85
1758973920000,2025-09-27T11:52:00Z,109287.84
1758973980000,2025-09-27T11:53:00Z,109285.72
1758974040000,2025-09-27T11:54:00Z,109282.85
1758974100000,2025-09-27T11:55:00Z,109280.0
1758974160000,2025-09-27T11:56:00Z,109280.0
1758974220000,2025-09-27T11:57:00Z,109297.0
1758974280000,2025-09-27T11:58:00Z,109310.22
1758974340000,2025-09-27T11:59:00Z,109310.21
1758974400000,2025-09-27T12:00:00Z,109310.82
1758974460000,2025-09-27T12:01:00Z,109293.0
1758974520000,2025-09-27T12:02:00Z,109281.49
1758974580000,2025-09-27T12:03:00Z,109280.0
1758974640000,2025-09-27T12:04:00Z,109292.99
1758974700000,2025-09-27T12:05:00Z,109292.98
1758974760000,2025-09-27T12:06:00Z,109270.01
1758974820000,2025-09-27T12:07:00Z,109270.0
1758974880000,2025-09-27T12:08:00Z,109266.2
1758974940000,2025-09-27T12:09:00Z,109247.54
1758975000000,2025-09-27T12:10:00Z,109269.81
1758975060000,2025-09-27T12:11:00Z,109298.99
1758975120000,2025-09-27T12:12:00Z,109265.7
1758975180000,2025-09-27T12:13:00Z,109262.71
1758975240000,2025-09-27T12:14:00Z,109262.7
1758975300000,2025-09-27T12:15:00Z,109299.0
1758975360000,2025-09-27T12:16:00Z,109279.68
1758975420000,2025-09-27T12:17:00Z,109276.02
1758975480000,2025-09-27T12:18:00Z,109271.97
1758975540000,2025-09-27T12:19:00Z,109271.96
1758975600000,2025-09-27T12:20:00Z,109271.97
1758975660000,2025-09-27T12:21:00Z,109255.3
1758975720000,2025-09-27T12:22:00Z,109249.78
1758975780000,2025-09-27T12:23:00Z,109249.79
1758975840000,2025-09-27T12:24:00Z,109249.79
1758975900000,2025-09-27T12:25:00Z,109249.79
1758975960000,2025-09-27T12:26:00Z,109249.78
1758976020000,2025-09-27T12:27:00Z,109277.15
1758976080000,2025-09-27T12:28:00Z,109247.97
1758976140000,2025-09-27T12:29:00Z,109257.18
1758976200000,2025-09-27T12:30:00Z,109273.92
1758976260000,2025-09-27T12:31:00Z,109259.94
1758976320000,2025-09-27T12:32:00Z,109259.94
1758976380000,2025-09-27T12:33:00Z,109246.57
1758976440000,2025-09-27T12:34:00Z,109237.0
1758976500000,2025-09-27T12:35:00Z,109234.05
1758976560000,2025-09-27T12:36:00Z,109234.05
1758976620000,2025-09-27T12:37:00Z,109234.06
1758976680000,2025-09-27T12:38:00Z,109303.63
1758976740000,2025-09-27T12:39:00Z,109342.08
1758976800000,2025-09-27T12:40:00Z,109384.07
1758976860000,2025-09-27T12:41:00Z,109390.05
1758976920000,2025-09-27T12:42:00Z,109405.61
1758976980000,2025-09-27T12:43:00Z,109401.01
1758977040000,2025-09-27T12:44:00Z,109401.01
1758977100000,2025-09-27T12:45:00Z,109412.47
1758977160000,2025-09-27T12:46:00Z,109423.41
1758977220000,2025-09-27T12:47:00Z,109448.0
1758977280000,2025-09-27T12:48:00Z,109407.57
1758977340000,2025-09-27T12:49:00Z,109385.1
1758977400000,2025-09-27T12:50:00Z,109393.42
1758977460000,2025-09-27T12:51:00Z,109373.74
1758977520000,2025-09-27T12:52:00Z,109355.32
1758977580000,2025-09-27T12:53:00Z,109355.33
1758977640000,2025-09-27T12:54:00Z,109355.34
1758977700000,2025-09-27T12:55:00Z,109355.34
1758977760000,2025-09-27T12:56:00Z,109368.24
1758977820000,2025-09-27T12:57:00Z,109391.76
1758977880000,2025-09-27T12:58:00Z,109449.5
1758977940000,2025-09-27T12:59:00Z,109400.05
1758978000000,2025-09-27T13:00:00Z,109362.01
1758978060000,2025-09-27T13:01:00Z,109354.93
1758978120000,2025-09-27T13:02:00Z,109373.1
1758978180000,2025-09-27T13:03:00Z,109400.98
1758978240000,2025-09-27T13:04:00Z,109375.39
1758978300000,2025-09-27T13:05:00Z,109367.39
1758978360000,2025-09-27T13:06:00Z,109340.6
1758978420000,2025-09-27T13:07:00Z,109360.0
1758978480000,2025-09-27T13:08:00Z,109352.99
1758978540000,2025-09-27T13:09:00Z,109353.95
1758978600000,2025-09-27T13:10:00Z,109354.05
1758978660000,2025-09-27T13:11:00Z,109344.56
1758978720000,2025-09-27T13:12:00Z,109344.57
1758978780000,2025-09-27T13:13:00Z,109344.56
1758978840000,2025-09-27T13:14:00Z,109299.64
1758978900000,2025-09-27T13:15:00Z,109320.99
1758978960000,2025-09-27T13:16:00Z,109348.63
1758979020000,2025-09-27T13:17:00Z,109349.99
1758979080000,2025-09-27T13:18:00Z,109381.5
1758979140000,2025-09-27T13:19:00Z,109363.05
1758979200000,2025-09-27T13:20:00Z,109352.11
1758979260000,2025-09-27T13:21:00Z,109335.91
1758979320000,2025-09-27T13:22:00Z,109335.9
1758979380000,2025-09-27T13:23:00Z,109335.9
1758979440000,2025-09-27T13:24:00Z,109357.78
1758979500000,2025-09-27T13:25:00Z,109374.6
1758979560000,2025-09-27T13:26:00Z,109371.96
1758979620000,2025-09-27T13:27:00Z,109350.32
1758979680000,2025-09-27T13:28:00Z,109359.26
1758979740000,2025-09-27T13:29:00Z,109359.26
1758979800000,2025-09-27T13:30:00Z,109359.26
1758979860000,2025-09-27T13:31:00Z,109359.25
1758979920000,2025-09-27T13:32:00Z,109339.11
1758979980000,2025-09-27T13:33:00Z,109332.66
1758980040000,2025-09-27T13:34:00Z,109309.2
1758980100000,2025-09-27T13:35:00Z,109319.37
1758980160000,2025-09-27T13:36:00Z,109339.99
1758980220000,2025-09-27T13:37:00Z,109358.14
1758980280000,2025-09-27T13:38:00Z,109358.15
1758980340000,2025-09-27T13:39:00Z,109352.33
1758980400000,2025-09-27T13:40:00Z,109351.14
1758980460000,2025-09-27T13:41:00Z,109351.14
1758980520000,2025-09-27T13:42:00Z,109334.38
1758980580000,2025-09-27T13:43:00Z,109341.53
1758980640000,2025-09-27T13:44:00Z,109349.99
1758980700000,2025-09-27T13:45:00Z,109349.99
1758980760000,2025-09-27T13:46:00Z,109344.04
1758980820000,2025-09-27T13:47:00Z,109350.0
1758980880000,2025-09-27T13:48:00Z,109350.0
1758980940000,2025-09-27T13:49:00Z,109350.0
1758981000000,2025-09-27T13:50:00Z,109349.99
1758981060000,2025-09-27T13:51:00Z,109330.65
1758981120000,2025-09-27T13:52:00Z,109325.83
1758981180000,2025-09-27T13:53:00Z,109325.81
1758981240000,2025-09-27T13:54:00Z,109325.81
1758981300000,2025-09-27T13:55:00Z,109322.96
1758981360000,2025-09-27T13:56:00Z,109322.96
1758981420000,2025-09-27T13:57:00Z,109322.96
1758981480000,2025-09-27T13:58:00Z,109322.95
1758981540000,2025-09-27T13:59:00Z,109306.61
1758981600000,2025-09-27T14:00:00Z,109306.6
1758981660000,2025-09-27T14:01:00Z,109306.61
1758981720000,2025-09-27T14:02:00Z,109306.61
1758981780000,2025-09-27T14:03:00Z,109325.58
1758981840000,2025-09-27T14:04:00Z,109315.01
1758981900000,2025-09-27T14:05:00Z,109345.64
1758981960000,2025-09-27T14:06:00Z,109345.64
1758982020000,2025-09-27T14:07:00Z,109337.55
1758982080000,2025-09-27T14:08:00Z,109333.2
1758982140000,2025-09-27T14:09:00Z,109349.99
1758982200000,2025-09-27T14:10:00Z,109350.0
1758982260000,2025-09-27T14:11:00Z,109349.99
1758982320000,2025-09-27T14:12:00Z,109387.51
1758982380000,2025-09-27T14:13:00Z,109371.79
1758982440000,2025-09-27T14:14:00Z,109353.0
1758982500000,2025-09-27T14:15:00Z,109312.87
1758982560000,2025-09-27T14:16:00Z,109312.87
1758982620000,2025-09-27T14:17:00Z,109312.87
1758982680000,2025-09-27T14:18:00Z,109312.86
1758982740000,2025-09-27T14:19:00Z,109312.86
1758982800000,2025-09-27T14:20:00Z,109312.87
1758982860000,2025-09-27T14:21:00Z,109312.87
1758982920000,2025-09-27T14:22:00Z,109312.86
1758982980000,2025-09-27T14:23:00Z,109312.86
1758983040000,2025-09-27T14:24:00Z,109312.86
1758983100000,2025-09-27T14:25:00Z,109312.87
1758983160000,2025-09-27T14:26:00Z,109312.87
1758983220000,2025-09-27T14:27:00Z,109312.87
1758983280000,2025-09-27T14:28:00Z,109312.87
1758983340000,2025-09-27T14:29:00Z,109312.87
1758983400000,2025-09-27T14:30:00Z,109312.87
1758983460000,2025-09-27T14:31:00Z,109312.86
1758983520000,2025-09-27T14:32:00Z,109312.87
1758983580000,2025-09-27T14:33:00Z,109328.07
1758983640000,2025-09-27T14:34:00Z,109328.06
1758983700000,2025-09-27T14:35:00Z,109328.06
1758983760000,2025-09-27T14:36:00Z,109328.07
1758983820000,2025-09-27T14:37:00Z,109328.07
1758983880000,2025-09-27T14:38:00Z,109330.2
1758983940000,2025-09-27T14:39:00Z,109335.9
1758984000000,2025-09-27T14:40:00Z,109332.47
1758984060000,2025-09-27T14:41:00Z,109312.87
1758984120000,2025-09-27T14:42:00Z,109312.87
1758984180000,2025-09-27T14:43:00Z,109312.86
1758984240000,2025-09-27T14:44:00Z,109291.99
1758984300000,2025-09-27T14:45:00Z,109289.47
1758984360000,2025-09-27T14:46:00Z,109264.22
1758984420000,2025-09-27T14:47:00Z,109264.22
1758984480000,2025-09-27T14:48:00Z,109255.9
1758984540000,2025-09-27T14:49:00Z,109255.9
1758984600000,2025-09-27T14:50:00Z,109264.6
1758984660000,2025-09-27T14:51:00Z,109264.6
1758984720000,2025-09-27T14:52:00Z,109255.91
1758984780000,2025-09-27T14:53:00Z,109279.31
1758984840000,2025-09-27T14:54:00Z,109279.31
1758984900000,2025-09-27T14:55:00Z,109279.32
1758984960000,2025-09-27T14:56:00Z,109279.32
1758985020000,2025-09-27T14:57:00Z,109293.43
1758985080000,2025-09-27T14:58:00Z,109276.96
1758985140000,2025-09-27T14:59:00Z,109287.89
1758985200000,2025-09-27T15:00:00Z,109274.14
1758985260000,2025-09-27T15:01:00Z,109250.91
1758985320000,2025-09-27T15:02:00Z,109220.01
1758985380000,2025-09-27T15:03:00Z,109265.1
1758985440000,2025-09-27T15:04:00Z,109245.49
1758985500000,2025-09-27T15:05:00Z,109215.89
1758985560000,2025-09-27T15:06:00Z,109251.11
1758985620000,2025-09-27T15:07:00Z,109230.92
1758985680000,2025-09-27T15:08:00Z,109200.0
1758985740000,2025-09-27T15:09:00Z,109210.92
1758985800000,2025-09-27T15:10:00Z,109223.66
1758985860000,2025-09-27T15:11:00Z,109215.93
1758985920000,2025-09-27T15:12:00Z,109211.15
1758985980000,2025-09-27T15:13:00Z,109224.63
1758986040000,2025-09-27T15:14:00Z,109224.64
1758986100000,2025-09-27T15:15:00Z,109250.0
1758986160000,2025-09-27T15:16:00Z,109260.91
1758986220000,2025-09-27T15:17:00Z,109258.49
1758986280000,2025-09-27T15:18:00Z,109268.99
1758986340000,2025-09-27T15:19:00Z,109264.8
1758986400000,2025-09-27T15:20:00Z,109299.62
1758986460000,2025-09-27T15:21:00Z,109280.1
1758986520000,2025-09-27T15:22:00Z,109272.58
1758986580000,2025-09-27T15:23:00Z,109250.86
1758986640000,2025-09-27T15:24:00Z,109272.57
1758986700000,2025-09-27T15:25:00Z,109273.99
1758986760000,2025-09-27T15:26:00Z,109274.0
1758986820000,2025-09-27T15:27:00Z,109264.75
1758986880000,2025-09-27T15:28:00Z,109261.59
1758986940000,2025-09-27T15:29:00Z,109263.11
1758987000000,2025-09-27T15:30:00Z,109258.83
1758987060000,2025-09-27T15:31:00Z,109225.03
1758987120000,2025-09-27T15:32:00Z,109267.43
1758987180000,2025-09-27T15:33:00Z,109294.28
1758987240000,2025-09-27T15:34:00Z,109294.3
1758987300000,2025-09-27T15:35:00Z,109280.01
1758987360000,2025-09-27T15:36:00Z,109299.15
1758987420000,2025-09-27T15:37:00Z,109349.86
1758987480000,2025-09-27T15:38:00Z,109303.33
1758987540000,2025-09-27T15:39:00Z,109302.15
1758987600000,2025-09-27T15:40:00Z,109318.05
1758987660000,2025-09-27T15:41:00Z,109370.49
1758987720000,2025-09-27T15:42:00Z,109367.08
1758987780000,2025-09-27T15:43:00Z,109333.0
1758987840000,2025-09-27T15:44:00Z,109332.99
1758987900000,2025-09-27T15:45:00Z,109323.29
1758987960000,2025-09-27T15:46:00Z,109349.09
1758988020000,2025-09-27T15:47:00Z,109359.99
1758988080000,2025-09-27T15:48:00Z,109395.58
1758988140000,2025-09-27T15:49:00Z,109394.69
1758988200000,2025-09-27T15:50:00Z,109415.41
1758988260000,2025-09-27T15:51:00Z,109386.84
1758988320000,2025-09-27T15:52:00Z,109411.47
1758988380000,2025-09-27T15:53:00Z,109398.91
1758988440000,2025-09-27T15:54:00Z,109398.91
1758988500000,2025-09-27T15:55:00Z,109405.48
1758988560000,2025-09-27T15:56:00Z,109389.74
1758988620000,2025-09-27T15:57:00Z,109402.24
1758988680000,2025-09-27T15:58:00Z,109402.25
1758988740000,2025-09-27T15:59:00Z,109402.24
1758988800000,2025-09-27T16:00:00Z,109380.08
1758988860000,2025-09-27T16:01:00Z,109376.07
1758988920000,2025-09-27T16:02:00Z,109363.59
1758988980000,2025-09-27T16:03:00Z,109381.19
1758989040000,2025-09-27T16:04:00Z,109381.2
1758989100000,2025-09-27T16:05:00Z,109364.98
1758989160000,2025-09-27T16:06:00Z,109378.67
1758989220000,2025-09-27T16:07:00Z,109368.33
1758989280000,2025-09-27T16:08:00Z,109368.33
1758989340000,2025-09-27T16:09:00Z,109357.51
1758989400000,2025-09-27T16:10:00Z,109333.65
1758989460000,2025-09-27T16:11:00Z,109332.68
1758989520000,2025-09-27T16:12:00Z,109355.17
1758989580000,2025-09-27T16:13:00Z,109368.25
1758989640000,2025-09-27T16:14:00Z,109346.0
1758989700000,2025-09-27T16:15:00Z,109308.01
1758989760000,2025-09-27T16:16:00Z,109369.98
1758989820000,2025-09-27T16:17:00Z,109336.01
1758989880000,2025-09-27T16:18:00Z,109360.14
1758989940000,2025-09-27T16:19:00Z,109375.0
1758990000000,2025-09-27T16:20:00Z,109384.34
1758990060000,2025-09-27T16:21:00Z,109386.1
1758990120000,2025-09-27T16:22:00Z,109402.91
1758990180000,2025-09-27T16:23:00Z,109402.91
1758990240000,2025-09-27T16:24:00Z,109402.91
1758990300000,2025-09-27T16:25:00Z,109394.71
1758990360000,2025-09-27T16:26:00Z,109394.72
1758990420000,2025-09-27T16:27:00Z,109394.71
1758990480000,2025-09-27T16:28:00Z,109382.82
1758990540000,2025-09-27T16:29:00Z,109382.81
1758990600000,2025-09-27T16:30:00Z,109376.45
1758990660000,2025-09-27T16:31:00Z,109374.15
1758990720000,2025-09-27T16:32:00Z,109380.0
1758990780000,2025-09-27T16:33:00Z,109386.97
1758990840000,2025-09-27T16:34:00Z,109394.72
1758990900000,2025-09-27T16:35:00Z,109404.99
1758990960000,2025-09-27T16:36:00Z,109405.0
1758991020000,2025-09-27T16:37:00Z,109427.75
1758991080000,2025-09-27T16:38:00Z,109394.05
1758991140000,2025-09-27T16:39:00Z,109384.07
1758991200000,2025-09-27T16:40:00Z,109394.59
1758991260000,2025-09-27T16:41:00Z,109394.6
1758991320000,2025-09-27T16:42:00Z,109394.6
1758991380000,2025-09-27T16:43:00Z,109394.6
1758991440000,2025-09-27T16:44:00Z,109370.73
1758991500000,2025-09-27T16:45:00Z,109370.73
1758991560000,2025-09-27T16:46:00Z,109378.98
1758991620000,2025-09-27T16:47:00Z,109381.68
1758991680000,2025-09-27T16:48:00Z,109383.32
1758991740000,2025-09-27T16:49:00Z,109361.01
1758991800000,2025-09-27T16:50:00Z,109358.98
1758991860000,2025-09-27T16:51:00Z,109324.01
1758991920000,2025-09-27T16:52:00Z,109330.17
1758991980000,2025-09-27T16:53:00Z,109400.99
1758992040000,2025-09-27T16:54:00Z,109357.76
1758992100000,2025-09-27T16:55:00Z,109387.03
1758992160000,2025-09-27T16:56:00Z,109362.97
1758992220000,2025-09-27T16:57:00Z,109395.05
1758992280000,2025-09-27T16:58:00Z,109384.12
1758992340000,2025-09-27T16:59:00Z,109389.04
1758992400000,2025-09-27T17:00:00Z,109333.66
1758992460000,2025-09-27T17:01:00Z,109300.0
1758992520000,2025-09-27T17:02:00Z,109347.2
1758992580000,2025-09-27T17:03:00Z,109340.88
1758992640000,2025-09-27T17:04:00Z,109296.0
1758992700000,2025-09-27T17:05:00Z,109358.8
1758992760000,2025-09-27T17:06:00Z,109365.04
1758992820000,2025-09-27T17:07:00Z,109333.64
1758992880000,2025-09-27T17:08:00Z,109362.47
1758992940000,2025-09-27T17:09:00Z,109369.96
1758993000000,2025-09-27T17:10:00Z,109369.96
1758993060000,2025-09-27T17:11:00Z,109369.96
1758993120000,2025-09-27T17:12:00Z,109325.22
1758993180000,2025-09-27T17:13:00Z,109325.21
1758993240000,2025-09-27T17:14:00Z,109325.21
1758993300000,2025-09-27T17:15:00Z,109318.52
1758993360000,2025-09-27T17:16:00Z,109318.52
1758993420000,2025-09-27T17:17:00Z,109268.56
1758993480000,2025-09-27T17:18:00Z,109256.52
1758993540000,2025-09-27T17:19:00Z,109243.9
1758993600000,2025-09-27T17:20:00Z,109243.9
1758993660000,2025-09-27T17:21:00Z,109262.9
1758993720000,2025-09-27T17:22:00Z,109284.65
1758993780000,2025-09-27T17:23:00Z,109321.21
1758993840000,2025-09-27T17:24:00Z,109285.11
1758993900000,2025-09-27T17:25:00Z,109276.62
1758993960000,2025-09-27T17:26:00Z,109256.59
1758994020000,2025-09-27T17:27:00Z,109264.85
1758994080000,2025-09-27T17:28:00Z,109307.62
1758994140000,2025-09-27T17:29:00Z,109307.61
1758994200000,2025-09-27T17:30:00Z,109300.59
1758994260000,2025-09-27T17:31:00Z,109329.7
1758994320000,2025-09-27T17:32:00Z,109326.55
1758994380000,2025-09-27T17:33:00Z,109349.99
1758994440000,2025-09-27T17:34:00Z,109345.78
1758994500000,2025-09-27T17:35:00Z,109361.73
1758994560000,2025-09-27T17:36:00Z,109331.36
1758994620000,2025-09-27T17:37:00Z,109321.31
1758994680000,2025-09-27T17:38:00Z,109347.0
1758994740000,2025-09-27T17:39:00Z,109316.82
1758994800000,2025-09-27T17:40:00Z,109355.43
1758994860000,2025-09-27T17:41:00Z,109349.0
1758994920000,2025-09-27T17:42:00Z,109350.03
1758994980000,2025-09-27T17:43:00Z,109333.32
1758995040000,2025-09-27T17:44:00Z,109333.32
1758995100000,2025-09-27T17:45:00Z,109311.45
1758995160000,2025-09-27T17:46:00Z,109344.39
1758995220000,2025-09-27T17:47:00Z,109330.22
1758995280000,2025-09-27T17:48:00Z,109272.87
1758995340000,2025-09-27T17:49:00Z,109305.33
1758995400000,2025-09-27T17:50:00Z,109305.33
1758995460000,2025-09-27T17:51:00Z,109331.31
1758995520000,2025-09-27T17:52:00Z,109363.0
1758995580000,2025-09-27T17:53:00Z,109338.22
1758995640000,2025-09-27T17:54:00Z,109343.17
1758995700000,2025-09-27T17:55:00Z,109372.13
1758995760000,2025-09-27T17:56:00Z,109388.05
1758995820000,2025-09-27T17:57:00Z,109398.99
1758995880000,2025-09-27T17:58:00Z,109385.22
1758995940000,2025-09-27T17:59:00Z,109382.47
1758996000000,2025-09-27T18:00:00Z,109394.55
1758996060000,2025-09-27T18:01:00Z,109403.46
1758996120000,2025-09-27T18:02:00Z,109420.0
1758996180000,2025-09-27T18:03:00Z,109374.01
1758996240000,2025-09-27T18:04:00Z,109368.23
1758996300000,2025-09-27T18:05:00Z,109370.82
1758996360000,2025-09-27T18:06:00Z,109371.54
1758996420000,2025-09-27T18:07:00Z,109390.34
1758996480000,2025-09-27T18:08:00Z,109411.03
1758996540000,2025-09-27T18:09:00Z,109373.44
1758996600000,2025-09-27T18:10:00Z,109407.6
1758996660000,2025-09-27T18:11:00Z,109394.16
1758996720000,2025-09-27T18:12:00Z,109391.01
1758996780000,2025-09-27T18:13:00Z,109407.59
1758996840000,2025-09-27T18:14:00Z,109407.6
1758996900000,2025-09-27T18:15:00Z,109396.65
1758996960000,2025-09-27T18:16:00Z,109396.65
1758997020000,2025-09-27T18:17:00Z,109416.49
1758997080000,2025-09-27T18:18:00Z,109416.48
1758997140000,2025-09-27T18:19:00Z,109416.49
1758997200000,2025-09-27T18:20:00Z,109416.48
1758997260000,2025-09-27T18:21:00Z,109416.48
1758997320000,2025-09-27T18:22:00Z,109416.48
1758997380000,2025-09-27T18:23:00Z,109416.49
1758997440000,2025-09-27T18:24:00Z,109416.48
1758997500000,2025-09-27T18:25:00Z,109416.48
1758997560000,2025-09-27T18:26:00Z,109416.48
1758997620000,2025-09-27T18:27:00Z,109416.48
1758997680000,2025-09-27T18:28:00Z,109416.48
1758997740000,2025-09-27T18:29:00Z,109416.48
1758997800000,2025-09-27T18:30:00Z,109403.15
1758997860000,2025-09-27T18:31:00Z,109403.15
1758997920000,2025-09-27T18:32:00Z,109398.73
1758997980000,2025-09-27T18:33:00Z,109397.12
1758998040000,2025-09-27T18:34:00Z,109397.11
1758998100000,2025-09-27T18:35:00Z,109397.12
1758998160000,2025-09-27T18:36:00Z,109397.12
1758998220000,2025-09-27T18:37:00Z,109402.61
1758998280000,2025-09-27T18:38:00Z,109402.6
1758998340000,2025-09-27T18:39:00Z,109402.6
1758998400000,2025-09-27T18:40:00Z,109402.61
1758998460000,2025-09-27T18:41:00Z,109383.5
1758998520000,2025-09-27T18:42:00Z,109383.49
1758998580000,2025-09-27T18:43:00Z,109383.49
1758998640000,2025-09-27T18:44:00Z,109383.48
1758998700000,2025-09-27T18:45:00Z,109394.41
1758998760000,2025-09-27T18:46:00Z,109402.59
1758998820000,2025-09-27T18:47:00Z,109415.99
1758998880000,2025-09-27T18:48:00Z,109416.01
1758998940000,2025-09-27T18:49:00Z,109420.0
1758999000000,2025-09-27T18:50:00Z,109425.0
1758999060000,2025-09-27T18:51:00Z,109426.61
1758999120000,2025-09-27T18:52:00Z,109426.62
1758999180000,2025-09-27T18:53:00Z,109426.61
1758999240000,2025-09-27T18:54:00Z,109426.61
1758999300000,2025-09-27T18:55:00Z,109426.62
1758999360000,2025-09-27T18:56:00Z,109426.61
1758999420000,2025-09-27T18:57:00Z,109434.98
1758999480000,2025-09-27T18:58:00Z,109434.97
1758999540000,2025-09-27T18:59:00Z,109434.96
1758999600000,2025-09-27T19:00:00Z,109434.97
1758999660000,2025-09-27T19:01:00Z,109434.97
1758999720000,2025-09-27T19:02:00Z,109434.96
1758999780000,2025-09-27T19:03:00Z,109426.62
1758999840000,2025-09-27T19:04:00Z,109426.62
1758999900000,2025-09-27T19:05:00Z,109426.61
1758999960000,2025-09-27T19:06:00Z,109426.61
1759000020000,2025-09-27T19:07:00Z,109426.61
1759000080000,2025-09-27T19:08:00Z,109426.61
1759000140000,2025-09-27T19:09:00Z,109426.61
1759000200000,2025-09-27T19:10:00Z,109426.62
1759000260000,2025-09-27T19:11:00Z,109426.62
1759000320000,2025-09-27T19:12:00Z,109426.61
1759000380000,2025-09-27T19:13:00Z,109426.61
1759000440000,2025-09-27T19:14:00Z,109426.62
1759000500000,2025-09-27T19:15:00Z,109426.61
1759000560000,2025-09-27T19:16:00Z,109414.83
1759000620000,2025-09-27T19:17:00Z,109414.82
1759000680000,2025-09-27T19:18:00Z,109414.82
1759000740000,2025-09-27T19:19:00Z,109422.92
1759000800000,2025-09-27T19:20:00Z,109422.92
1759000860000,2025-09-27T19:21:00Z,109438.72
1759000920000,2025-09-27T19:22:00Z,109435.47
1759000980000,2025-09-27T19:23:00Z,109431.55
1759001040000,2025-09-27T19:24:00Z,109436.25
1759001100000,2025-09-27T19:25:00Z,109436.25
1759001160000,2025-09-27T19:26:00Z,109400.49
1759001220000,2025-09-27T19:27:00Z,109400.49
1759001280000,2025-09-27T19:28:00Z,109410.0
1759001340000,2025-09-27T19:29:00Z,109418.34
1759001400000,2025-09-27T19:30:00Z,109431.15
1759001460000,2025-09-27T19:31:00Z,109406.55
1759001520000,2025-09-27T19:32:00Z,109426.51
1759001580000,2025-09-27T19:33:00Z,109409.23
1759001640000,2025-09-27T19:34:00Z,109409.24
1759001700000,2025-09-27T19:35:00Z,109409.24
1759001760000,2025-09-27T19:36:00Z,109409.23
1759001820000,2025-09-27T19:37:00Z,109409.23
1759001880000,2025-09-27T19:38:00Z,109388.11
1759001940000,2025-09-27T19:39:00Z,109388.12
1759002000000,2025-09-27T19:40:00Z,109383.49
1759002060000,2025-09-27T19:41:00Z,109384.86
1759002120000,2025-09-27T19:42:00Z,109395.7
1759002180000,2025-09-27T19:43:00Z,109395.7
1759002240000,2025-09-27T19:44:00Z,109395.71
1759002300000,2025-09-27T19:45:00Z,109395.7
1759002360000,2025-09-27T19:46:00Z,109395.7
1759002420000,2025-09-27T19:47:00Z,109411.4
1759002480000,2025-09-27T19:48:00Z,109418.99
1759002540000,2025-09-27T19:49:00Z,109419.0
1759002600000,2025-09-27T19:50:00Z,109419.0
1759002660000,2025-09-27T19:51:00Z,109418.99
1759002720000,2025-09-27T19:52:00Z,109418.99
1759002780000,2025-09-27T19:53:00Z,109424.2
1759002840000,2025-09-27T19:54:00Z,109424.21
1759002900000,2025-09-27T19:55:00Z,109424.21
1759002960000,2025-09-27T19:56:00Z,109424.2
1759003020000,2025-09-27T19:57:00Z,109424.2
1759003080000,2025-09-27T19:58:00Z,109424.2
1759003140000,2025-09-27T19:59:00Z,109424.2
1759003200000,2025-09-27T20:00:00Z,109424.21
1759003260000,2025-09-27T20:01:00Z,109428.63
1759003320000,2025-09-27T20:02:00Z,109416.72
1759003380000,2025-09-27T20:03:00Z,109416.72
1759003440000,2025-09-27T20:04:00Z,109423.38
1759003500000,2025-09-27T20:05:00Z,109412.98
1759003560000,2025-09-27T20:06:00Z,109383.49
1759003620000,2025-09-27T20:07:00Z,109383.49
1759003680000,2025-09-27T20:08:00Z,109385.12
1759003740000,2025-09-27T20:09:00Z,109394.41
1759003800000,2025-09-27T20:10:00Z,109394.42
1759003860000,2025-09-27T20:11:00Z,109394.41
1759003920000,2025-09-27T20:12:00Z,109394.41
1759003980000,2025-09-27T20:13:00Z,109394.42
1759004040000,2025-09-27T20:14:00Z,109394.42
1759004100000,2025-09-27T20:15:00Z,109394.41
1759004160000,2025-09-27T20:16:00Z,109369.08
1759004220000,2025-09-27T20:17:00Z,109362.72
1759004280000,2025-09-27T20:18:00Z,109362.72
1759004340000,2025-09-27T20:19:00Z,109362.72
1759004400000,2025-09-27T20:20:00Z,109365.96
1759004460000,2025-09-27T20:21:00Z,109365.95
1759004520000,2025-09-27T20:22:00Z,109365.96
1759004580000,2025-09-27T20:23:00Z,109365.97
1759004640000,2025-09-27T20:24:00Z,109365.97
1759004700000,2025-09-27T20:25:00Z,109365.96
1759004760000,2025-09-27T20:26:00Z,109365.97
1759004820000,2025-09-27T20:27:00Z,109365.97
1759004880000,2025-09-27T20:28:00Z,109367.46
1759004940000,2025-09-27T20:29:00Z,109369.04
1759005000000,2025-09-27T20:30:00Z,109369.03
1759005060000,2025-09-27T20:31:00Z,109369.04
1759005120000,2025-09-27T20:32:00Z,109369.03
1759005180000,2025-09-27T20:33:00Z,109380.03
1759005240000,2025-09-27T20:34:00Z,109420.78
1759005300000,2025-09-27T20:35:00Z,109420.78
1759005360000,2025-09-27T20:36:00Z,109420.79
1759005420000,2025-09-27T20:37:00Z,109420.79
1759005480000,2025-09-27T20:38:00Z,109429.92
1759005540000,2025-09-27T20:39:00Z,109416.8
1759005600000,2025-09-27T20:40:00Z,109416.79
1759005660000,2025-09-27T20:41:00Z,109412.97
1759005720000,2025-09-27T20:42:00Z,109412.97
1759005780000,2025-09-27T20:43:00Z,109400.01
1759005840000,2025-09-27T20:44:00Z,109392.56
1759005900000,2025-09-27T20:45:00Z,109389.99
1759005960000,2025-09-27T20:46:00Z,109389.99
1759006020000,2025-09-27T20:47:00Z,109390.0
1759006080000,2025-09-27T20:48:00Z,109390.0
1759006140000,2025-09-27T20:49:00Z,109390.0
1759006200000,2025-09-27T20:50:00Z,109389.99
1759006260000,2025-09-27T20:51:00Z,109390.0
1759006320000,2025-09-27T20:52:00Z,109390.0
1759006380000,2025-09-27T20:53:00Z,109389.99
1759006440000,2025-09-27T20:54:00Z,109390.0
1759006500000,2025-09-27T20:55:00Z,109390.0
1759006560000,2025-09-27T20:56:00Z,109390.0
1759006620000,2025-09-27T20:57:00Z,109389.99
1759006680000,2025-09-27T20:58:00Z,109389.99
1759006740000,2025-09-27T20:59:00Z,109390.0
1759006800000,2025-09-27T21:00:00Z,109389.49
1759006860000,2025-09-27T21:01:00Z,109389.48
1759006920000,2025-09-27T21:02:00Z,109389.48
1759006980000,2025-09-27T21:03:00Z,109389.48
1759007040000,2025-09-27T21:04:00Z,109389.49
1759007100000,2025-09-27T21:05:00Z,109389.48
1759007160000,2025-09-27T21:06:00Z,109389.48
1759007220000,2025-09-27T21:07:00Z,109389.49
1759007280000,2025-09-27T21:08:00Z,109389.48
1759007340000,2025-09-27T21:09:00Z,109389.49
1759007400000,2025-09-27T21:10:00Z,109389.49
1759007460000,2025-09-27T21:11:00Z,109389.49
1759007520000,2025-09-27T21:12:00Z,109389.48
1759007580000,2025-09-27T21:13:00Z,109389.48
1759007640000,2025-09-27T21:14:00Z,109389.47
1759007700000,2025-09-27T21:15:00Z,109410.95
1759007760000,2025-09-27T21:16:00Z,109410.94
1759007820000,2025-09-27T21:17:00Z,109410.95
1759007880000,2025-09-27T21:18:00Z,109410.95
1759007940000,2025-09-27T21:19:00Z,109410.95
1759008000000,2025-09-27T21:20:00Z,109410.94
1759008060000,2025-09-27T21:21:00Z,109410.95
1759008120000,2025-09-27T21:22:00Z,109410.94
1759008180000,2025-09-27T21:23:00Z,109410.94
1759008240000,2025-09-27T21:24:00Z,109410.94
1759008300000,2025-09-27T21:25:00Z,109410.95
1759008360000,2025-09-27T21:26:00Z,109410.95
1759008420000,2025-09-27T21:27:00Z,109421.89
1759008480000,2025-09-27T21:28:00Z,109423.18
1759008540000,2025-09-27T21:29:00Z,109423.19
1759008600000,2025-09-27T21:30:00Z,109430.43
1759008660000,2025-09-27T21:31:00Z,109430.43
1759008720000,2025-09-27T21:32:00Z,109430.43
1759008780000,2025-09-27T21:33:00Z,109430.43
1759008840000,2025-09-27T21:34:00Z,109430.42
1759008900000,2025-09-27T21:35:00Z,109430.43
1759008960000,2025-09-27T21:36:00Z,109430.42
1759009020000,2025-09-27T21:37:00Z,109430.42
1759009080000,2025-09-27T21:38:00Z,109459.45
1759009140000,2025-09-27T21:39:00Z,109459.45
1759009200000,2025-09-27T21:40:00Z,109483.54
1759009260000,2025-09-27T21:41:00Z,109466.88
1759009320000,2025-09-27T21:42:00Z,109471.48
1759009380000,2025-09-27T21:43:00Z,109449.74
1759009440000,2025-09-27T21:44:00Z,109449.74
1759009500000,2025-09-27T21:45:00Z,109454.88
1759009560000,2025-09-27T21:46:00Z,109454.88
1759009620000,2025-09-27T21:47:00Z,109454.87
1759009680000,2025-09-27T21:48:00Z,109454.9
1759009740000,2025-09-27T21:49:00Z,109454.9
1759009800000,2025-09-27T21:50:00Z,109454.9
1759009860000,2025-09-27T21:51:00Z,109454.89
1759009920000,2025-09-27T21:52:00Z,109454.89
1759009980000,2025-09-27T21:53:00Z,109454.9
1759010040000,2025-09-27T21:54:00Z,109454.9
1759010100000,2025-09-27T21:55:00Z,109454.9
1759010160000,2025-09-27T21:56:00Z,109454.9
1759010220000,2025-09-27T21:57:00Z,109454.89
1759010280000,2025-09-27T21:58:00Z,109474.99
1759010340000,2025-09-27T21:59:00Z,109474.99
1759010400000,2025-09-27T22:00:00Z,109476.79
1759010460000,2025-09-27T22:01:00Z,109482.89
1759010520000,2025-09-27T22:02:00Z,109490.61
1759010580000,2025-09-27T22:03:00Z,109519.99
1759010640000,2025-09-27T22:04:00Z,109543.0
1759010700000,2025-09-27T22:05:00Z,109559.77
1759010760000,2025-09-27T22:06:00Z,109499.94
1759010820000,2025-09-27T22:07:00Z,109486.54
1759010880000,2025-09-27T22:08:00Z,109480.01
1759010940000,2025-09-27T22:09:00Z,109513.77
1759011000000,2025-09-27T22:10:00Z,109549.75
1759011060000,2025-09-27T22:11:00Z,109556.47
1759011120000,2025-09-27T22:12:00Z,109574.56
1759011180000,2025-09-27T22:13:00Z,109574.56
1759011240000,2025-09-27T22:14:00Z,109607.83
1759011300000,2025-09-27T22:15:00Z,109607.83
1759011360000,2025-09-27T22:16:00Z,109607.83
1759011420000,2025-09-27T22:17:00Z,109635.99
1759011480000,2025-09-27T22:18:00Z,109635.99
1759011540000,2025-09-27T22:19:00Z,109645.23
1759011600000,2025-09-27T22:20:00Z,109661.99
1759011660000,2025-09-27T22:21:00Z,109662.0
1759011720000,2025-09-27T22:22:00Z,109673.27
1759011780000,2025-09-27T22:23:00Z,109673.77
1759011840000,2025-09-27T22:24:00Z,109688.0
1759011900000,2025-09-27T22:25:00Z,109686.9
1759011960000,2025-09-27T22:26:00Z,109689.39
1759012020000,2025-09-27T22:27:00Z,109699.98
1759012080000,2025-09-27T22:28:00Z,109699.98
1759012140000,2025-09-27T22:29:00Z,109699.98
1759012200000,2025-09-27T22:30:00Z,109678.04
1759012260000,2025-09-27T22:31:00Z,109652.64
1759012320000,2025-09-27T22:32:00Z,109665.75
1759012380000,2025-09-27T22:33:00Z,109670.12
1759012440000,2025-09-27T22:34:00Z,109670.11
1759012500000,2025-09-27T22:35:00Z,109650.01
1759012560000,2025-09-27T22:36:00Z,109605.64
1759012620000,2025-09-27T22:37:00Z,109622.13
1759012680000,2025-09-27T22:38:00Z,109614.26
1759012740000,2025-09-27T22:39:00Z,109650.82
1759012800000,2025-09-27T22:40:00Z,109651.57
1759012860000,2025-09-27T22:41:00Z,109590.01
1759012920000,2025-09-27T22:42:00Z,109640.01
1759012980000,2025-09-27T22:43:00Z,109632.95
1759013040000,2025-09-27T22:44:00Z,109578.07
1759013100000,2025-09-27T22:45:00Z,109580.0
1759013160000,2025-09-27T22:46:00Z,109587.81
1759013220000,2025-09-27T22:47:00Z,109574.8
1759013280000,2025-09-27T22:48:00Z,109568.64
1759013340000,2025-09-27T22:49:00Z,109524.09
1759013400000,2025-09-27T22:50:00Z,109524.65
1759013460000,2025-09-27T22:51:00Z,109556.24
1759013520000,2025-09-27T22:52:00Z,109581.34
1759013580000,2025-09-27T22:53:00Z,109581.34
1759013640000,2025-09-27T22:54:00Z,109565.98
1759013700000,2025-09-27T22:55:00Z,109565.98
1759013760000,2025-09-27T22:56:00Z,109565.98
1759013820000,2025-09-27T22:57:00Z,109605.63
1759013880000,2025-09-27T22:58:00Z,109605.62
1759013940000,2025-09-27T22:59:00Z,109605.62
1759014000000,2025-09-27T23:00:00Z,109593.74
1759014060000,2025-09-27T23:01:00Z,109603.19
1759014120000,2025-09-27T23:02:00Z,109636.42
1759014180000,2025-09-27T23:03:00Z,109640.0
1759014240000,2025-09-27T23:04:00Z,109622.22
1759014300000,2025-09-27T23:05:00Z,109622.22
1759014360000,2025-09-27T23:06:00Z,109622.23
1759014420000,2025-09-27T23:07:00Z,109556.25
1759014480000,2025-09-27T23:08:00Z,109538.05
1759014540000,2025-09-27T23:09:00Z,109610.4
1759014600000,2025-09-27T23:10:00Z,109610.4
1759014660000,2025-09-27T23:11:00Z,109589.93
1759014720000,2025-09-27T23:12:00Z,109589.93
1759014780000,2025-09-27T23:13:00Z,109602.01
1759014840000,2025-09-27T23:14:00Z,109602.0
1759014900000,2025-09-27T23:15:00Z,109579.4
1759014960000,2025-09-27T23:16:00Z,109558.73
1759015020000,2025-09-27T23:17:00Z,109483.58
1759015080000,2025-09-27T23:18:00Z,109469.99
1759015140000,2025-09-27T23:19:00Z,109498.94
1759015200000,2025-09-27T23:20:00Z,109505.99
1759015260000,2025-09-27T23:21:00Z,109539.98
1759015320000,2025-09-27T23:22:00Z,109542.58
1759015380000,2025-09-27T23:23:00Z,109520.68
1759015440000,2025-09-27T23:24:00Z,109520.69
1759015500000,2025-09-27T23:25:00Z,109520.68
1759015560000,2025-09-27T23:26:00Z,109542.58
1759015620000,2025-09-27T23:27:00Z,109543.86
1759015680000,2025-09-27T23:28:00Z,109543.85
1759015740000,2025-09-27T23:29:00Z,109543.85
1759015800000,2025-09-27T23:30:00Z,109543.86
1759015860000,2025-09-27T23:31:00Z,109560.83
1759015920000,2025-09-27T23:32:00Z,109584.0
1759015980000,2025-09-27T23:33:00Z,109588.87
1759016040000,2025-09-27T23:34:00Z,109577.99
1759016100000,2025-09-27T23:35:00Z,109588.87
1759016160000,2025-09-27T23:36:00Z,109605.99
1759016220000,2025-09-27T23:37:00Z,109586.59
1759016280000,2025-09-27T23:38:00Z,109597.05
1759016340000,2025-09-27T23:39:00Z,109597.06
1759016400000,2025-09-27T23:40:00Z,109596.79
1759016460000,2025-09-27T23:41:00Z,109552.65
1759016520000,2025-09-27T23:42:00Z,109569.68
1759016580000,2025-09-27T23:43:00Z,109580.0
1759016640000,2025-09-27T23:44:00Z,109602.48
1759016700000,2025-09-27T23:45:00Z,109602.48
1759016760000,2025-09-27T23:46:00Z,109602.49
1759016820000,2025-09-27T23:47:00Z,109622.11
1759016880000,2025-09-27T23:48:00Z,109622.11
1759016940000,2025-09-27T23:49:00Z,109622.12
1759017000000,2025-09-27T23:50:00Z,109632.25
1759017060000,2025-09-27T23:51:00Z,109669.98
1759017120000,2025-09-27T23:52:00Z,109669.07
1759017180000,2025-09-27T23:53:00Z,109642.98
1759017240000,2025-09-27T23:54:00Z,109610.74
1759017300000,2025-09-27T23:55:00Z,109614.99
1759017360000,2025-09-27T23:56:00Z,109650.91
1759017420000,2025-09-27T23:57:00Z,109635.85
1759017480000,2025-09-27T23:58:00Z,109635.84
1759017540000,2025-09-27T23:59:00Z,109635.85
1759017600000,2025-09-28T00:00:00Z,109647.48
1759017660000,2025-09-28T00:01:00Z,109639.41
1759017720000,2025-09-28T00:02:00Z,109653.73
1759017780000,2025-09-28T00:03:00Z,109653.73
1759017840000,2025-09-28T00:04:00Z,109666.19
1759017900000,2025-09-28T00:05:00Z,109650.15
1759017960000,2025-09-28T00:06:00Z,109610.62
1759018020000,2025-09-28T00:07:00Z,109627.32
1759018080000,2025-09-28T00:08:00Z,109632.75
1759018140000,2025-09-28T00:09:00Z,109588.91
1759018200000,2025-09-28T00:10:00Z,109575.38
1759018260000,2025-09-28T00:11:00Z,109600.0
1759018320000,2025-09-28T00:12:00Z,109553.51
1759018380000,2025-09-28T00:13:00Z,109553.52
1759018440000,2025-09-28T00:14:00Z,109567.81
1759018500000,2025-09-28T00:15:00Z,109586.64
1759018560000,2025-09-28T00:16:00Z,109592.14
1759018620000,2025-09-28T00:17:00Z,109576.72
1759018680000,2025-09-28T00:18:00Z,109639.99
1759018740000,2025-09-28T00:19:00Z,109651.99
1759018800000,2025-09-28T00:20:00Z,109643.83
1759018860000,2025-09-28T00:21:00Z,109659.39
1759018920000,2025-09-28T00:22:00Z,109656.95
1759018980000,2025-09-28T00:23:00Z,109698.82
1759019040000,2025-09-28T00:24:00Z,109699.98
1759019100000,2025-09-28T00:25:00Z,109726.68
1759019160000,2025-09-28T00:26:00Z,109723.33
1759019220000,2025-09-28T00:27:00Z,109729.95
1759019280000,2025-09-28T00:28:00Z,109781.55
1759019340000,2025-09-28T00:29:00Z,109787.74
1759019400000,2025-09-28T00:30:00Z,109755.76
1759019460000,2025-09-28T00:31:00Z,109723.33
1759019520000,2025-09-28T00:32:00Z,109745.25
1759019580000,2025-09-28T00:33:00Z,109658.39
1759019640000,2025-09-28T00:34:00Z,109664.83
1759019700000,2025-09-28T00:35:00Z,109664.83
1759019760000,2025-09-28T00:36:00Z,109627.83
1759019820000,2025-09-28T00:37:00Z,109655.43
1759019880000,2025-09-28T00:38:00Z,109591.13
1759019940000,2025-09-28T00:39:00Z,109603.96
1759020000000,2025-09-28T00:40:00Z,109651.36
1759020060000,2025-09-28T00:41:00Z,109646.43
1759020120000,2025-09-28T00:42:00Z,109664.79
1759020180000,2025-09-28T00:43:00Z,109723.57
1759020240000,2025-09-28T00:44:00Z,109670.01
1759020300000,2025-09-28T00:45:00Z,109696.97
1759020360000,2025-09-28T00:46:00Z,109663.55
1759020420000,2025-09-28T00:47:00Z,109627.0
1759020480000,2025-09-28T00:48:00Z,109581.66
1759020540000,2025-09-28T00:49:00Z,109578.25
1759020600000,2025-09-28T00:50:00Z,109589.06
1759020660000,2025-09-28T00:51:00Z,109590.65
1759020720000,2025-09-28T00:52:00Z,109566.25
1759020780000,2025-09-28T00:53:00Z,109614.75
1759020840000,2025-09-28T00:54:00Z,109639.99
1759020900000,2025-09-28T00:55:00Z,109624.58
1759020960000,2025-09-28T00:56:00Z,109590.59
1759021020000,2025-09-28T00:57:00Z,109632.01
1759021080000,2025-09-28T00:58:00Z,109590.7
1759021140000,2025-09-28T00:59:00Z,109607.81
1759021200000,2025-09-28T01:00:00Z,109645.7
1759021260000,2025-09-28T01:01:00Z,109654.85
1759021320000,2025-09-28T01:02:00Z,109589.75
1759021380000,2025-09-28T01:03:00Z,109554.37
1759021440000,2025-09-28T01:04:00Z,109608.88
1759021500000,2025-09-28T01:05:00Z,109575.67
1759021560000,2025-09-28T01:06:00Z,109591.84
1759021620000,2025-09-28T01:07:00Z,109553.8
1759021680000,2025-09-28T01:08:00Z,109490.0
1759021740000,2025-09-28T01:09:00Z,109497.14
1759021800000,2025-09-28T01:10:00Z,109532.91
1759021860000,2025-09-28T01:11:00Z,109544.82
1759021920000,2025-09-28T01:12:00Z,109539.9
1759021980000,2025-09-28T01:13:00Z,109515.09
1759022040000,2025-09-28T01:14:00Z,109484.57
1759022100000,2025-09-28T01:15:00Z,109541.0
1759022160000,2025-09-28T01:16:00Z,109514.88
1759022220000,2025-09-28T01:17:00Z,109486.0
1759022280000,2025-09-28T01:18:00Z,109486.0
1759022340000,2025-09-28T01:19:00Z,109523.63
1759022400000,2025-09-28T01:20:00Z,109506.0
1759022460000,2025-09-28T01:21:00Z,109474.76
1759022520000,2025-09-28T01:22:00Z,109505.05
1759022580000,2025-09-28T01:23:00Z,109514.02
1759022640000,2025-09-28T01:24:00Z,109545.54
1759022700000,2025-09-28T01:25:00Z,109494.33
1759022760000,2025-09-28T01:26:00Z,109487.2
1759022820000,2025-09-28T01:27:00Z,109485.0
1759022880000,2025-09-28T01:28:00Z,109499.17
1759022940000,2025-09-28T01:29:00Z,109491.6
1759023000000,2025-09-28T01:30:00Z,109501.91
1759023060000,2025-09-28T01:31:00Z,109534.36
1759023120000,2025-09-28T01:32:00Z,109480.02
1759023180000,2025-09-28T01:33:00Z,109525.34
1759023240000,2025-09-28T01:34:00Z,109507.32
1759023300000,2025-09-28T01:35:00Z,109507.26
1759023360000,2025-09-28T01:36:00Z,109469.0
1759023420000,2025-09-28T01:37:00Z,109463.36
1759023480000,2025-09-28T01:38:00Z,109451.95
1759023540000,2025-09-28T01:39:00Z,109422.54
1759023600000,2025-09-28T01:40:00Z,109427.18
1759023660000,2025-09-28T01:41:00Z,109427.18
1759023720000,2025-09-28T01:42:00Z,109417.69
1759023780000,2025-09-28T01:43:00Z,109405.67
1759023840000,2025-09-28T01:44:00Z,109427.36
1759023900000,2025-09-28T01:45:00Z,109422.71
1759023960000,2025-09-28T01:46:00Z,109407.25
1759024020000,2025-09-28T01:47:00Z,109384.98
1759024080000,2025-09-28T01:48:00Z,109369.01
1759024140000,2025-09-28T01:49:00Z,109368.79
1759024200000,2025-09-28T01:50:00Z,109360.52
1759024260000,2025-09-28T01:51:00Z,109335.05
1759024320000,2025-09-28T01:52:00Z,109370.84
1759024380000,2025-09-28T01:53:00Z,109379.99
1759024440000,2025-09-28T01:54:00Z,109379.99
1759024500000,2025-09-28T01:55:00Z,109374.0
1759024560000,2025-09-28T01:56:00Z,109369.69
1759024620000,2025-09-28T01:57:00Z,109360.0
1759024680000,2025-09-28T01:58:00Z,109344.26
1759024740000,2025-09-28T01:59:00Z,109353.67
1759024800000,2025-09-28T02:00:00Z,109353.68
1759024860000,2025-09-28T02:01:00Z,109353.68
1759024920000,2025-09-28T02:02:00Z,109364.61
1759024980000,2025-09-28T02:03:00Z,109375.55
1759025040000,2025-09-28T02:04:00Z,109392.24
1759025100000,2025-09-28T02:05:00Z,109405.99
1759025160000,2025-09-28T02:06:00Z,109445.6
1759025220000,2025-09-28T02:07:00Z,109445.59
1759025280000,2025-09-28T02:08:00Z,109431.45
1759025340000,2025-09-28T02:09:00Z,109408.73
1759025400000,2025-09-28T02:10:00Z,109388.43
1759025460000,2025-09-28T02:11:00Z,109369.07
1759025520000,2025-09-28T02:12:00Z,109364.53
1759025580000,2025-09-28T02:13:00Z,109378.26
1759025640000,2025-09-28T02:14:00Z,109378.26
1759025700000,2025-09-28T02:15:00Z,109369.68
1759025760000,2025-09-28T02:16:00Z,109392.54
1759025820000,2025-09-28T02:17:00Z,109392.53
1759025880000,2025-09-28T02:18:00Z,109392.53
1759025940000,2025-09-28T02:19:00Z,109392.53
1759026000000,2025-09-28T02:20:00Z,109390.16
1759026060000,2025-09-28T02:21:00Z,109411.03
1759026120000,2025-09-28T02:22:00Z,109426.01
1759026180000,2025-09-28T02:23:00Z,109438.28
1759026240000,2025-09-28T02:24:00Z,109452.57
1759026300000,2025-09-28T02:25:00Z,109471.7
1759026360000,2025-09-28T02:26:00Z,109454.03
1759026420000,2025-09-28T02:27:00Z,109463.43
1759026480000,2025-09-28T02:28:00Z,109436.43
1759026540000,2025-09-28T02:29:00Z,109487.06
1759026600000,2025-09-28T02:30:00Z,109507.0
1759026660000,2025-09-28T02:31:00Z,109474.98
1759026720000,2025-09-28T02:32:00Z,109512.92
1759026780000,2025-09-28T02:33:00Z,109512.91
1759026840000,2025-09-28T02:34:00Z,109492.57
1759026900000,2025-09-28T02:35:00Z,109517.0
1759026960000,2025-09-28T02:36:00Z,109485.44
1759027020000,2025-09-28T02:37:00Z,109520.01
1759027080000,2025-09-28T02:38:00Z,109519.95
1759027140000,2025-09-28T02:39:00Z,109510.29
1759027200000,2025-09-28T02:40:00Z,109510.29
1759027260000,2025-09-28T02:41:00Z,109502.02
1759027320000,2025-09-28T02:42:00Z,109457.69
1759027380000,2025-09-28T02:43:00Z,109437.61
1759027440000,2025-09-28T02:44:00Z,109445.66
1759027500000,2025-09-28T02:45:00Z,109422.56
1759027560000,2025-09-28T02:46:00Z,109396.89
1759027620000,2025-09-28T02:47:00Z,109438.84
1759027680000,2025-09-28T02:48:00Z,109438.19
1759027740000,2025-09-28T02:49:00Z,109415.25
1759027800000,2025-09-28T02:50:00Z,109427.14
1759027860000,2025-09-28T02:51:00Z,109427.13
1759027920000,2025-09-28T02:52:00Z,109450.55
1759027980000,2025-09-28T02:53:00Z,109450.55
1759028040000,2025-09-28T02:54:00Z,109450.56
1759028100000,2025-09-28T02:55:00Z,109436.9
1759028160000,2025-09-28T02:56:00Z,109436.9
1759028220000,2025-09-28T02:57:00Z,109452.7
1759028280000,2025-09-28T02:58:00Z,109447.55
1759028340000,2025-09-28T02:59:00Z,109447.55
1759028400000,2025-09-28T03:00:00Z,109464.99
1759028460000,2025-09-28T03:01:00Z,109493.32
1759028520000,2025-09-28T03:02:00Z,109499.0
1759028580000,2025-09-28T03:03:00Z,109535.0
1759028640000,2025-09-28T03:04:00Z,109522.24
1759028700000,2025-09-28T03:05:00Z,109493.86
1759028760000,2025-09-28T03:06:00Z,109503.65
1759028820000,2025-09-28T03:07:00Z,109480.01
1759028880000,2025-09-28T03:08:00Z,109495.74
1759028940000,2025-09-28T03:09:00Z,109465.07
1759029000000,2025-09-28T03:10:00Z,109485.48
1759029060000,2025-09-28T03:11:00Z,109481.78
1759029120000,2025-09-28T03:12:00Z,109481.77
1759029180000,2025-09-28T03:13:00Z,109481.77
1759029240000,2025-09-28T03:14:00Z,109484.0
1759029300000,2025-09-28T03:15:00Z,109489.14
1759029360000,2025-09-28T03:16:00Z,109489.14
1759029420000,2025-09-28T03:17:00Z,109477.05
1759029480000,2025-09-28T03:18:00Z,109465.37
1759029540000,2025-09-28T03:19:00Z,109465.38
1759029600000,2025-09-28T03:20:00Z,109465.38
1759029660000,2025-09-28T03:21:00Z,109456.44
1759029720000,2025-09-28T03:22:00Z,109454.66
1759029780000,2025-09-28T03:23:00Z,109454.66
1759029840000,2025-09-28T03:24:00Z,109454.65
1759029900000,2025-09-28T03:25:00Z,109454.66
1759029960000,2025-09-28T03:26:00Z,109454.65
1759030020000,2025-09-28T03:27:00Z,109454.65
1759030080000,2025-09-28T03:28:00Z,109454.65
1759030140000,2025-09-28T03:29:00Z,109454.65
1759030200000,2025-09-28T03:30:00Z,109454.65
1759030260000,2025-09-28T03:31:00Z,109463.99
1759030320000,2025-09-28T03:32:00Z,109440.01
1759030380000,2025-09-28T03:33:00Z,109437.55
1759030440000,2025-09-28T03:34:00Z,109436.31
1759030500000,2025-09-28T03:35:00Z,109423.54
1759030560000,2025-09-28T03:36:00Z,109423.54
1759030620000,2025-09-28T03:37:00Z,109412.94
1759030680000,2025-09-28T03:38:00Z,109410.03
1759030740000,2025-09-28T03:39:00Z,109410.03
1759030800000,2025-09-28T03:40:00Z,109410.03
1759030860000,2025-09-28T03:41:00Z,109410.04
1759030920000,2025-09-28T03:42:00Z,109409.18
1759030980000,2025-09-28T03:43:00Z,109409.18
1759031040000,2025-09-28T03:44:00Z,109409.17
1759031100000,2025-09-28T03:45:00Z,109409.17
1759031160000,2025-09-28T03:46:00Z,109409.18
1759031220000,2025-09-28T03:47:00Z,109409.18
1759031280000,2025-09-28T03:48:00Z,109417.17
1759031340000,2025-09-28T03:49:00Z,109436.0
1759031400000,2025-09-28T03:50:00Z,109428.17
1759031460000,2025-09-28T03:51:00Z,109428.18
1759031520000,2025-09-28T03:52:00Z,109428.18
1759031580000,2025-09-28T03:53:00Z,109428.18
1759031640000,2025-09-28T03:54:00Z,109433.99
1759031700000,2025-09-28T03:55:00Z,109433.98
1759031760000,2025-09-28T03:56:00Z,109433.99
1759031820000,2025-09-28T03:57:00Z,109433.98
1759031880000,2025-09-28T03:58:00Z,109436.0
1759031940000,2025-09-28T03:59:00Z,109436.0
1759032000000,2025-09-28T04:00:00Z,109436.0
1759032060000,2025-09-28T04:01:00Z,109436.0
1759032120000,2025-09-28T04:02:00Z,109436.0
1759032180000,2025-09-28T04:03:00Z,109428.18
1759032240000,2025-09-28T04:04:00Z,109428.19
1759032300000,2025-09-28T04:05:00Z,109450.0
1759032360000,2025-09-28T04:06:00Z,109450.0
1759032420000,2025-09-28T04:07:00Z,109449.99
1759032480000,2025-09-28T04:08:00Z,109450.0
1759032540000,2025-09-28T04:09:00Z,109461.0
1759032600000,2025-09-28T04:10:00Z,109469.94
1759032660000,2025-09-28T04:11:00Z,109486.1
1759032720000,2025-09-28T04:12:00Z,109464.0
1759032780000,2025-09-28T04:13:00Z,109463.99
1759032840000,2025-09-28T04:14:00Z,109464.0
1759032900000,2025-09-28T04:15:00Z,109463.99
1759032960000,2025-09-28T04:16:00Z,109481.01
1759033020000,2025-09-28T04:17:00Z,109481.01
1759033080000,2025-09-28T04:18:00Z,109464.0
1759033140000,2025-09-28T04:19:00Z,109440.0
1759033200000,2025-09-28T04:20:00Z,109440.01
1759033260000,2025-09-28T04:21:00Z,109428.14
1759033320000,2025-09-28T04:22:00Z,109414.0
1759033380000,2025-09-28T04:23:00Z,109409.9
1759033440000,2025-09-28T04:24:00Z,109405.13
1759033500000,2025-09-28T04:25:00Z,109394.75
1759033560000,2025-09-28T04:26:00Z,109392.61
1759033620000,2025-09-28T04:27:00Z,109392.61
1759033680000,2025-09-28T04:28:00Z,109392.6
1759033740000,2025-09-28T04:29:00Z,109366.11
1759033800000,2025-09-28T04:30:00Z,109366.11
1759033860000,2025-09-28T04:31:00Z,109366.1
1759033920000,2025-09-28T04:32:00Z,109366.11
1759033980000,2025-09-28T04:33:00Z,109376.24
1759034040000,2025-09-28T04:34:00Z,109392.21
1759034100000,2025-09-28T04:35:00Z,109384.29
1759034160000,2025-09-28T04:36:00Z,109365.88
1759034220000,2025-09-28T04:37:00Z,109365.88
1759034280000,2025-09-28T04:38:00Z,109365.88
1759034340000,2025-09-28T04:39:00Z,109365.88
1759034400000,2025-09-28T04:40:00Z,109365.9
1759034460000,2025-09-28T04:41:00Z,109373.16
1759034520000,2025-09-28T04:42:00Z,109373.16
1759034580000,2025-09-28T04:43:00Z,109373.16
1759034640000,2025-09-28T04:44:00Z,109373.16
1759034700000,2025-09-28T04:45:00Z,109373.16
1759034760000,2025-09-28T04:46:00Z,109373.16
1759034820000,2025-09-28T04:47:00Z,109373.15
1759034880000,2025-09-28T04:48:00Z,109373.15
1759034940000,2025-09-28T04:49:00Z,109373.15
1759035000000,2025-09-28T04:50:00Z,109373.15
1759035060000,2025-09-28T04:51:00Z,109373.16
1759035120000,2025-09-28T04:52:00Z,109373.15
1759035180000,2025-09-28T04:53:00Z,109373.15
1759035240000,2025-09-28T04:54:00Z,109373.16
1759035300000,2025-09-28T04:55:00Z,109365.9
1759035360000,2025-09-28T04:56:00Z,109365.9
1759035420000,2025-09-28T04:57:00Z,109365.9
1759035480000,2025-09-28T04:58:00Z,109365.9
1759035540000,2025-09-28T04:59:00Z,109365.9
1759035600000,2025-09-28T05:00:00Z,109365.9
1759035660000,2025-09-28T05:01:00Z,109365.89
1759035720000,2025-09-28T05:02:00Z,109365.9
1759035780000,2025-09-28T05:03:00Z,109389.99
1759035840000,2025-09-28T05:04:00Z,109389.99
1759035900000,2025-09-28T05:05:00Z,109389.99
1759035960000,2025-09-28T05:06:00Z,109382.77
1759036020000,2025-09-28T05:07:00Z,109369.09
1759036080000,2025-09-28T05:08:00Z,109366.35
1759036140000,2025-09-28T05:09:00Z,109356.42
1759036200000,2025-09-28T05:10:00Z,109356.43
1759036260000,2025-09-28T05:11:00Z,109356.44
1759036320000,2025-09-28T05:12:00Z,109356.44
1759036380000,2025-09-28T05:13:00Z,109356.44
1759036440000,2025-09-28T05:14:00Z,109356.43
1759036500000,2025-09-28T05:15:00Z,109356.44
1759036560000,2025-09-28T05:16:00Z,109356.43
1759036620000,2025-09-28T05:17:00Z,109356.43
1759036680000,2025-09-28T05:18:00Z,109356.44
1759036740000,2025-09-28T05:19:00Z,109371.74
1759036800000,2025-09-28T05:20:00Z,109392.99
1759036860000,2025-09-28T05:21:00Z,109384.5
1759036920000,2025-09-28T05:22:00Z,109384.5
1759036980000,2025-09-28T05:23:00Z,109384.5
1759037040000,2025-09-28T05:24:00Z,109384.5
1759037100000,2025-09-28T05:25:00Z,109384.5
1759037160000,2025-09-28T05:26:00Z,109384.51
1759037220000,2025-09-28T05:27:00Z,109384.5
1759037280000,2025-09-28T05:28:00Z,109396.94
1759037340000,2025-09-28T05:29:00Z,109396.93
1759037400000,2025-09-28T05:30:00Z,109391.29
1759037460000,2025-09-28T05:31:00Z,109397.99
1759037520000,2025-09-28T05:32:00Z,109392.41
1759037580000,2025-09-28T05:33:00Z,109383.66
1759037640000,2025-09-28T05:34:00Z,109375.07
1759037700000,2025-09-28T05:35:00Z,109375.08
1759037760000,2025-09-28T05:36:00Z,109366.58
1759037820000,2025-09-28T05:37:00Z,109366.57
1759037880000,2025-09-28T05:38:00Z,109366.58
1759037940000,2025-09-28T05:39:00Z,109366.58
1759038000000,2025-09-28T05:40:00Z,109366.58
1759038060000,2025-09-28T05:41:00Z,109366.57
1759038120000,2025-09-28T05:42:00Z,109360.02
1759038180000,2025-09-28T05:43:00Z,109356.43
1759038240000,2025-09-28T05:44:00Z,109356.43
1759038300000,2025-09-28T05:45:00Z,109356.43
1759038360000,2025-09-28T05:46:00Z,109356.43
1759038420000,2025-09-28T05:47:00Z,109356.43
1759038480000,2025-09-28T05:48:00Z,109356.43
1759038540000,2025-09-28T05:49:00Z,109356.43
1759038600000,2025-09-28T05:50:00Z,109356.44
1759038660000,2025-09-28T05:51:00Z,109356.44
1759038720000,2025-09-28T05:52:00Z,109356.43
1759038780000,2025-09-28T05:53:00Z,109356.43
1759038840000,2025-09-28T05:54:00Z,109356.43
1759038900000,2025-09-28T05:55:00Z,109356.44
1759038960000,2025-09-28T05:56:00Z,109356.43
1759039020000,2025-09-28T05:57:00Z,109356.43
1759039080000,2025-09-28T05:58:00Z,109356.43
1759039140000,2025-09-28T05:59:00Z,109356.43
1759039200000,2025-09-28T06:00:00Z,109356.44
1759039260000,2025-09-28T06:01:00Z,109356.44
1759039320000,2025-09-28T06:02:00Z,109356.42
1759039380000,2025-09-28T06:03:00Z,109356.43
1759039440000,2025-09-28T06:04:00Z,109356.42
1759039500000,2025-09-28T06:05:00Z,109382.99
1759039560000,2025-09-28T06:06:00Z,109383.0
1759039620000,2025-09-28T06:07:00Z,109383.0
1759039680000,2025-09-28T06:08:00Z,109383.0
1759039740000,2025-09-28T06:09:00Z,109383.0
1759039800000,2025-09-28T06:10:00Z,109383.0
1759039860000,2025-09-28T06:11:00Z,109382.99
1759039920000,2025-09-28T06:12:00Z,109383.0
1759039980000,2025-09-28T06:13:00Z,109383.0
1759040040000,2025-09-28T06:14:00Z,109382.99
1759040100000,2025-09-28T06:15:00Z,109367.67
1759040160000,2025-09-28T06:16:00Z,109367.68
1759040220000,2025-09-28T06:17:00Z,109367.67
1759040280000,2025-09-28T06:18:00Z,109367.62
1759040340000,2025-09-28T06:19:00Z,109367.62
1759040400000,2025-09-28T06:20:00Z,109378.99
1759040460000,2025-09-28T06:21:00Z,109378.99
1759040520000,2025-09-28T06:22:00Z,109378.99
1759040580000,2025-09-28T06:23:00Z,109366.43
1759040640000,2025-09-28T06:24:00Z,109366.43
1759040700000,2025-09-28T06:25:00Z,109359.68
1759040760000,2025-09-28T06:26:00Z,109342.66
1759040820000,2025-09-28T06:27:00Z,109312.27
1759040880000,2025-09-28T06:28:00Z,109304.86
1759040940000,2025-09-28T06:29:00Z,109280.01
1759041000000,2025-09-28T06:30:00Z,109269.91
1759041060000,2025-09-28T06:31:00Z,109266.15
1759041120000,2025-09-28T06:32:00Z,109287.99
1759041180000,2025-09-28T06:33:00Z,109287.99
1759041240000,2025-09-28T06:34:00Z,109287.99
1759041300000,2025-09-28T06:35:00Z,109288.0
1759041360000,2025-09-28T06:36:00Z,109304.01
1759041420000,2025-09-28T06:37:00Z,109331.47
1759041480000,2025-09-28T06:38:00Z,109375.93
1759041540000,2025-09-28T06:39:00Z,109381.0
1759041600000,2025-09-28T06:40:00Z,109431.44
1759041660000,2025-09-28T06:41:00Z,109403.32
1759041720000,2025-09-28T06:42:00Z,109416.89
1759041780000,2025-09-28T06:43:00Z,109420.04
1759041840000,2025-09-28T06:44:00Z,109437.42
1759041900000,2025-09-28T06:45:00Z,109423.53
1759041960000,2025-09-28T06:46:00Z,109420.0
1759042020000,2025-09-28T06:47:00Z,109416.68
1759042080000,2025-09-28T06:48:00Z,109395.47
1759042140000,2025-09-28T06:49:00Z,109386.43
1759042200000,2025-09-28T06:50:00Z,109383.95
1759042260000,2025-09-28T06:51:00Z,109410.0
1759042320000,2025-09-28T06:52:00Z,109410.0
1759042380000,2025-09-28T06:53:00Z,109410.0
1759042440000,2025-09-28T06:54:00Z,109410.0
1759042500000,2025-09-28T06:55:00Z,109409.99
1759042560000,2025-09-28T06:56:00Z,109409.99
1759042620000,2025-09-28T06:57:00Z,109410.0
1759042680000,2025-09-28T06:58:00Z,109410.0
1759042740000,2025-09-28T06:59:00Z,109410.0
1759042800000,2025-09-28T07:00:00Z,109409.99
1759042860000,2025-09-28T07:01:00Z,109410.0
1759042920000,2025-09-28T07:02:00Z,109409.99
1759042980000,2025-09-28T07:03:00Z,109410.0
1759043040000,2025-09-28T07:04:00Z,109391.4
1759043100000,2025-09-28T07:05:00Z,109380.73
1759043160000,2025-09-28T07:06:00Z,109362.09
1759043220000,2025-09-28T07:07:00Z,109360.01
1759043280000,2025-09-28T07:08:00Z,109351.44
1759043340000,2025-09-28T07:09:00Z,109358.67
1759043400000,2025-09-28T07:10:00Z,109374.88
1759043460000,2025-09-28T07:11:00Z,109374.88
1759043520000,2025-09-28T07:12:00Z,109373.7
1759043580000,2025-09-28T07:13:00Z,109373.7
1759043640000,2025-09-28T07:14:00Z,109373.71
1759043700000,2025-09-28T07:15:00Z,109373.71
1759043760000,2025-09-28T07:16:00Z,109385.8
1759043820000,2025-09-28T07:17:00Z,109388.0
1759043880000,2025-09-28T07:18:00Z,109409.23
1759043940000,2025-09-28T07:19:00Z,109436.45
1759044000000,2025-09-28T07:20:00Z,109429.39
1759044060000,2025-09-28T07:21:00Z,109429.4
1759044120000,2025-09-28T07:22:00Z,109450.0
1759044180000,2025-09-28T07:23:00Z,109457.36
1759044240000,2025-09-28T07:24:00Z,109460.02
1759044300000,2025-09-28T07:25:00Z,109483.95
1759044360000,2025-09-28T07:26:00Z,109478.52
1759044420000,2025-09-28T07:27:00Z,109478.45
1759044480000,2025-09-28T07:28:00Z,109478.45
1759044540000,2025-09-28T07:29:00Z,109458.28
1759044600000,2025-09-28T07:30:00Z,109447.81
1759044660000,2025-09-28T07:31:00Z,109447.82
1759044720000,2025-09-28T07:32:00Z,109469.99
1759044780000,2025-09-28T07:33:00Z,109485.71
1759044840000,2025-09-28T07:34:00Z,109485.72
1759044900000,2025-09-28T07:35:00Z,109498.47
1759044960000,2025-09-28T07:36:00Z,109498.47
1759045020000,2025-09-28T07:37:00Z,109492.11
1759045080000,2025-09-28T07:38:00Z,109456.89
1759045140000,2025-09-28T07:39:00Z,109443.89
1759045200000,2025-09-28T07:40:00Z,109443.88
1759045260000,2025-09-28T07:41:00Z,109443.9
1759045320000,2025-09-28T07:42:00Z,109443.89
1759045380000,2025-09-28T07:43:00Z,109443.9
1759045440000,2025-09-28T07:44:00Z,109461.61
1759045500000,2025-09-28T07:45:00Z,109481.99
1759045560000,2025-09-28T07:46:00Z,109482.0
1759045620000,2025-09-28T07:47:00Z,109466.72
1759045680000,2025-09-28T07:48:00Z,109470.16
1759045740000,2025-09-28T07:49:00Z,109481.12
1759045800000,2025-09-28T07:50:00Z,109481.12
1759045860000,2025-09-28T07:51:00Z,109519.0
1759045920000,2025-09-28T07:52:00Z,109537.79
1759045980000,2025-09-28T07:53:00Z,109537.8
1759046040000,2025-09-28T07:54:00Z,109537.79
1759046100000,2025-09-28T07:55:00Z,109501.0
1759046160000,2025-09-28T07:56:00Z,109522.56
1759046220000,2025-09-28T07:57:00Z,109513.04
1759046280000,2025-09-28T07:58:00Z,109513.04
1759046340000,2025-09-28T07:59:00Z,109513.06
1759046400000,2025-09-28T08:00:00Z,109513.06
1759046460000,2025-09-28T08:01:00Z,109537.8
1759046520000,2025-09-28T08:02:00Z,109550.71
1759046580000,2025-09-28T08:03:00Z,109585.39
1759046640000,2025-09-28T08:04:00Z,109534.48
1759046700000,2025-09-28T08:05:00Z,109513.03
1759046760000,2025-09-28T08:06:00Z,109513.0
1759046820000,2025-09-28T08:07:00Z,109502.16
1759046880000,2025-09-28T08:08:00Z,109498.0
1759046940000,2025-09-28T08:09:00Z,109498.0
1759047000000,2025-09-28T08:10:00Z,109498.01
1759047060000,2025-09-28T08:11:00Z,109498.01
1759047120000,2025-09-28T08:12:00Z,109498.0
1759047180000,2025-09-28T08:13:00Z,109519.45
1759047240000,2025-09-28T08:14:00Z,109507.09
1759047300000,2025-09-28T08:15:00Z,109490.01
1759047360000,2025-09-28T08:16:00Z,109490.0
1759047420000,2025-09-28T08:17:00Z,109494.43
1759047480000,2025-09-28T08:18:00Z,109494.44
1759047540000,2025-09-28T08:19:00Z,109494.43
1759047600000,2025-09-28T08:20:00Z,109494.43
1759047660000,2025-09-28T08:21:00Z,109459.66
1759047720000,2025-09-28T08:22:00Z,109440.44
1759047780000,2025-09-28T08:23:00Z,109443.9
1759047840000,2025-09-28T08:24:00Z,109507.32
1759047900000,2025-09-28T08:25:00Z,109493.83
1759047960000,2025-09-28T08:26:00Z,109480.02
1759048020000,2025-09-28T08:27:00Z,109515.32
1759048080000,2025-09-28T08:28:00Z,109524.84
1759048140000,2025-09-28T08:29:00Z,109524.46
1759048200000,2025-09-28T08:30:00Z,109533.01
1759048260000,2025-09-28T08:31:00Z,109533.01
1759048320000,2025-09-28T08:32:00Z,109522.33
1759048380000,2025-09-28T08:33:00Z,109522.33
1759048440000,2025-09-28T08:34:00Z,109485.73
1759048500000,2025-09-28T08:35:00Z,109507.29
1759048560000,2025-09-28T08:36:00Z,109537.19
1759048620000,2025-09-28T08:37:00Z,109515.45
1759048680000,2025-09-28T08:38:00Z,109515.44
1759048740000,2025-09-28T08:39:00Z,109526.99
1759048800000,2025-09-28T08:40:00Z,109529.33
1759048860000,2025-09-28T08:41:00Z,109513.88
1759048920000,2025-09-28T08:42:00Z,109521.33
1759048980000,2025-09-28T08:43:00Z,109541.99
1759049040000,2025-09-28T08:44:00Z,109521.47
1759049100000,2025-09-28T08:45:00Z,109526.33
1759049160000,2025-09-28T08:46:00Z,109526.33
1759049220000,2025-09-28T08:47:00Z,109541.99
1759049280000,2025-09-28T08:48:00Z,109542.0
1759049340000,2025-09-28T08:49:00Z,109556.09
1759049400000,2025-09-28T08:50:00Z,109515.16
1759049460000,2025-09-28T08:51:00Z,109515.15
1759049520000,2025-09-28T08:52:00Z,109558.41
1759049580000,2025-09-28T08:53:00Z,109530.08
1759049640000,2025-09-28T08:54:00Z,109527.14
1759049700000,2025-09-28T08:55:00Z,109532.68
1759049760000,2025-09-28T08:56:00Z,109527.01
1759049820000,2025-09-28T08:57:00Z,109532.68
1759049880000,2025-09-28T08:58:00Z,109531.77
1759049940000,2025-09-28T08:59:00Z,109509.91
1759050000000,2025-09-28T09:00:00Z,109534.99
1759050060000,2025-09-28T09:01:00Z,109534.99
1759050120000,2025-09-28T09:02:00Z,109504.01
1759050180000,2025-09-28T09:03:00Z,109466.42
1759050240000,2025-09-28T09:04:00Z,109475.78
1759050300000,2025-09-28T09:05:00Z,109490.83
1759050360000,2025-09-28T09:06:00Z,109466.43
1759050420000,2025-09-28T09:07:00Z,109443.95
1759050480000,2025-09-28T09:08:00Z,109458.59
1759050540000,2025-09-28T09:09:00Z,109458.58
1759050600000,2025-09-28T09:10:00Z,109394.88
1759050660000,2025-09-28T09:11:00Z,109421.34
1759050720000,2025-09-28T09:12:00Z,109413.14
1759050780000,2025-09-28T09:13:00Z,109376.65
1759050840000,2025-09-28T09:14:00Z,109363.93
1759050900000,2025-09-28T09:15:00Z,109358.93
1759050960000,2025-09-28T09:16:00Z,109331.28
1759051020000,2025-09-28T09:17:00Z,109380.0
1759051080000,2025-09-28T09:18:00Z,109427.55
1759051140000,2025-09-28T09:19:00Z,109416.25
1759051200000,2025-09-28T09:20:00Z,109413.19
1759051260000,2025-09-28T09:21:00Z,109413.2
1759051320000,2025-09-28T09:22:00Z,109423.0
1759051380000,2025-09-28T09:23:00Z,109423.0
1759051440000,2025-09-28T09:24:00Z,109389.92
1759051500000,2025-09-28T09:25:00Z,109389.93
1759051560000,2025-09-28T09:26:00Z,109405.48
1759051620000,2025-09-28T09:27:00Z,109405.48
1759051680000,2025-09-28T09:28:00Z,109373.96
1759051740000,2025-09-28T09:29:00Z,109449.49
1759051800000,2025-09-28T09:30:00Z,109470.94
1759051860000,2025-09-28T09:31:00Z,109487.79
1759051920000,2025-09-28T09:32:00Z,109491.01
1759051980000,2025-09-28T09:33:00Z,109512.9
1759052040000,2025-09-28T09:34:00Z,109491.0
1759052100000,2025-09-28T09:35:00Z,109500.96
1759052160000,2025-09-28T09:36:00Z,109480.04
1759052220000,2025-09-28T09:37:00Z,109524.99
1759052280000,2025-09-28T09:38:00Z,109522.35
1759052340000,2025-09-28T09:39:00Z,109546.78
1759052400000,2025-09-28T09:40:00Z,109543.48
1759052460000,2025-09-28T09:41:00Z,109545.39
1759052520000,2025-09-28T09:42:00Z,109537.8
1759052580000,2025-09-28T09:43:00Z,109537.8
1759052640000,2025-09-28T09:44:00Z,109559.89
1759052700000,2025-09-28T09:45:00Z,109524.0
1759052760000,2025-09-28T09:46:00Z,109527.85
1759052820000,2025-09-28T09:47:00Z,109493.56
1759052880000,2025-09-28T09:48:00Z,109509.35
1759052940000,2025-09-28T09:49:00Z,109514.18
1759053000000,2025-09-28T09:50:00Z,109513.54
1759053060000,2025-09-28T09:51:00Z,109537.44
1759053120000,2025-09-28T09:52:00Z,109504.35
1759053180000,2025-09-28T09:53:00Z,109519.42
1759053240000,2025-09-28T09:54:00Z,109519.43
1759053300000,2025-09-28T09:55:00Z,109519.42
1759053360000,2025-09-28T09:56:00Z,109519.43
1759053420000,2025-09-28T09:57:00Z,109519.43
1759053480000,2025-09-28T09:58:00Z,109519.43
1759053540000,2025-09-28T09:59:00Z,109519.42
1759053600000,2025-09-28T10:00:00Z,109512.34
1759053660000,2025-09-28T10:01:00Z,109505.11
1759053720000,2025-09-28T10:02:00Z,109500.0
1759053780000,2025-09-28T10:03:00Z,109455.75
1759053840000,2025-09-28T10:04:00Z,109436.54
1759053900000,2025-09-28T10:05:00Z,109413.21
1759053960000,2025-09-28T10:06:00Z,109433.91
1759054020000,2025-09-28T10:07:00Z,109433.92
1759054080000,2025-09-28T10:08:00Z,109444.72
1759054140000,2025-09-28T10:09:00Z,109444.73
1759054200000,2025-09-28T10:10:00Z,109444.72
1759054260000,2025-09-28T10:11:00Z,109434.05
1759054320000,2025-09-28T10:12:00Z,109434.04
1759054380000,2025-09-28T10:13:00Z,109455.76
1759054440000,2025-09-28T10:14:00Z,109455.72
1759054500000,2025-09-28T10:15:00Z,109449.3
1759054560000,2025-09-28T10:16:00Z,109449.3
1759054620000,2025-09-28T10:17:00Z,109442.49
1759054680000,2025-09-28T10:18:00Z,109433.34
1759054740000,2025-09-28T10:19:00Z,109459.99
1759054800000,2025-09-28T10:20:00Z,109476.8
1759054860000,2025-09-28T10:21:00Z,109476.8
1759054920000,2025-09-28T10:22:00Z,109449.05
1759054980000,2025-09-28T10:23:00Z,109449.05
1759055040000,2025-09-28T10:24:00Z,109449.04
1759055100000,2025-09-28T10:25:00Z,109441.71
1759055160000,2025-09-28T10:26:00Z,109441.71
1759055220000,2025-09-28T10:27:00Z,109441.7
1759055280000,2025-09-28T10:28:00Z,109441.7
1759055340000,2025-09-28T10:29:00Z,109441.7
1759055400000,2025-09-28T10:30:00Z,109441.7
1759055460000,2025-09-28T10:31:00Z,109441.69
1759055520000,2025-09-28T10:32:00Z,109441.7
1759055580000,2025-09-28T10:33:00Z,109418.01
1759055640000,2025-09-28T10:34:00Z,109412.04
1759055700000,2025-09-28T10:35:00Z,109396.13
1759055760000,2025-09-28T10:36:00Z,109389.26
1759055820000,2025-09-28T10:37:00Z,109396.93
1759055880000,2025-09-28T10:38:00Z,109417.02
1759055940000,2025-09-28T10:39:00Z,109417.02
1759056000000,2025-09-28T10:40:00Z,109426.66
1759056060000,2025-09-28T10:41:00Z,109401.51
1759056120000,2025-09-28T10:42:00Z,109401.8
1759056180000,2025-09-28T10:43:00Z,109389.5
1759056240000,2025-09-28T10:44:00Z,109389.5
1759056300000,2025-09-28T10:45:00Z,109389.5
1759056360000,2025-09-28T10:46:00Z,109389.49
1759056420000,2025-09-28T10:47:00Z,109379.27
1759056480000,2025-09-28T10:48:00Z,109379.26
1759056540000,2025-09-28T10:49:00Z,109379.27
1759056600000,2025-09-28T10:50:00Z,109379.25
1759056660000,2025-09-28T10:51:00Z,109379.26
1759056720000,2025-09-28T10:52:00Z,109379.26
1759056780000,2025-09-28T10:53:00Z,109379.26
1759056840000,2025-09-28T10:54:00Z,109377.59
1759056900000,2025-09-28T10:55:00Z,109368.43
1759056960000,2025-09-28T10:56:00Z,109368.44
1759057020000,2025-09-28T10:57:00Z,109368.44
1759057080000,2025-09-28T10:58:00Z,109368.44
1759057140000,2025-09-28T10:59:00Z,109368.44
1759057200000,2025-09-28T11:00:00Z,109368.44
1759057260000,2025-09-28T11:01:00Z,109368.42
1759057320000,2025-09-28T11:02:00Z,109368.43
1759057380000,2025-09-28T11:03:00Z,109363.4
1759057440000,2025-09-28T11:04:00Z,109363.4
1759057500000,2025-09-28T11:05:00Z,109363.39
1759057560000,2025-09-28T11:06:00Z,109342.67
1759057620000,2025-09-28T11:07:00Z,109320.0
1759057680000,2025-09-28T11:08:00Z,109333.33
1759057740000,2025-09-28T11:09:00Z,109333.34
1759057800000,2025-09-28T11:10:00Z,109339.38
1759057860000,2025-09-28T11:11:00Z,109339.39
1759057920000,2025-09-28T11:12:00Z,109339.39
1759057980000,2025-09-28T11:13:00Z,109339.38
1759058040000,2025-09-28T11:14:00Z,109323.3
1759058100000,2025-09-28T11:15:00Z,109323.31
1759058160000,2025-09-28T11:16:00Z,109323.31
1759058220000,2025-09-28T11:17:00Z,109323.31
1759058280000,2025-09-28T11:18:00Z,109280.56
1759058340000,2025-09-28T11:19:00Z,109288.61
1759058400000,2025-09-28T11:20:00Z,109266.46
1759058460000,2025-09-28T11:21:00Z,109267.95
1759058520000,2025-09-28T11:22:00Z,109285.29
1759058580000,2025-09-28T11:23:00Z,109270.78
1759058640000,2025-09-28T11:24:00Z,109296.99
1759058700000,2025-09-28T11:25:00Z,109269.01
1759058760000,2025-09-28T11:26:00Z,109256.01
1759058820000,2025-09-28T11:27:00Z,109250.0
1759058880000,2025-09-28T11:28:00Z,109253.32
1759058940000,2025-09-28T11:29:00Z,109272.24
1759059000000,2025-09-28T11:30:00Z,109282.06
1759059060000,2025-09-28T11:31:00Z,109304.46
1759059120000,2025-09-28T11:32:00Z,109294.28
1759059180000,2025-09-28T11:33:00Z,109323.25
1759059240000,2025-09-28T11:34:00Z,109313.23
1759059300000,2025-09-28T11:35:00Z,109328.54
1759059360000,2025-09-28T11:36:00Z,109308.1
1759059420000,2025-09-28T11:37:00Z,109301.42
1759059480000,2025-09-28T11:38:00Z,109286.45
1759059540000,2025-09-28T11:39:00Z,109278.38
1759059600000,2025-09-28T11:40:00Z,109297.99
1759059660000,2025-09-28T11:41:00Z,109298.0
1759059720000,2025-09-28T11:42:00Z,109296.9
1759059780000,2025-09-28T11:43:00Z,109296.89
1759059840000,2025-09-28T11:44:00Z,109296.9
1759059900000,2025-09-28T11:45:00Z,109296.9
1759059960000,2025-09-28T11:46:00Z,109271.0
1759060020000,2025-09-28T11:47:00Z,109273.48
1759060080000,2025-09-28T11:48:00Z,109271.01
1759060140000,2025-09-28T11:49:00Z,109262.74
1759060200000,2025-09-28T11:50:00Z,109261.27
1759060260000,2025-09-28T11:51:00Z,109261.26
1759060320000,2025-09-28T11:52:00Z,109261.26
1759060380000,2025-09-28T11:53:00Z,109257.69
1759060440000,2025-09-28T11:54:00Z,109257.7
1759060500000,2025-09-28T11:55:00Z,109257.7
1759060560000,2025-09-28T11:56:00Z,109368.46
1759060620000,2025-09-28T11:57:00Z,109338.36
1759060680000,2025-09-28T11:58:00Z,109413.19
1759060740000,2025-09-28T11:59:00Z,109369.02
1759060800000,2025-09-28T12:00:00Z,109384.61
1759060860000,2025-09-28T12:01:00Z,109451.04
1759060920000,2025-09-28T12:02:00Z,109406.25
1759060980000,2025-09-28T12:03:00Z,109440.01
1759061040000,2025-09-28T12:04:00Z,109404.55
1759061100000,2025-09-28T12:05:00Z,109388.51
1759061160000,2025-09-28T12:06:00Z,109372.93
1759061220000,2025-09-28T12:07:00Z,109380.75
1759061280000,2025-09-28T12:08:00Z,109377.43
1759061340000,2025-09-28T12:09:00Z,109367.0
1759061400000,2025-09-28T12:10:00Z,109398.21
1759061460000,2025-09-28T12:11:00Z,109388.86
1759061520000,2025-09-28T12:12:00Z,109427.71
1759061580000,2025-09-28T12:13:00Z,109413.2
1759061640000,2025-09-28T12:14:00Z,109427.69
1759061700000,2025-09-28T12:15:00Z,109427.66
1759061760000,2025-09-28T12:16:00Z,109407.42
1759061820000,2025-09-28T12:17:00Z,109386.61
1759061880000,2025-09-28T12:18:00Z,109399.21
1759061940000,2025-09-28T12:19:00Z,109383.4
1759062000000,2025-09-28T12:20:00Z,109397.0
1759062060000,2025-09-28T12:21:00Z,109365.25
1759062120000,2025-09-28T12:22:00Z,109380.06
1759062180000,2025-09-28T12:23:00Z,109380.07
1759062240000,2025-09-28T12:24:00Z,109389.29
1759062300000,2025-09-28T12:25:00Z,109424.9
1759062360000,2025-09-28T12:26:00Z,109424.91
1759062420000,2025-09-28T12:27:00Z,109429.81
1759062480000,2025-09-28T12:28:00Z,109407.83
1759062540000,2025-09-28T12:29:00Z,109429.46
1759062600000,2025-09-28T12:30:00Z,109430.16
1759062660000,2025-09-28T12:31:00Z,109409.56
1759062720000,2025-09-28T12:32:00Z,109411.62
1759062780000,2025-09-28T12:33:00Z,109413.2
1759062840000,2025-09-28T12:34:00Z,109393.29
1759062900000,2025-09-28T12:35:00Z,109404.08
1759062960000,2025-09-28T12:36:00Z,109380.08
1759063020000,2025-09-28T12:37:00Z,109360.0
1759063080000,2025-09-28T12:38:00Z,109370.95
1759063140000,2025-09-28T12:39:00Z,109370.91
1759063200000,2025-09-28T12:40:00Z,109331.76
1759063260000,2025-09-28T12:41:00Z,109301.13
1759063320000,2025-09-28T12:42:00Z,109301.13
1759063380000,2025-09-28T12:43:00Z,109274.09
1759063440000,2025-09-28T12:44:00Z,109242.64
1759063500000,2025-09-28T12:45:00Z,109245.68
1759063560000,2025-09-28T12:46:00Z,109241.99
1759063620000,2025-09-28T12:47:00Z,109232.06
1759063680000,2025-09-28T12:48:00Z,109194.95
1759063740000,2025-09-28T12:49:00Z,109209.31
1759063800000,2025-09-28T12:50:00Z,109234.65
1759063860000,2025-09-28T12:51:00Z,109252.0
1759063920000,2025-09-28T12:52:00Z,109279.48
1759063980000,2025-09-28T12:53:00Z,109299.42
1759064040000,2025-09-28T12:54:00Z,109309.74
1759064100000,2025-09-28T12:55:00Z,109332.49
1759064160000,2025-09-28T12:56:00Z,109321.57
1759064220000,2025-09-28T12:57:00Z,109314.99
1759064280000,2025-09-28T12:58:00Z,109314.99
1759064340000,2025-09-28T12:59:00Z,109314.99
1759064400000,2025-09-28T13:00:00Z,109322.31
1759064460000,2025-09-28T13:01:00Z,109363.89
1759064520000,2025-09-28T13:02:00Z,109369.66
1759064580000,2025-09-28T13:03:00Z,109370.56
1759064640000,2025-09-28T13:04:00Z,109357.77
1759064700000,2025-09-28T13:05:00Z,109368.48
1759064760000,2025-09-28T13:06:00Z,109368.48
1759064820000,2025-09-28T13:07:00Z,109388.44
1759064880000,2025-09-28T13:08:00Z,109405.95
1759064940000,2025-09-28T13:09:00Z,109405.95
1759065000000,2025-09-28T13:10:00Z,109410.0
1759065060000,2025-09-28T13:11:00Z,109435.04
1759065120000,2025-09-28T13:12:00Z,109410.0
1759065180000,2025-09-28T13:13:00Z,109410.0
1759065240000,2025-09-28T13:14:00Z,109409.99
1759065300000,2025-09-28T13:15:00Z,109409.99
1759065360000,2025-09-28T13:16:00Z,109410.0
1759065420000,2025-09-28T13:17:00Z,109395.79
1759065480000,2025-09-28T13:18:00Z,109450.2
1759065540000,2025-09-28T13:19:00Z,109464.02
1759065600000,2025-09-28T13:20:00Z,109476.0
1759065660000,2025-09-28T13:21:00Z,109469.12
1759065720000,2025-09-28T13:22:00Z,109474.07
1759065780000,2025-09-28T13:23:00Z,109474.06
1759065840000,2025-09-28T13:24:00Z,109474.05
1759065900000,2025-09-28T13:25:00Z,109463.81
1759065960000,2025-09-28T13:26:00Z,109457.97
1759066020000,2025-09-28T13:27:00Z,109445.52
1759066080000,2025-09-28T13:28:00Z,109472.19
1759066140000,2025-09-28T13:29:00Z,109476.81
1759066200000,2025-09-28T13:30:00Z,109490.0
1759066260000,2025-09-28T13:31:00Z,109475.77
1759066320000,2025-09-28T13:32:00Z,109500.0
1759066380000,2025-09-28T13:33:00Z,109500.0
1759066440000,2025-09-28T13:34:00Z,109525.99
1759066500000,2025-09-28T13:35:00Z,109541.23
1759066560000,2025-09-28T13:36:00Z,109555.38
1759066620000,2025-09-28T13:37:00Z,109545.45
1759066680000,2025-09-28T13:38:00Z,109571.86
1759066740000,2025-09-28T13:39:00Z,109586.67
1759066800000,2025-09-28T13:40:00Z,109599.99
1759066860000,2025-09-28T13:41:00Z,109599.99
1759066920000,2025-09-28T13:42:00Z,109617.8
1759066980000,2025-09-28T13:43:00Z,109617.79
1759067040000,2025-09-28T13:44:00Z,109595.59
1759067100000,2025-09-28T13:45:00Z,109606.55
1759067160000,2025-09-28T13:46:00Z,109582.0
1759067220000,2025-09-28T13:47:00Z,109587.46
1759067280000,2025-09-28T13:48:00Z,109612.0
1759067340000,2025-09-28T13:49:00Z,109595.81
1759067400000,2025-09-28T13:50:00Z,109595.82
1759067460000,2025-09-28T13:51:00Z,109595.83
1759067520000,2025-09-28T13:52:00Z,109604.0
1759067580000,2025-09-28T13:53:00Z,109603.99
1759067640000,2025-09-28T13:54:00Z,109603.99
1759067700000,2025-09-28T13:55:00Z,109641.66
1759067760000,2025-09-28T13:56:00Z,109649.03
1759067820000,2025-09-28T13:57:00Z,109639.01
1759067880000,2025-09-28T13:58:00Z,109639.0
1759067940000,2025-09-28T13:59:00Z,109639.0
1759068000000,2025-09-28T14:00:00Z,109639.01
1759068060000,2025-09-28T14:01:00Z,109630.0
1759068120000,2025-09-28T14:02:00Z,109587.62
1759068180000,2025-09-28T14:03:00Z,109542.14
1759068240000,2025-09-28T14:04:00Z,109525.13
1759068300000,2025-09-28T14:05:00Z,109525.13
1759068360000,2025-09-28T14:06:00Z,109531.76
1759068420000,2025-09-28T14:07:00Z,109535.71
1759068480000,2025-09-28T14:08:00Z,109513.82
1759068540000,2025-09-28T14:09:00Z,109524.0
1759068600000,2025-09-28T14:10:00Z,109531.7
1759068660000,2025-09-28T14:11:00Z,109531.7
1759068720000,2025-09-28T14:12:00Z,109535.49
1759068780000,2025-09-28T14:13:00Z,109535.5
1759068840000,2025-09-28T14:14:00Z,109535.5
1759068900000,2025-09-28T14:15:00Z,109535.5
1759068960000,2025-09-28T14:16:00Z,109535.49
1759069020000,2025-09-28T14:17:00Z,109555.46
1759069080000,2025-09-28T14:18:00Z,109570.5
1759069140000,2025-09-28T14:19:00Z,109612.0
1759069200000,2025-09-28T14:20:00Z,109662.39
1759069260000,2025-09-28T14:21:00Z,109662.38
1759069320000,2025-09-28T14:22:00Z,109662.38
1759069380000,2025-09-28T14:23:00Z,109677.42
1759069440000,2025-09-28T14:24:00Z,109677.41
1759069500000,2025-09-28T14:25:00Z,109684.05
1759069560000,2025-09-28T14:26:00Z,109718.61
1759069620000,2025-09-28T14:27:00Z,109704.99
1759069680000,2025-09-28T14:28:00Z,109704.99
1759069740000,2025-09-28T14:29:00Z,109715.95
1759069800000,2025-09-28T14:30:00Z,109715.94
1759069860000,2025-09-28T14:31:00Z,109704.99
1759069920000,2025-09-28T14:32:00Z,109677.4
1759069980000,2025-09-28T14:33:00Z,109655.48
1759070040000,2025-09-28T14:34:00Z,109655.48
1759070100000,2025-09-28T14:35:00Z,109655.47
1759070160000,2025-09-28T14:36:00Z,109655.46
1759070220000,2025-09-28T14:37:00Z,109650.01
1759070280000,2025-09-28T14:38:00Z,109669.1
1759070340000,2025-09-28T14:39:00Z,109655.39
1759070400000,2025-09-28T14:40:00Z,109655.37
1759070460000,2025-09-28T14:41:00Z,109655.38
1759070520000,2025-09-28T14:42:00Z,109677.27
1759070580000,2025-09-28T14:43:00Z,109694.94
1759070640000,2025-09-28T14:44:00Z,109688.0
1759070700000,2025-09-28T14:45:00Z,109687.98
1759070760000,2025-09-28T14:46:00Z,109713.17
1759070820000,2025-09-28T14:47:00Z,109723.43
1759070880000,2025-09-28T14:48:00Z,109712.3
1759070940000,2025-09-28T14:49:00Z,109767.55
1759071000000,2025-09-28T14:50:00Z,109775.0
1759071060000,2025-09-28T14:51:00Z,109860.55
1759071120000,2025-09-28T14:52:00Z,109803.23
1759071180000,2025-09-28T14:53:00Z,109801.28
1759071240000,2025-09-28T14:54:00Z,109801.29
1759071300000,2025-09-28T14:55:00Z,109838.6
1759071360000,2025-09-28T14:56:00Z,109831.49
1759071420000,2025-09-28T14:57:00Z,109856.62
1759071480000,2025-09-28T14:58:00Z,109856.71
1759071540000,2025-09-28T14:59:00Z,109850.01
1759071600000,2025-09-28T15:00:00Z,109867.99
1759071660000,2025-09-28T15:01:00Z,109890.0
1759071720000,2025-09-28T15:02:00Z,109886.94
1759071780000,2025-09-28T15:03:00Z,109891.7
1759071840000,2025-09-28T15:04:00Z,109901.87
1759071900000,2025-09-28T15:05:00Z,109888.94
1759071960000,2025-09-28T15:06:00Z,109827.09
1759072020000,2025-09-28T15:07:00Z,109845.68
1759072080000,2025-09-28T15:08:00Z,109829.66
1759072140000,2025-09-28T15:09:00Z,109816.66
1759072200000,2025-09-28T15:10:00Z,109784.95
1759072260000,2025-09-28T15:11:00Z,109722.6
1759072320000,2025-09-28T15:12:00Z,109730.0
1759072380000,2025-09-28T15:13:00Z,109756.19
1759072440000,2025-09-28T15:14:00Z,109767.23
1759072500000,2025-09-28T15:15:00Z,109767.22
1759072560000,2025-09-28T15:16:00Z,109808.24
1759072620000,2025-09-28T15:17:00Z,109840.64
1759072680000,2025-09-28T15:18:00Z,109854.41
1759072740000,2025-09-28T15:19:00Z,109828.74
1759072800000,2025-09-28T15:20:00Z,109828.75
1759072860000,2025-09-28T15:21:00Z,109837.58
1759072920000,2025-09-28T15:22:00Z,109837.57
1759072980000,2025-09-28T15:23:00Z,109798.5
1759073040000,2025-09-28T15:24:00Z,109798.51
1759073100000,2025-09-28T15:25:00Z,109825.98
1759073160000,2025-09-28T15:26:00Z,109837.1
1759073220000,2025-09-28T15:27:00Z,109879.73
1759073280000,2025-09-28T15:28:00Z,109885.52
1759073340000,2025-09-28T15:29:00Z,109899.99
1759073400000,2025-09-28T15:30:00Z,109899.43
1759073460000,2025-09-28T15:31:00Z,109885.42
1759073520000,2025-09-28T15:32:00Z,109863.01
1759073580000,2025-09-28T15:33:00Z,109863.0
1759073640000,2025-09-28T15:34:00Z,109863.0
1759073700000,2025-09-28T15:35:00Z,109842.0
1759073760000,2025-09-28T15:36:00Z,109840.0
1759073820000,2025-09-28T15:37:00Z,109840.01
1759073880000,2025-09-28T15:38:00Z,109858.88
1759073940000,2025-09-28T15:39:00Z,109804.03
1759074000000,2025-09-28T15:40:00Z,109822.27
1759074060000,2025-09-28T15:41:00Z,109858.21
1759074120000,2025-09-28T15:42:00Z,109889.68
1759074180000,2025-09-28T15:43:00Z,109910.98
1759074240000,2025-09-28T15:44:00Z,109929.99
1759074300000,2025-09-28T15:45:00Z,109940.47
1759074360000,2025-09-28T15:46:00Z,109954.1
1759074420000,2025-09-28T15:47:00Z,109977.8
1759074480000,2025-09-28T15:48:00Z,109999.0
1759074540000,2025-09-28T15:49:00Z,109977.95
1759074600000,2025-09-28T15:50:00Z,109977.81
1759074660000,2025-09-28T15:51:00Z,109985.8
1759074720000,2025-09-28T15:52:00Z,109988.81
1759074780000,2025-09-28T15:53:00Z,109974.99
1759074840000,2025-09-28T15:54:00Z,110013.99
1759074900000,2025-09-28T15:55:00Z,110015.34
1759074960000,2025-09-28T15:56:00Z,110011.01
1759075020000,2025-09-28T15:57:00Z,110017.77
1759075080000,2025-09-28T15:58:00Z,110028.77
1759075140000,2025-09-28T15:59:00Z,110037.93
1759075200000,2025-09-28T16:00:00Z,110063.38
1759075260000,2025-09-28T16:01:00Z,110076.01
1759075320000,2025-09-28T16:02:00Z,110121.98
1759075380000,2025-09-28T16:03:00Z,110127.31
1759075440000,2025-09-28T16:04:00Z,110169.69
1759075500000,2025-09-28T16:05:00Z,110199.99
1759075560000,2025-09-28T16:06:00Z,110226.89
1759075620000,2025-09-28T16:07:00Z,110348.12
1759075680000,2025-09-28T16:08:00Z,110292.49
1759075740000,2025-09-28T16:09:00Z,110210.85
1759075800000,2025-09-28T16:10:00Z,110202.56
1759075860000,2025-09-28T16:11:00Z,110222.33
1759075920000,2025-09-28T16:12:00Z,110199.57
1759075980000,2025-09-28T16:13:00Z,110228.54
1759076040000,2025-09-28T16:14:00Z,110195.21
1759076100000,2025-09-28T16:15:00Z,110141.01
1759076160000,2025-09-28T16:16:00Z,110074.73
1759076220000,2025-09-28T16:17:00Z,110070.55
1759076280000,2025-09-28T16:18:00Z,110062.98
1759076340000,2025-09-28T16:19:00Z,110103.36
1759076400000,2025-09-28T16:20:00Z,110120.0
1759076460000,2025-09-28T16:21:00Z,110117.55
1759076520000,2025-09-28T16:22:00Z,110163.75
1759076580000,2025-09-28T16:23:00Z,110215.86
1759076640000,2025-09-28T16:24:00Z,110184.79
1759076700000,2025-09-28T16:25:00Z,110178.64
1759076760000,2025-09-28T16:26:00Z,110157.21
1759076820000,2025-09-28T16:27:00Z,110150.06
1759076880000,2025-09-28T16:28:00Z,110165.47
1759076940000,2025-09-28T16:29:00Z,110150.07
1759077000000,2025-09-28T16:30:00Z,110150.06
1759077060000,2025-09-28T16:31:00Z,110121.11
1759077120000,2025-09-28T16:32:00Z,110121.12
1759077180000,2025-09-28T16:33:00Z,110092.44
1759077240000,2025-09-28T16:34:00Z,110105.0
1759077300000,2025-09-28T16:35:00Z,110066.59
1759077360000,2025-09-28T16:36:00Z,110051.13
1759077420000,2025-09-28T16:37:00Z,110048.02
1759077480000,2025-09-28T16:38:00Z,110008.54
1759077540000,2025-09-28T16:39:00Z,110038.91
1759077600000,2025-09-28T16:40:00Z,110086.88
1759077660000,2025-09-28T16:41:00Z,110110.0
1759077720000,2025-09-28T16:42:00Z,110169.91
1759077780000,2025-09-28T16:43:00Z,110190.0
1759077840000,2025-09-28T16:44:00Z,110157.12
1759077900000,2025-09-28T16:45:00Z,110171.22
1759077960000,2025-09-28T16:46:00Z,110157.12
1759078020000,2025-09-28T16:47:00Z,110168.09
1759078080000,2025-09-28T16:48:00Z,110168.1
1759078140000,2025-09-28T16:49:00Z,110168.1
1759078200000,2025-09-28T16:50:00Z,110168.09
1759078260000,2025-09-28T16:51:00Z,110170.01
1759078320000,2025-09-28T16:52:00Z,110209.61
1759078380000,2025-09-28T16:53:00Z,110209.85
1759078440000,2025-09-28T16:54:00Z,110209.85
1759078500000,2025-09-28T16:55:00Z,110193.35
1759078560000,2025-09-28T16:56:00Z,110193.34
1759078620000,2025-09-28T16:57:00Z,110193.37
1759078680000,2025-09-28T16:58:00Z,110193.64
1759078740000,2025-09-28T16:59:00Z,110222.02
1759078800000,2025-09-28T17:00:00Z,110258.99
1759078860000,2025-09-28T17:01:00Z,110232.7
1759078920000,2025-09-28T17:02:00Z,110251.07
1759078980000,2025-09-28T17:03:00Z,110274.11
1759079040000,2025-09-28T17:04:00Z,110306.62
1759079100000,2025-09-28T17:05:00Z,110323.5
1759079160000,2025-09-28T17:06:00Z,110311.74
1759079220000,2025-09-28T17:07:00Z,110283.28
1759079280000,2025-09-28T17:08:00Z,110287.31
1759079340000,2025-09-28T17:09:00Z,110296.56
1759079400000,2025-09-28T17:10:00Z,110291.15
1759079460000,2025-09-28T17:11:00Z,110319.58
1759079520000,2025-09-28T17:12:00Z,110318.56
1759079580000,2025-09-28T17:13:00Z,110323.51
1759079640000,2025-09-28T17:14:00Z,110332.21
1759079700000,2025-09-28T17:15:00Z,110328.68
1759079760000,2025-09-28T17:16:00Z,110323.08
1759079820000,2025-09-28T17:17:00Z,110306.67
1759079880000,2025-09-28T17:18:00Z,110274.61
1759079940000,2025-09-28T17:19:00Z,110282.57
1759080000000,2025-09-28T17:20:00Z,110249.0
1759080060000,2025-09-28T17:21:00Z,110200.01
1759080120000,2025-09-28T17:22:00Z,110200.0
1759080180000,2025-09-28T17:23:00Z,110181.23
1759080240000,2025-09-28T17:24:00Z,110153.25
1759080300000,2025-09-28T17:25:00Z,110164.58
1759080360000,2025-09-28T17:26:00Z,110171.04
1759080420000,2025-09-28T17:27:00Z,110209.14
1759080480000,2025-09-28T17:28:00Z,110205.33
1759080540000,2025-09-28T17:29:00Z,110202.74
1759080600000,2025-09-28T17:30:00Z,110179.99
1759080660000,2025-09-28T17:31:00Z,110191.79
1759080720000,2025-09-28T17:32:00Z,110201.15
1759080780000,2025-09-28T17:33:00Z,110204.72
1759080840000,2025-09-28T17:34:00Z,110222.1
1759080900000,2025-09-28T17:35:00Z,110236.0
1759080960000,2025-09-28T17:36:00Z,110279.76
1759081020000,2025-09-28T17:37:00Z,110299.67
1759081080000,2025-09-28T17:38:00Z,110318.06
1759081140000,2025-09-28T17:39:00Z,110339.68
1759081200000,2025-09-28T17:40:00Z,110347.28
1759081260000,2025-09-28T17:41:00Z,110364.06
1759081320000,2025-09-28T17:42:00Z,110346.12
1759081380000,2025-09-28T17:43:00Z,110332.88
1759081440000,2025-09-28T17:44:00Z,110331.16
1759081500000,2025-09-28T17:45:00Z,110349.66
1759081560000,2025-09-28T17:46:00Z,110348.41
1759081620000,2025-09-28T17:47:00Z,110345.67
1759081680000,2025-09-28T17:48:00Z,110303.87
1759081740000,2025-09-28T17:49:00Z,110285.68
1759081800000,2025-09-28T17:50:00Z,110285.68
1759081860000,2025-09-28T17:51:00Z,110267.38
1759081920000,2025-09-28T17:52:00Z,110237.24
1759081980000,2025-09-28T17:53:00Z,110214.87
1759082040000,2025-09-28T17:54:00Z,110238.77
1759082100000,2025-09-28T17:55:00Z,110200.01
1759082160000,2025-09-28T17:56:00Z,110211.04
1759082220000,2025-09-28T17:57:00Z,110220.0
1759082280000,2025-09-28T17:58:00Z,110219.99
1759082340000,2025-09-28T17:59:00Z,110203.52
1759082400000,2025-09-28T18:00:00Z,110209.1
1759082460000,2025-09-28T18:01:00Z,110225.21
1759082520000,2025-09-28T18:02:00Z,110215.75
1759082580000,2025-09-28T18:03:00Z,110242.0
1759082640000,2025-09-28T18:04:00Z,110204.72
1759082700000,2025-09-28T18:05:00Z,110198.1
1759082760000,2025-09-28T18:06:00Z,110209.53
1759082820000,2025-09-28T18:07:00Z,110186.5
1759082880000,2025-09-28T18:08:00Z,110126.14
1759082940000,2025-09-28T18:09:00Z,110116.58
1759083000000,2025-09-28T18:10:00Z,110086.65
1759083060000,2025-09-28T18:11:00Z,110107.63
1759083120000,2025-09-28T18:12:00Z,110071.98
1759083180000,2025-09-28T18:13:00Z,110110.28
1759083240000,2025-09-28T18:14:00Z,110105.92
1759083300000,2025-09-28T18:15:00Z,110127.09
1759083360000,2025-09-28T18:16:00Z,110137.38
1759083420000,2025-09-28T18:17:00Z,110149.63
1759083480000,2025-09-28T18:18:00Z,110161.98
1759083540000,2025-09-28T18:19:00Z,110177.78
1759083600000,2025-09-28T18:20:00Z,110174.0
1759083660000,2025-09-28T18:21:00Z,110174.0
1759083720000,2025-09-28T18:22:00Z,110193.18
1759083780000,2025-09-28T18:23:00Z,110138.0
1759083840000,2025-09-28T18:24:00Z,110121.47
1759083900000,2025-09-28T18:25:00Z,110140.7
1759083960000,2025-09-28T18:26:00Z,110140.69
1759084020000,2025-09-28T18:27:00Z,110128.36
1759084080000,2025-09-28T18:28:00Z,110128.37
1759084140000,2025-09-28T18:29:00Z,110138.1
1759084200000,2025-09-28T18:30:00Z,110128.37
1759084260000,2025-09-28T18:31:00Z,110139.8
1759084320000,2025-09-28T18:32:00Z,110139.81
1759084380000,2025-09-28T18:33:00Z,110139.81
1759084440000,2025-09-28T18:34:00Z,110177.06
1759084500000,2025-09-28T18:35:00Z,110195.74
1759084560000,2025-09-28T18:36:00Z,110195.73
1759084620000,2025-09-28T18:37:00Z,110167.59
1759084680000,2025-09-28T18:38:00Z,110167.6
1759084740000,2025-09-28T18:39:00Z,110167.6
1759084800000,2025-09-28T18:40:00Z,110186.72
1759084860000,2025-09-28T18:41:00Z,110193.16
1759084920000,2025-09-28T18:42:00Z,110193.17
1759084980000,2025-09-28T18:43:00Z,110193.17
1759085040000,2025-09-28T18:44:00Z,110193.16
1759085100000,2025-09-28T18:45:00Z,110193.17
1759085160000,2025-09-28T18:46:00Z,110209.67
1759085220000,2025-09-28T18:47:00Z,110233.06
1759085280000,2025-09-28T18:48:00Z,110233.05
1759085340000,2025-09-28T18:49:00Z,110233.05
1759085400000,2025-09-28T18:50:00Z,110216.99
1759085460000,2025-09-28T18:51:00Z,110217.0
1759085520000,2025-09-28T18:52:00Z,110222.98
1759085580000,2025-09-28T18:53:00Z,110244.07
1759085640000,2025-09-28T18:54:00Z,110259.85
1759085700000,2025-09-28T18:55:00Z,110259.84
1759085760000,2025-09-28T18:56:00Z,110267.06
1759085820000,2025-09-28T18:57:00Z,110267.05
1759085880000,2025-09-28T18:58:00Z,110283.69
1759085940000,2025-09-28T18:59:00Z,110293.56
1759086000000,2025-09-28T19:00:00Z,110293.57
1759086060000,2025-09-28T19:01:00Z,110296.53
1759086120000,2025-09-28T19:02:00Z,110296.54
1759086180000,2025-09-28T19:03:00Z,110301.62
1759086240000,2025-09-28T19:04:00Z,110301.61
1759086300000,2025-09-28T19:05:00Z,110301.86
1759086360000,2025-09-28T19:06:00Z,110336.02
1759086420000,2025-09-28T19:07:00Z,110259.23
1759086480000,2025-09-28T19:08:00Z,110250.03
1759086540000,2025-09-28T19:09:00Z,110225.39
1759086600000,2025-09-28T19:10:00Z,110151.44
1759086660000,2025-09-28T19:11:00Z,110151.44
1759086720000,2025-09-28T19:12:00Z,110151.44
1759086780000,2025-09-28T19:13:00Z,110151.44
1759086840000,2025-09-28T19:14:00Z,110119.72
1759086900000,2025-09-28T19:15:00Z,110124.85
1759086960000,2025-09-28T19:16:00Z,110159.99
1759087020000,2025-09-28T19:17:00Z,110200.0
1759087080000,2025-09-28T19:18:00Z,110226.0
1759087140000,2025-09-28T19:19:00Z,110230.04
1759087200000,2025-09-28T19:20:00Z,110239.23
1759087260000,2025-09-28T19:21:00Z,110259.0
1759087320000,2025-09-28T19:22:00Z,110277.53
1759087380000,2025-09-28T19:23:00Z,110260.63
1759087440000,2025-09-28T19:24:00Z,110299.98
1759087500000,2025-09-28T19:25:00Z,110299.98
1759087560000,2025-09-28T19:26:00Z,110338.01
1759087620000,2025-09-28T19:27:00Z,110338.01
1759087680000,2025-09-28T19:28:00Z,110338.01
1759087740000,2025-09-28T19:29:00Z,110338.01
1759087800000,2025-09-28T19:30:00Z,110338.01
1759087860000,2025-09-28T19:31:00Z,110293.28
1759087920000,2025-09-28T19:32:00Z,110309.3
1759087980000,2025-09-28T19:33:00Z,110309.31
1759088040000,2025-09-28T19:34:00Z,110338.1
1759088100000,2025-09-28T19:35:00Z,110320.91
1759088160000,2025-09-28T19:36:00Z,110313.85
1759088220000,2025-09-28T19:37:00Z,110313.85
1759088280000,2025-09-28T19:38:00Z,110304.38
1759088340000,2025-09-28T19:39:00Z,110311.66
1759088400000,2025-09-28T19:40:00Z,110316.23
1759088460000,2025-09-28T19:41:00Z,110316.24
1759088520000,2025-09-28T19:42:00Z,110331.03
1759088580000,2025-09-28T19:43:00Z,110331.04
1759088640000,2025-09-28T19:44:00Z,110337.2
1759088700000,2025-09-28T19:45:00Z,110346.42
1759088760000,2025-09-28T19:46:00Z,110350.0
1759088820000,2025-09-28T19:47:00Z,110359.43
1759088880000,2025-09-28T19:48:00Z,110382.42
1759088940000,2025-09-28T19:49:00Z,110388.45
1759089000000,2025-09-28T19:50:00Z,110380.49
1759089060000,2025-09-28T19:51:00Z,110353.53
1759089120000,2025-09-28T19:52:00Z,110340.0
1759089180000,2025-09-28T19:53:00Z,110340.0
1759089240000,2025-09-28T19:54:00Z,110340.0
1759089300000,2025-09-28T19:55:00Z,110305.8
1759089360000,2025-09-28T19:56:00Z,110305.82
1759089420000,2025-09-28T19:57:00Z,110305.82
1759089480000,2025-09-28T19:58:00Z,110324.31
1759089540000,2025-09-28T19:59:00Z,110337.6
1759089600000,2025-09-28T20:00:00Z,110356.93
1759089660000,2025-09-28T20:01:00Z,110356.92
1759089720000,2025-09-28T20:02:00Z,110356.92
1759089780000,2025-09-28T20:03:00Z,110314.07
1759089840000,2025-09-28T20:04:00Z,110325.79
1759089900000,2025-09-28T20:05:00Z,110325.8
1759089960000,2025-09-28T20:06:00Z,110305.81
1759090020000,2025-09-28T20:07:00Z,110294.78
1759090080000,2025-09-28T20:08:00Z,110294.79
1759090140000,2025-09-28T20:09:00Z,110377.81
1759090200000,2025-09-28T20:10:00Z,110367.05
1759090260000,2025-09-28T20:11:00Z,110371.67
1759090320000,2025-09-28T20:12:00Z,110428.31
1759090380000,2025-09-28T20:13:00Z,110396.41
1759090440000,2025-09-28T20:14:00Z,110425.0
1759090500000,2025-09-28T20:15:00Z,110433.0
1759090560000,2025-09-28T20:16:00Z,110408.1
1759090620000,2025-09-28T20:17:00Z,110408.1
1759090680000,2025-09-28T20:18:00Z,110408.09
1759090740000,2025-09-28T20:19:00Z,110488.76
1759090800000,2025-09-28T20:20:00Z,110499.99
1759090860000,2025-09-28T20:21:00Z,110559.99
1759090920000,2025-09-28T20:22:00Z,110611.88
1759090980000,2025-09-28T20:23:00Z,110627.84
1759091040000,2025-09-28T20:24:00Z,110623.86
1759091100000,2025-09-28T20:25:00Z,110605.18
1759091160000,2025-09-28T20:26:00Z,110633.99
1759091220000,2025-09-28T20:27:00Z,110645.88
1759091280000,2025-09-28T20:28:00Z,110649.99
1759091340000,2025-09-28T20:29:00Z,110650.0
1759091400000,2025-09-28T20:30:00Z,110737.78
1759091460000,2025-09-28T20:31:00Z,110824.59
1759091520000,2025-09-28T20:32:00Z,110837.56
1759091580000,2025-09-28T20:33:00Z,110824.14
1759091640000,2025-09-28T20:34:00Z,110784.0
1759091700000,2025-09-28T20:35:00Z,110867.29
1759091760000,2025-09-28T20:36:00Z,110899.37
1759091820000,2025-09-28T20:37:00Z,110888.55
1759091880000,2025-09-28T20:38:00Z,110901.32
1759091940000,2025-09-28T20:39:00Z,110936.52
1759092000000,2025-09-28T20:40:00Z,110854.7
1759092060000,2025-09-28T20:41:00Z,110928.16
1759092120000,2025-09-28T20:42:00Z,110942.0
1759092180000,2025-09-28T20:43:00Z,110943.66
1759092240000,2025-09-28T20:44:00Z,110943.66
1759092300000,2025-09-28T20:45:00Z,110943.66
1759092360000,2025-09-28T20:46:00Z,110905.98
1759092420000,2025-09-28T20:47:00Z,110902.95
1759092480000,2025-09-28T20:48:00Z,110902.95
1759092540000,2025-09-28T20:49:00Z,110890.76
1759092600000,2025-09-28T20:50:00Z,110864.35
1759092660000,2025-09-28T20:51:00Z,110818.26
1759092720000,2025-09-28T20:52:00Z,110864.99
1759092780000,2025-09-28T20:53:00Z,110823.88
1759092840000,2025-09-28T20:54:00Z,110823.88
1759092900000,2025-09-28T20:55:00Z,110805.0
1759092960000,2025-09-28T20:56:00Z,110771.28
1759093020000,2025-09-28T20:57:00Z,110780.71
1759093080000,2025-09-28T20:58:00Z,110839.0
1759093140000,2025-09-28T20:59:00Z,110803.8
1759093200000,2025-09-28T21:00:00Z,110840.22
1759093260000,2025-09-28T21:01:00Z,110825.08
1759093320000,2025-09-28T21:02:00Z,110807.01
1759093380000,2025-09-28T21:03:00Z,110821.68
1759093440000,2025-09-28T21:04:00Z,110840.0
1759093500000,2025-09-28T21:05:00Z,110840.0
1759093560000,2025-09-28T21:06:00Z,110846.46
1759093620000,2025-09-28T21:07:00Z,110832.79
1759093680000,2025-09-28T21:08:00Z,110861.75
1759093740000,2025-09-28T21:09:00Z,110861.75
1759093800000,2025-09-28T21:10:00Z,110890.67
1759093860000,2025-09-28T21:11:00Z,110896.32
1759093920000,2025-09-28T21:12:00Z,110872.94
1759093980000,2025-09-28T21:13:00Z,110854.97
1759094040000,2025-09-28T21:14:00Z,110861.61
1759094100000,2025-09-28T21:15:00Z,110823.72
1759094160000,2025-09-28T21:16:00Z,110728.26
1759094220000,2025-09-28T21:17:00Z,110742.55
1759094280000,2025-09-28T21:18:00Z,110771.39
1759094340000,2025-09-28T21:19:00Z,110775.1
1759094400000,2025-09-28T21:20:00Z,110775.1
1759094460000,2025-09-28T21:21:00Z,110775.1
1759094520000,2025-09-28T21:22:00Z,110799.99
1759094580000,2025-09-28T21:23:00Z,110781.7
1759094640000,2025-09-28T21:24:00Z,110781.71
1759094700000,2025-09-28T21:25:00Z,110763.01
1759094760000,2025-09-28T21:26:00Z,110751.94
1759094820000,2025-09-28T21:27:00Z,110745.02
1759094880000,2025-09-28T21:28:00Z,110734.61
1759094940000,2025-09-28T21:29:00Z,110734.6
1759095000000,2025-09-28T21:30:00Z,110720.91
1759095060000,2025-09-28T21:31:00Z,110720.9
1759095120000,2025-09-28T21:32:00Z,110699.65
1759095180000,2025-09-28T21:33:00Z,110675.71
1759095240000,2025-09-28T21:34:00Z,110675.71
1759095300000,2025-09-28T21:35:00Z,110661.09
1759095360000,2025-09-28T21:36:00Z,110666.55
1759095420000,2025-09-28T21:37:00Z,110661.09
1759095480000,2025-09-28T21:38:00Z,110649.98
1759095540000,2025-09-28T21:39:00Z,110649.98
1759095600000,2025-09-28T21:40:00Z,110643.46
1759095660000,2025-09-28T21:41:00Z,110661.88
1759095720000,2025-09-28T21:42:00Z,110673.35
1759095780000,2025-09-28T21:43:00Z,110684.12
1759095840000,2025-09-28T21:44:00Z,110684.11
1759095900000,2025-09-28T21:45:00Z,110696.9
1759095960000,2025-09-28T21:46:00Z,110713.49
1759096020000,2025-09-28T21:47:00Z,110713.74
1759096080000,2025-09-28T21:48:00Z,110713.74
1759096140000,2025-09-28T21:49:00Z,110738.34
1759096200000,2025-09-28T21:50:00Z,110725.67
1759096260000,2025-09-28T21:51:00Z,110725.67
1759096320000,2025-09-28T21:52:00Z,110725.66
1759096380000,2025-09-28T21:53:00Z,110725.67
1759096440000,2025-09-28T21:54:00Z,110725.67
1759096500000,2025-09-28T21:55:00Z,110725.67
1759096560000,2025-09-28T21:56:00Z,110761.17
1759096620000,2025-09-28T21:57:00Z,110761.17
1759096680000,2025-09-28T21:58:00Z,110761.41
1759096740000,2025-09-28T21:59:00Z,110833.99
1759096800000,2025-09-28T22:00:00Z,110938.3
1759096860000,2025-09-28T22:01:00Z,110939.35
1759096920000,2025-09-28T22:02:00Z,110942.09
1759096980000,2025-09-28T22:03:00Z,110884.56
1759097040000,2025-09-28T22:04:00Z,110912.73
1759097100000,2025-09-28T22:05:00Z,111145.0
1759097160000,2025-09-28T22:06:00Z,111464.29
1759097220000,2025-09-28T22:07:00Z,111403.0
1759097280000,2025-09-28T22:08:00Z,111480.98
1759097340000,2025-09-28T22:09:00Z,111460.91
1759097400000,2025-09-28T22:10:00Z,111484.77
1759097460000,2025-09-28T22:11:00Z,111460.59
1759097520000,2025-09-28T22:12:00Z,111390.22
1759097580000,2025-09-28T22:13:00Z,111425.99
1759097640000,2025-09-28T22:14:00Z,111459.99
1759097700000,2025-09-28T22:15:00Z,111500.0
1759097760000,2025-09-28T22:16:00Z,111516.99
1759097820000,2025-09-28T22:17:00Z,111614.09
1759097880000,2025-09-28T22:18:00Z,111679.17
1759097940000,2025-09-28T22:19:00Z,111622.96
1759098000000,2025-09-28T22:20:00Z,111696.88
1759098060000,2025-09-28T22:21:00Z,111736.3
1759098120000,2025-09-28T22:22:00Z,111693.0
1759098180000,2025-09-28T22:23:00Z,111676.68
1759098240000,2025-09-28T22:24:00Z,111660.33
1759098300000,2025-09-28T22:25:00Z,111674.24
1759098360000,2025-09-28T22:26:00Z,111676.02
1759098420000,2025-09-28T22:27:00Z,111663.76
1759098480000,2025-09-28T22:28:00Z,111681.26
1759098540000,2025-09-28T22:29:00Z,111726.34
1759098600000,2025-09-28T22:30:00Z,111857.99
1759098660000,2025-09-28T22:31:00Z,111954.74
1759098720000,2025-09-28T22:32:00Z,111885.8
1759098780000,2025-09-28T22:33:00Z,111846.86
1759098840000,2025-09-28T22:34:00Z,111794.66
1759098900000,2025-09-28T22:35:00Z,111729.89
1759098960000,2025-09-28T22:36:00Z,111737.9
1759099020000,2025-09-28T22:37:00Z,111782.04
1759099080000,2025-09-28T22:38:00Z,111812.37
1759099140000,2025-09-28T22:39:00Z,111797.5
1759099200000,2025-09-28T22:40:00Z,111775.55
1759099260000,2025-09-28T22:41:00Z,111792.93
1759099320000,2025-09-28T22:42:00Z,111837.52
1759099380000,2025-09-28T22:43:00Z,111878.14
1759099440000,2025-09-28T22:44:00Z,111899.99
1759099500000,2025-09-28T22:45:00Z,111935.64
1759099560000,2025-09-28T22:46:00Z,112000.0
1759099620000,2025-09-28T22:47:00Z,111979.28
1759099680000,2025-09-28T22:48:00Z,111912.99
1759099740000,2025-09-28T22:49:00Z,111928.92
1759099800000,2025-09-28T22:50:00Z,111937.13
1759099860000,2025-09-28T22:51:00Z,111999.99
1759099920000,2025-09-28T22:52:00Z,111953.85
1759099980000,2025-09-28T22:53:00Z,111928.93
1759100040000,2025-09-28T22:54:00Z,111944.62
1759100100000,2025-09-28T22:55:00Z,111859.63
1759100160000,2025-09-28T22:56:00Z,111892.11
1759100220000,2025-09-28T22:57:00Z,111902.58
1759100280000,2025-09-28T22:58:00Z,111938.53
1759100340000,2025-09-28T22:59:00Z,111938.51
1759100400000,2025-09-28T23:00:00Z,112102.88
1759100460000,2025-09-28T23:01:00Z,112104.01
1759100520000,2025-09-28T23:02:00Z,112055.19
1759100580000,2025-09-28T23:03:00Z,112098.13
1759100640000,2025-09-28T23:04:00Z,112137.08
1759100700000,2025-09-28T23:05:00Z,112123.2
1759100760000,2025-09-28T23:06:00Z,112134.41
1759100820000,2025-09-28T23:07:00Z,112185.04
1759100880000,2025-09-28T23:08:00Z,112314.99
1759100940000,2025-09-28T23:09:00Z,112315.26
1759101000000,2025-09-28T23:10:00Z,112141.08
1759101060000,2025-09-28T23:11:00Z,112110.0
1759101120000,2025-09-28T23:12:00Z,112028.03
1759101180000,2025-09-28T23:13:00Z,112090.8
1759101240000,2025-09-28T23:14:00Z,112111.03
1759101300000,2025-09-28T23:15:00Z,111980.39
1759101360000,2025-09-28T23:16:00Z,112033.1
1759101420000,2025-09-28T23:17:00Z,112085.4
1759101480000,2025-09-28T23:18:00Z,112075.47
1759101540000,2025-09-28T23:19:00Z,112101.58
1759101600000,2025-09-28T23:20:00Z,112212.33
1759101660000,2025-09-28T23:21:00Z,112210.46
1759101720000,2025-09-28T23:22:00Z,112156.82
1759101780000,2025-09-28T23:23:00Z,112058.08
1759101840000,2025-09-28T23:24:00Z,112009.53
1759101900000,2025-09-28T23:25:00Z,112102.21
1759101960000,2025-09-28T23:26:00Z,112113.01
1759102020000,2025-09-28T23:27:00Z,112101.33
1759102080000,2025-09-28T23:28:00Z,112151.16
1759102140000,2025-09-28T23:29:00Z,112107.85
1759102200000,2025-09-28T23:30:00Z,112131.04
1759102260000,2025-09-28T23:31:00Z,112060.53
1759102320000,2025-09-28T23:32:00Z,112038.25
1759102380000,2025-09-28T23:33:00Z,112059.34
1759102440000,2025-09-28T23:34:00Z,112046.77
1759102500000,2025-09-28T23:35:00Z,112048.09
1759102560000,2025-09-28T23:36:00Z,112084.99
1759102620000,2025-09-28T23:37:00Z,112103.12
1759102680000,2025-09-28T23:38:00Z,112103.12
1759102740000,2025-09-28T23:39:00Z,112120.0
1759102800000,2025-09-28T23:40:00Z,112210.02
1759102860000,2025-09-28T23:41:00Z,112189.69
1759102920000,2025-09-28T23:42:00Z,112205.73
1759102980000,2025-09-28T23:43:00Z,112225.62
1759103040000,2025-09-28T23:44:00Z,112246.83
1759103100000,2025-09-28T23:45:00Z,112220.01
1759103160000,2025-09-28T23:46:00Z,112217.02
1759103220000,2025-09-28T23:47:00Z,112215.01
1759103280000,2025-09-28T23:48:00Z,112214.73
1759103340000,2025-09-28T23:49:00Z,112156.01
1759103400000,2025-09-28T23:50:00Z,112161.43
1759103460000,2025-09-28T23:51:00Z,112190.31
1759103520000,2025-09-28T23:52:00Z,112144.83
1759103580000,2025-09-28T23:53:00Z,112129.63
1759103640000,2025-09-28T23:54:00Z,112120.01
1759103700000,2025-09-28T23:55:00Z,112081.25
1759103760000,2025-09-28T23:56:00Z,112071.3
1759103820000,2025-09-28T23:57:00Z,112081.54
1759103880000,2025-09-28T23:58:00Z,112117.04
1759103940000,2025-09-28T23:59:00Z,112163.95
1759104000000,2025-09-29T00:00:00Z,112149.02
1759104060000,2025-09-29T00:01:00Z,112169.98
1759104120000,2025-09-29T00:02:00Z,112142.95
1759104180000,2025-09-29T00:03:00Z,112124.98
1759104240000,2025-09-29T00:04:00Z,112130.27
1759104300000,2025-09-29T00:05:00Z,112100.44
1759104360000,2025-09-29T00:06:00Z,112050.23
1759104420000,2025-09-29T00:07:00Z,112099.99
1759104480000,2025-09-29T00:08:00Z,112131.0
1759104540000,2025-09-29T00:09:00Z,112184.67
1759104600000,2025-09-29T00:10:00Z,112239.82
1759104660000,2025-09-29T00:11:00Z,112104.32
1759104720000,2025-09-29T00:12:00Z,112104.96
1759104780000,2025-09-29T00:13:00Z,112119.99
1759104840000,2025-09-29T00:14:00Z,112109.19
1759104900000,2025-09-29T00:15:00Z,112049.93
1759104960000,2025-09-29T00:16:00Z,112053.13
1759105020000,2025-09-29T00:17:00Z,112048.08
1759105080000,2025-09-29T00:18:00Z,112019.38
1759105140000,2025-09-29T00:19:00Z,112011.76
1759105200000,2025-09-29T00:20:00Z,112039.0
1759105260000,2025-09-29T00:21:00Z,112153.36
1759105320000,2025-09-29T00:22:00Z,112138.03
1759105380000,2025-09-29T00:23:00Z,112165.71
1759105440000,2025-09-29T00:24:00Z,112260.58
1759105500000,2025-09-29T00:25:00Z,112285.51
1759105560000,2025-09-29T00:26:00Z,112265.97
1759105620000,2025-09-29T00:27:00Z,112217.19
1759105680000,2025-09-29T00:28:00Z,112200.0
1759105740000,2025-09-29T00:29:00Z,112198.87
1759105800000,2025-09-29T00:30:00Z,112230.41
1759105860000,2025-09-29T00:31:00Z,112230.43
1759105920000,2025-09-29T00:32:00Z,112275.0
1759105980000,2025-09-29T00:33:00Z,112216.37
1759106040000,2025-09-29T00:34:00Z,112187.55
1759106100000,2025-09-29T00:35:00Z,112153.49
1759106160000,2025-09-29T00:36:00Z,112054.64
1759106220000,2025-09-29T00:37:00Z,112049.12
1759106280000,2025-09-29T00:38:00Z,112049.11
1759106340000,2025-09-29T00:39:00Z,112025.41
1759106400000,2025-09-29T00:40:00Z,112003.5
1759106460000,2025-09-29T00:41:00Z,112027.0
1759106520000,2025-09-29T00:42:00Z,112005.01
1759106580000,2025-09-29T00:43:00Z,112005.01
1759106640000,2025-09-29T00:44:00Z,112056.48
1759106700000,2025-09-29T00:45:00Z,112156.35
1759106760000,2025-09-29T00:46:00Z,112229.99
1759106820000,2025-09-29T00:47:00Z,112134.19
1759106880000,2025-09-29T00:48:00Z,112156.35
1759106940000,2025-09-29T00:49:00Z,112218.99
1759107000000,2025-09-29T00:50:00Z,112189.55
1759107060000,2025-09-29T00:51:00Z,112181.71
1759107120000,2025-09-29T00:52:00Z,112238.58
1759107180000,2025-09-29T00:53:00Z,112246.41
1759107240000,2025-09-29T00:54:00Z,112258.62
1759107300000,2025-09-29T00:55:00Z,112234.61
1759107360000,2025-09-29T00:56:00Z,112232.01
1759107420000,2025-09-29T00:57:00Z,112232.01
1759107480000,2025-09-29T00:58:00Z,112236.73
1759107540000,2025-09-29T00:59:00Z,112260.57
1759107600000,2025-09-29T01:00:00Z,112230.5
1759107660000,2025-09-29T01:01:00Z,112214.03
1759107720000,2025-09-29T01:02:00Z,112228.0
1759107780000,2025-09-29T01:03:00Z,112136.01
1759107840000,2025-09-29T01:04:00Z,112172.1
1759107900000,2025-09-29T01:05:00Z,112199.72
1759107960000,2025-09-29T01:06:00Z,112236.76
1759108020000,2025-09-29T01:07:00Z,112290.42
1759108080000,2025-09-29T01:08:00Z,112253.01
1759108140000,2025-09-29T01:09:00Z,112258.42
1759108200000,2025-09-29T01:10:00Z,112273.59
1759108260000,2025-09-29T01:11:00Z,112283.14
1759108320000,2025-09-29T01:12:00Z,112288.75
1759108380000,2025-09-29T01:13:00Z,112260.68
1759108440000,2025-09-29T01:14:00Z,112241.53
1759108500000,2025-09-29T01:15:00Z,112118.32
1759108560000,2025-09-29T01:16:00Z,112238.19
1759108620000,2025-09-29T01:17:00Z,112279.07
1759108680000,2025-09-29T01:18:00Z,112281.79
1759108740000,2025-09-29T01:19:00Z,112219.99
1759108800000,2025-09-29T01:20:00Z,112267.22
1759108860000,2025-09-29T01:21:00Z,112244.76
1759108920000,2025-09-29T01:22:00Z,112225.67
1759108980000,2025-09-29T01:23:00Z,112225.68
1759109040000,2025-09-29T01:24:00Z,112166.37
1759109100000,2025-09-29T01:25:00Z,112180.95
1759109160000,2025-09-29T01:26:00Z,112148.73
1759109220000,2025-09-29T01:27:00Z,112097.19
1759109280000,2025-09-29T01:28:00Z,112047.58
1759109340000,2025-09-29T01:29:00Z,112042.97
1759109400000,2025-09-29T01:30:00Z,112024.15
1759109460000,2025-09-29T01:31:00Z,112069.99
1759109520000,2025-09-29T01:32:00Z,112066.82
1759109580000,2025-09-29T01:33:00Z,112063.43
1759109640000,2025-09-29T01:34:00Z,112076.35
1759109700000,2025-09-29T01:35:00Z,112095.89
1759109760000,2025-09-29T01:36:00Z,112063.44
1759109820000,2025-09-29T01:37:00Z,112027.08
1759109880000,2025-09-29T01:38:00Z,112043.11
1759109940000,2025-09-29T01:39:00Z,112044.99
1759110000000,2025-09-29T01:40:00Z,112041.45
1759110060000,2025-09-29T01:41:00Z,112042.0
1759110120000,2025-09-29T01:42:00Z,112074.67
1759110180000,2025-09-29T01:43:00Z,112050.08
1759110240000,2025-09-29T01:44:00Z,112050.09
1759110300000,2025-09-29T01:45:00Z,112000.0
1759110360000,2025-09-29T01:46:00Z,111980.13
1759110420000,2025-09-29T01:47:00Z,111926.01
1759110480000,2025-09-29T01:48:00Z,111892.12
1759110540000,2025-09-29T01:49:00Z,111839.75
1759110600000,2025-09-29T01:50:00Z,111843.79
1759110660000,2025-09-29T01:51:00Z,111883.76
1759110720000,2025-09-29T01:52:00Z,111890.28
1759110780000,2025-09-29T01:53:00Z,111828.63
1759110840000,2025-09-29T01:54:00Z,111800.0
1759110900000,2025-09-29T01:55:00Z,111792.97
1759110960000,2025-09-29T01:56:00Z,111729.88
1759111020000,2025-09-29T01:57:00Z,111771.03
1759111080000,2025-09-29T01:58:00Z,111797.35
1759111140000,2025-09-29T01:59:00Z,111855.3
1759111200000,2025-09-29T02:00:00Z,111852.95
1759111260000,2025-09-29T02:01:00Z,111852.71
1759111320000,2025-09-29T02:02:00Z,111746.77
1759111380000,2025-09-29T02:03:00Z,111771.73
1759111440000,2025-09-29T02:04:00Z,111835.84
1759111500000,2025-09-29T02:05:00Z,111803.42
1759111560000,2025-09-29T02:06:00Z,111833.26
1759111620000,2025-09-29T02:07:00Z,111800.01
1759111680000,2025-09-29T02:08:00Z,111800.0
1759111740000,2025-09-29T02:09:00Z,111806.0
1759111800000,2025-09-29T02:10:00Z,111852.27
1759111860000,2025-09-29T02:11:00Z,111812.22
1759111920000,2025-09-29T02:12:00Z,111826.8
1759111980000,2025-09-29T02:13:00Z,111826.8
1759112040000,2025-09-29T02:14:00Z,111826.79
1759112100000,2025-09-29T02:15:00Z,111795.51
1759112160000,2025-09-29T02:16:00Z,111803.21
1759112220000,2025-09-29T02:17:00Z,111784.32
1759112280000,2025-09-29T02:18:00Z,111788.01
1759112340000,2025-09-29T02:19:00Z,111798.64
1759112400000,2025-09-29T02:20:00Z,111788.0
1759112460000,2025-09-29T02:21:00Z,111817.16
1759112520000,2025-09-29T02:22:00Z,111894.42
1759112580000,2025-09-29T02:23:00Z,111965.39
1759112640000,2025-09-29T02:24:00Z,111944.82
1759112700000,2025-09-29T02:25:00Z,111913.96
1759112760000,2025-09-29T02:26:00Z,111990.59
1759112820000,2025-09-29T02:27:00Z,111902.27
1759112880000,2025-09-29T02:28:00Z,111919.98
1759112940000,2025-09-29T02:29:00Z,111885.07
1759113000000,2025-09-29T02:30:00Z,111892.76
1759113060000,2025-09-29T02:31:00Z,111900.07
1759113120000,2025-09-29T02:32:00Z,111829.07
1759113180000,2025-09-29T02:33:00Z,111870.25
1759113240000,2025-09-29T02:34:00Z,111787.7
1759113300000,2025-09-29T02:35:00Z,111795.54
1759113360000,2025-09-29T02:36:00Z,111781.37
1759113420000,2025-09-29T02:37:00Z,111739.36
1759113480000,2025-09-29T02:38:00Z,111701.3
1759113540000,2025-09-29T02:39:00Z,111699.99
1759113600000,2025-09-29T02:40:00Z,111683.87
1759113660000,2025-09-29T02:41:00Z,111670.0
1759113720000,2025-09-29T02:42:00Z,111679.68
1759113780000,2025-09-29T02:43:00Z,111691.34
1759113840000,2025-09-29T02:44:00Z,111659.53
1759113900000,2025-09-29T02:45:00Z,111635.11
1759113960000,2025-09-29T02:46:00Z,111657.46
1759114020000,2025-09-29T02:47:00Z,111717.31
1759114080000,2025-09-29T02:48:00Z,111701.22
1759114140000,2025-09-29T02:49:00Z,111709.26
1759114200000,2025-09-29T02:50:00Z,111698.92
1759114260000,2025-09-29T02:51:00Z,111735.91
1759114320000,2025-09-29T02:52:00Z,111694.54
1759114380000,2025-09-29T02:53:00Z,111671.79
1759114440000,2025-09-29T02:54:00Z,111677.5
1759114500000,2025-09-29T02:55:00Z,111677.5
1759114560000,2025-09-29T02:56:00Z,111729.08
1759114620000,2025-09-29T02:57:00Z,111726.38
1759114680000,2025-09-29T02:58:00Z,111758.04
1759114740000,2025-09-29T02:59:00Z,111750.02
1759114800000,2025-09-29T03:00:00Z,111728.14
1759114860000,2025-09-29T03:01:00Z,111712.26
1759114920000,2025-09-29T03:02:00Z,111686.42
1759114980000,2025-09-29T03:03:00Z,111679.12
1759115040000,2025-09-29T03:04:00Z,111664.21
1759115100000,2025-09-29T03:05:00Z,111615.33
1759115160000,2025-09-29T03:06:00Z,111633.78
1759115220000,2025-09-29T03:07:00Z,111615.33
1759115280000,2025-09-29T03:08:00Z,111635.12
1759115340000,2025-09-29T03:09:00Z,111616.27
1759115400000,2025-09-29T03:10:00Z,111608.01
1759115460000,2025-09-29T03:11:00Z,111650.66
1759115520000,2025-09-29T03:12:00Z,111601.28
1759115580000,2025-09-29T03:13:00Z,111631.0
1759115640000,2025-09-29T03:14:00Z,111588.08
1759115700000,2025-09-29T03:15:00Z,111588.08
1759115760000,2025-09-29T03:16:00Z,111628.25
1759115820000,2025-09-29T03:17:00Z,111629.89
1759115880000,2025-09-29T03:18:00Z,111620.05
1759115940000,2025-09-29T03:19:00Z,111694.99
1759116000000,2025-09-29T03:20:00Z,111725.34
1759116060000,2025-09-29T03:21:00Z,111684.4
1759116120000,2025-09-29T03:22:00Z,111664.99
1759116180000,2025-09-29T03:23:00Z,111700.0
1759116240000,2025-09-29T03:24:00Z,111749.62
1759116300000,2025-09-29T03:25:00Z,111707.77
1759116360000,2025-09-29T03:26:00Z,111714.01
1759116420000,2025-09-29T03:27:00Z,111739.32
1759116480000,2025-09-29T03:28:00Z,111756.7
1759116540000,2025-09-29T03:29:00Z,111756.7
1759116600000,2025-09-29T03:30:00Z,111756.69
1759116660000,2025-09-29T03:31:00Z,111756.69
1759116720000,2025-09-29T03:32:00Z,111756.69
1759116780000,2025-09-29T03:33:00Z,111717.27
1759116840000,2025-09-29T03:34:00Z,111736.87
1759116900000,2025-09-29T03:35:00Z,111730.0
1759116960000,2025-09-29T03:36:00Z,111730.0
1759117020000,2025-09-29T03:37:00Z,111730.0
1759117080000,2025-09-29T03:38:00Z,111716.51
1759117140000,2025-09-29T03:39:00Z,111716.51
1759117200000,2025-09-29T03:40:00Z,111717.0
1759117260000,2025-09-29T03:41:00Z,111728.39
1759117320000,2025-09-29T03:42:00Z,111730.63
1759117380000,2025-09-29T03:43:00Z,111725.13
1759117440000,2025-09-29T03:44:00Z,111704.95
1759117500000,2025-09-29T03:45:00Z,111719.43
1759117560000,2025-09-29T03:46:00Z,111719.43
1759117620000,2025-09-29T03:47:00Z,111720.0
1759117680000,2025-09-29T03:48:00Z,111731.0
1759117740000,2025-09-29T03:49:00Z,111734.72
1759117800000,2025-09-29T03:50:00Z,111786.0
1759117860000,2025-09-29T03:51:00Z,111787.46
1759117920000,2025-09-29T03:52:00Z,111808.59
1759117980000,2025-09-29T03:53:00Z,111825.16
1759118040000,2025-09-29T03:54:00Z,111771.48
1759118100000,2025-09-29T03:55:00Z,111816.13
1759118160000,2025-09-29T03:56:00Z,111825.83
1759118220000,2025-09-29T03:57:00Z,111830.68
1759118280000,2025-09-29T03:58:00Z,111820.01
1759118340000,2025-09-29T03:59:00Z,111857.51
1759118400000,2025-09-29T04:00:00Z,111893.59
1759118460000,2025-09-29T04:01:00Z,111847.25
1759118520000,2025-09-29T04:02:00Z,111813.15
1759118580000,2025-09-29T04:03:00Z,111834.36
1759118640000,2025-09-29T04:04:00Z,111844.01
1759118700000,2025-09-29T04:05:00Z,111866.55
1759118760000,2025-09-29T04:06:00Z,111849.01
1759118820000,2025-09-29T04:07:00Z,111868.03
1759118880000,2025-09-29T04:08:00Z,111868.01
1759118940000,2025-09-29T04:09:00Z,111855.78
1759119000000,2025-09-29T04:10:00Z,111821.29
1759119060000,2025-09-29T04:11:00Z,111829.93
1759119120000,2025-09-29T04:12:00Z,111827.91
1759119180000,2025-09-29T04:13:00Z,111811.01
1759119240000,2025-09-29T04:14:00Z,111806.01
1759119300000,2025-09-29T04:15:00Z,111771.01
1759119360000,2025-09-29T04:16:00Z,111783.77
1759119420000,2025-09-29T04:17:00Z,111755.42
1759119480000,2025-09-29T04:18:00Z,111772.89
1759119540000,2025-09-29T04:19:00Z,111825.41
1759119600000,2025-09-29T04:20:00Z,111818.0
1759119660000,2025-09-29T04:21:00Z,111803.07
1759119720000,2025-09-29T04:22:00Z,111812.0
1759119780000,2025-09-29T04:23:00Z,111812.0
1759119840000,2025-09-29T04:24:00Z,111825.84
1759119900000,2025-09-29T04:25:00Z,111837.84
1759119960000,2025-09-29T04:26:00Z,111829.13
1759120020000,2025-09-29T04:27:00Z,111812.14
1759120080000,2025-09-29T04:28:00Z,111812.13
1759120140000,2025-09-29T04:29:00Z,111812.13
1759120200000,2025-09-29T04:30:00Z,111812.13
1759120260000,2025-09-29T04:31:00Z,111812.14
1759120320000,2025-09-29T04:32:00Z,111823.32
1759120380000,2025-09-29T04:33:00Z,111823.31
1759120440000,2025-09-29T04:34:00Z,111823.31
1759120500000,2025-09-29T04:35:00Z,111812.15
1759120560000,2025-09-29T04:36:00Z,111812.14
1759120620000,2025-09-29T04:37:00Z,111812.15
1759120680000,2025-09-29T04:38:00Z,111812.15
1759120740000,2025-09-29T04:39:00Z,111843.94
1759120800000,2025-09-29T04:40:00Z,111822.92
1759120860000,2025-09-29T04:41:00Z,111881.16
1759120920000,2025-09-29T04:42:00Z,111857.62
1759120980000,2025-09-29T04:43:00Z,111872.93
1759121040000,2025-09-29T04:44:00Z,111872.94
1759121100000,2025-09-29T04:45:00Z,111866.03
1759121160000,2025-09-29T04:46:00Z,111871.47
1759121220000,2025-09-29T04:47:00Z,111882.25
1759121280000,2025-09-29T04:48:00Z,111841.14
1759121340000,2025-09-29T04:49:00Z,111831.36
1759121400000,2025-09-29T04:50:00Z,111831.36
1759121460000,2025-09-29T04:51:00Z,111831.35
1759121520000,2025-09-29T04:52:00Z,111850.93
1759121580000,2025-09-29T04:53:00Z,111816.43
1759121640000,2025-09-29T04:54:00Z,111842.26
1759121700000,2025-09-29T04:55:00Z,111842.26
1759121760000,2025-09-29T04:56:00Z,111842.26
1759121820000,2025-09-29T04:57:00Z,111839.27
1759121880000,2025-09-29T04:58:00Z,111831.31
1759121940000,2025-09-29T04:59:00Z,111812.0
1759122000000,2025-09-29T05:00:00Z,111796.89
1759122060000,2025-09-29T05:01:00Z,111779.16
1759122120000,2025-09-29T05:02:00Z,111771.19
1759122180000,2025-09-29T05:03:00Z,111749.74
1759122240000,2025-09-29T05:04:00Z,111707.19
1759122300000,2025-09-29T05:05:00Z,111701.16
1759122360000,2025-09-29T05:06:00Z,111679.49
1759122420000,2025-09-29T05:07:00Z,111655.14
1759122480000,2025-09-29T05:08:00Z,111631.12
1759122540000,2025-09-29T05:09:00Z,111669.0
1759122600000,2025-09-29T05:10:00Z,111727.75
1759122660000,2025-09-29T05:11:00Z,111688.2
1759122720000,2025-09-29T05:12:00Z,111679.24
1759122780000,2025-09-29T05:13:00Z,111713.45
1759122840000,2025-09-29T05:14:00Z,111685.81
1759122900000,2025-09-29T05:15:00Z,111640.01
1759122960000,2025-09-29T05:16:00Z,111653.74
1759123020000,2025-09-29T05:17:00Z,111617.96
1759123080000,2025-09-29T05:18:00Z,111638.05
1759123140000,2025-09-29T05:19:00Z,111611.0
1759123200000,2025-09-29T05:20:00Z,111617.62
1759123260000,2025-09-29T05:21:00Z,111617.61
1759123320000,2025-09-29T05:22:00Z,111617.62
1759123380000,2025-09-29T05:23:00Z,111590.68
1759123440000,2025-09-29T05:24:00Z,111575.38
1759123500000,2025-09-29T05:25:00Z,111617.62
1759123560000,2025-09-29T05:26:00Z,111667.27
1759123620000,2025-09-29T05:27:00Z,111665.2
1759123680000,2025-09-29T05:28:00Z,111640.54
1759123740000,2025-09-29T05:29:00Z,111630.12
1759123800000,2025-09-29T05:30:00Z,111607.59
1759123860000,2025-09-29T05:31:00Z,111598.91
1759123920000,2025-09-29T05:32:00Z,111615.36
1759123980000,2025-09-29T05:33:00Z,111641.65
1759124040000,2025-09-29T05:34:00Z,111660.27
1759124100000,2025-09-29T05:35:00Z,111654.01
1759124160000,2025-09-29T05:36:00Z,111643.01
1759124220000,2025-09-29T05:37:00Z,111654.76
1759124280000,2025-09-29T05:38:00Z,111688.0
1759124340000,2025-09-29T05:39:00Z,111687.55
1759124400000,2025-09-29T05:40:00Z,111676.0
1759124460000,2025-09-29T05:41:00Z,111669.44
1759124520000,2025-09-29T05:42:00Z,111689.16
1759124580000,2025-09-29T05:43:00Z,111710.8
1759124640000,2025-09-29T05:44:00Z,111710.8
1759124700000,2025-09-29T05:45:00Z,111704.37
1759124760000,2025-09-29T05:46:00Z,111704.38
1759124820000,2025-09-29T05:47:00Z,111704.38
1759124880000,2025-09-29T05:48:00Z,111711.0
1759124940000,2025-09-29T05:49:00Z,111711.0
1759125000000,2025-09-29T05:50:00Z,111711.04
1759125060000,2025-09-29T05:51:00Z,111731.79
1759125120000,2025-09-29T05:52:00Z,111769.94
1759125180000,2025-09-29T05:53:00Z,111770.18
1759125240000,2025-09-29T05:54:00Z,111725.11
1759125300000,2025-09-29T05:55:00Z,111716.65
1759125360000,2025-09-29T05:56:00Z,111736.05
1759125420000,2025-09-29T05:57:00Z,111736.04
1759125480000,2025-09-29T05:58:00Z,111753.33
1759125540000,2025-09-29T05:59:00Z,111753.34
1759125600000,2025-09-29T06:00:00Z,111783.29
1759125660000,2025-09-29T06:01:00Z,111730.42
1759125720000,2025-09-29T06:02:00Z,111701.87
1759125780000,2025-09-29T06:03:00Z,111690.79
1759125840000,2025-09-29T06:04:00Z,111664.74
1759125900000,2025-09-29T06:05:00Z,111744.53
1759125960000,2025-09-29T06:06:00Z,111793.1
1759126020000,2025-09-29T06:07:00Z,111757.81
1759126080000,2025-09-29T06:08:00Z,111725.01
1759126140000,2025-09-29T06:09:00Z,111767.44
1759126200000,2025-09-29T06:10:00Z,111751.0
1759126260000,2025-09-29T06:11:00Z,111719.76
1759126320000,2025-09-29T06:12:00Z,111731.96
1759126380000,2025-09-29T06:13:00Z,111727.32
1759126440000,2025-09-29T06:14:00Z,111711.02
1759126500000,2025-09-29T06:15:00Z,111711.03
1759126560000,2025-09-29T06:16:00Z,111737.42
1759126620000,2025-09-29T06:17:00Z,111767.95
1759126680000,2025-09-29T06:18:00Z,111767.95
1759126740000,2025-09-29T06:19:00Z,111799.0
1759126800000,2025-09-29T06:20:00Z,111772.54
1759126860000,2025-09-29T06:21:00Z,111796.35
1759126920000,2025-09-29T06:22:00Z,111828.1
1759126980000,2025-09-29T06:23:00Z,111828.09
1759127040000,2025-09-29T06:24:00Z,111771.82
1759127100000,2025-09-29T06:25:00Z,111745.29
1759127160000,2025-09-29T06:26:00Z,111800.94
1759127220000,2025-09-29T06:27:00Z,111789.35
1759127280000,2025-09-29T06:28:00Z,111800.95
1759127340000,2025-09-29T06:29:00Z,111800.94
1759127400000,2025-09-29T06:30:00Z,111826.66
1759127460000,2025-09-29T06:31:00Z,111826.65
1759127520000,2025-09-29T06:32:00Z,111806.84
1759127580000,2025-09-29T06:33:00Z,111780.49
1759127640000,2025-09-29T06:34:00Z,111758.21
1759127700000,2025-09-29T06:35:00Z,111744.3
1759127760000,2025-09-29T06:36:00Z,111744.06
1759127820000,2025-09-29T06:37:00Z,111754.0
1759127880000,2025-09-29T06:38:00Z,111774.18
1759127940000,2025-09-29T06:39:00Z,111791.01
1759128000000,2025-09-29T06:40:00Z,111756.26
1759128060000,2025-09-29T06:41:00Z,111756.26
1759128120000,2025-09-29T06:42:00Z,111756.25
1759128180000,2025-09-29T06:43:00Z,111755.84
1759128240000,2025-09-29T06:44:00Z,111744.31
1759128300000,2025-09-29T06:45:00Z,111734.34
1759128360000,2025-09-29T06:46:00Z,111716.78
1759128420000,2025-09-29T06:47:00Z,111644.42
1759128480000,2025-09-29T06:48:00Z,111631.55
1759128540000,2025-09-29T06:49:00Z,111726.62
1759128600000,2025-09-29T06:50:00Z,111739.35
1759128660000,2025-09-29T06:51:00Z,111698.42
1759128720000,2025-09-29T06:52:00Z,111647.27
1759128780000,2025-09-29T06:53:00Z,111671.43
1759128840000,2025-09-29T06:54:00Z,111700.0
1759128900000,2025-09-29T06:55:00Z,111662.45
1759128960000,2025-09-29T06:56:00Z,111646.83
1759129020000,2025-09-29T06:57:00Z,111662.46
1759129080000,2025-09-29T06:58:00Z,111653.92
1759129140000,2025-09-29T06:59:00Z,111632.83
1759129200000,2025-09-29T07:00:00Z,111656.36
1759129260000,2025-09-29T07:01:00Z,111659.96
1759129320000,2025-09-29T07:02:00Z,111668.35
1759129380000,2025-09-29T07:03:00Z,111625.1
1759129440000,2025-09-29T07:04:00Z,111625.11
1759129500000,2025-09-29T07:05:00Z,111628.7
1759129560000,2025-09-29T07:06:00Z,111631.56
1759129620000,2025-09-29T07:07:00Z,111635.11
1759129680000,2025-09-29T07:08:00Z,111655.15
1759129740000,2025-09-29T07:09:00Z,111640.02
1759129800000,2025-09-29T07:10:00Z,111696.16
1759129860000,2025-09-29T07:11:00Z,111750.27
1759129920000,2025-09-29T07:12:00Z,111709.99
1759129980000,2025-09-29T07:13:00Z,111705.88
1759130040000,2025-09-29T07:14:00Z,111635.46
1759130100000,2025-09-29T07:15:00Z,111629.0
1759130160000,2025-09-29T07:16:00Z,111619.99
1759130220000,2025-09-29T07:17:00Z,111588.01
1759130280000,2025-09-29T07:18:00Z,111573.16
1759130340000,2025-09-29T07:19:00Z,111590.26
1759130400000,2025-09-29T07:20:00Z,111580.0
1759130460000,2025-09-29T07:21:00Z,111590.27
1759130520000,2025-09-29T07:22:00Z,111602.51
1759130580000,2025-09-29T07:23:00Z,111602.5
1759130640000,2025-09-29T07:24:00Z,111571.91
1759130700000,2025-09-29T07:25:00Z,111560.66
1759130760000,2025-09-29T07:26:00Z,111608.98
1759130820000,2025-09-29T07:27:00Z,111603.7
1759130880000,2025-09-29T07:28:00Z,111600.0
1759130940000,2025-09-29T07:29:00Z,111607.86
1759131000000,2025-09-29T07:30:00Z,111649.99
1759131060000,2025-09-29T07:31:00Z,111660.0
1759131120000,2025-09-29T07:32:00Z,111667.7
1759131180000,2025-09-29T07:33:00Z,111670.0
1759131240000,2025-09-29T07:34:00Z,111644.65
1759131300000,2025-09-29T07:35:00Z,111667.34
1759131360000,2025-09-29T07:36:00Z,111688.05
1759131420000,2025-09-29T07:37:00Z,111763.23
1759131480000,2025-09-29T07:38:00Z,111791.01
1759131540000,2025-09-29T07:39:00Z,111761.59
1759131600000,2025-09-29T07:40:00Z,111735.23
1759131660000,2025-09-29T07:41:00Z,111746.38
1759131720000,2025-09-29T07:42:00Z,111790.54
1759131780000,2025-09-29T07:43:00Z,111754.32
1759131840000,2025-09-29T07:44:00Z,111732.78
1759131900000,2025-09-29T07:45:00Z,111757.38
1759131960000,2025-09-29T07:46:00Z,111743.27
1759132020000,2025-09-29T07:47:00Z,111790.98
1759132080000,2025-09-29T07:48:00Z,111809.49
1759132140000,2025-09-29T07:49:00Z,111783.05
1759132200000,2025-09-29T07:50:00Z,111794.15
1759132260000,2025-09-29T07:51:00Z,111794.15
1759132320000,2025-09-29T07:52:00Z,111817.08
1759132380000,2025-09-29T07:53:00Z,111822.02
1759132440000,2025-09-29T07:54:00Z,111817.09
1759132500000,2025-09-29T07:55:00Z,111835.83
1759132560000,2025-09-29T07:56:00Z,111835.84
1759132620000,2025-09-29T07:57:00Z,111835.84
1759132680000,2025-09-29T07:58:00Z,111852.87
1759132740000,2025-09-29T07:59:00Z,111865.95
1759132800000,2025-09-29T08:00:00Z,111921.03
1759132860000,2025-09-29T08:01:00Z,111959.8
1759132920000,2025-09-29T08:02:00Z,111986.0
1759132980000,2025-09-29T08:03:00Z,112069.33
1759133040000,2025-09-29T08:04:00Z,112006.04
1759133100000,2025-09-29T08:05:00Z,112000.12
1759133160000,2025-09-29T08:06:00Z,111971.71
1759133220000,2025-09-29T08:07:00Z,111956.89
1759133280000,2025-09-29T08:08:00Z,112003.46
1759133340000,2025-09-29T08:09:00Z,112060.23
1759133400000,2025-09-29T08:10:00Z,112100.34
1759133460000,2025-09-29T08:11:00Z,112013.51
1759133520000,2025-09-29T08:12:00Z,111976.3
1759133580000,2025-09-29T08:13:00Z,112009.63
1759133640000,2025-09-29T08:14:00Z,111989.41
1759133700000,2025-09-29T08:15:00Z,111989.4
1759133760000,2025-09-29T08:16:00Z,111979.87
1759133820000,2025-09-29T08:17:00Z,112020.9
1759133880000,2025-09-29T08:18:00Z,112082.29
1759133940000,2025-09-29T08:19:00Z,112106.96
1759134000000,2025-09-29T08:20:00Z,112069.82
1759134060000,2025-09-29T08:21:00Z,112080.0
1759134120000,2025-09-29T08:22:00Z,112062.25
1759134180000,2025-09-29T08:23:00Z,112076.22
1759134240000,2025-09-29T08:24:00Z,112107.1
1759134300000,2025-09-29T08:25:00Z,112188.38
1759134360000,2025-09-29T08:26:00Z,112178.59
1759134420000,2025-09-29T08:27:00Z,112170.0
1759134480000,2025-09-29T08:28:00Z,112205.26
1759134540000,2025-09-29T08:29:00Z,112201.73
1759134600000,2025-09-29T08:30:00Z,112170.01
1759134660000,2025-09-29T08:31:00Z,112109.69
1759134720000,2025-09-29T08:32:00Z,112112.0
1759134780000,2025-09-29T08:33:00Z,112144.95
1759134840000,2025-09-29T08:34:00Z,112178.99
1759134900000,2025-09-29T08:35:00Z,112202.81
1759134960000,2025-09-29T08:36:00Z,112186.92
1759135020000,2025-09-29T08:37:00Z,112168.21
1759135080000,2025-09-29T08:38:00Z,112177.24
1759135140000,2025-09-29T08:39:00Z,112198.65
1759135200000,2025-09-29T08:40:00Z,112220.0
1759135260000,2025-09-29T08:41:00Z,112249.62
1759135320000,2025-09-29T08:42:00Z,112234.44
1759135380000,2025-09-29T08:43:00Z,112240.21
1759135440000,2025-09-29T08:44:00Z,112260.24
1759135500000,2025-09-29T08:45:00Z,112267.96
1759135560000,2025-09-29T08:46:00Z,112296.37
1759135620000,2025-09-29T08:47:00Z,112289.01
1759135680000,2025-09-29T08:48:00Z,112218.31
1759135740000,2025-09-29T08:49:00Z,112205.99
1759135800000,2025-09-29T08:50:00Z,112168.24
1759135860000,2025-09-29T08:51:00Z,112157.24
1759135920000,2025-09-29T08:52:00Z,112156.35
1759135980000,2025-09-29T08:53:00Z,112227.38
1759136040000,2025-09-29T08:54:00Z,112125.77
1759136100000,2025-09-29T08:55:00Z,112122.81
1759136160000,2025-09-29T08:56:00Z,112110.41
1759136220000,2025-09-29T08:57:00Z,112100.01
1759136280000,2025-09-29T08:58:00Z,112100.01
1759136340000,2025-09-29T08:59:00Z,112099.75
1759136400000,2025-09-29T09:00:00Z,112110.41
1759136460000,2025-09-29T09:01:00Z,112128.0
1759136520000,2025-09-29T09:02:00Z,112120.14
1759136580000,2025-09-29T09:03:00Z,112120.14
1759136640000,2025-09-29T09:04:00Z,112120.14
1759136700000,2025-09-29T09:05:00Z,112135.08
1759136760000,2025-09-29T09:06:00Z,112135.09
1759136820000,2025-09-29T09:07:00Z,112112.66
1759136880000,2025-09-29T09:08:00Z,112112.66
1759136940000,2025-09-29T09:09:00Z,112112.66
1759137000000,2025-09-29T09:10:00Z,112135.09
1759137060000,2025-09-29T09:11:00Z,112171.4
1759137120000,2025-09-29T09:12:00Z,112137.05
1759137180000,2025-09-29T09:13:00Z,112086.0
1759137240000,2025-09-29T09:14:00Z,112038.24
1759137300000,2025-09-29T09:15:00Z,112016.36
1759137360000,2025-09-29T09:16:00Z,112027.0
1759137420000,2025-09-29T09:17:00Z,112024.78
1759137480000,2025-09-29T09:18:00Z,112008.52
1759137540000,2025-09-29T09:19:00Z,112055.39
1759137600000,2025-09-29T09:20:00Z,112105.01
1759137660000,2025-09-29T09:21:00Z,112104.97
1759137720000,2025-09-29T09:22:00Z,112099.98
1759137780000,2025-09-29T09:23:00Z,112079.61
1759137840000,2025-09-29T09:24:00Z,112109.13
1759137900000,2025-09-29T09:25:00Z,112096.75
1759137960000,2025-09-29T09:26:00Z,112109.63
1759138020000,2025-09-29T09:27:00Z,112150.45
1759138080000,2025-09-29T09:28:00Z,112177.33
1759138140000,2025-09-29T09:29:00Z,112171.23
1759138200000,2025-09-29T09:30:00Z,112183.6
1759138260000,2025-09-29T09:31:00Z,112154.79
1759138320000,2025-09-29T09:32:00Z,112148.01
1759138380000,2025-09-29T09:33:00Z,112144.77
1759138440000,2025-09-29T09:34:00Z,112164.0
1759138500000,2025-09-29T09:35:00Z,112109.77
1759138560000,2025-09-29T09:36:00Z,112136.05
1759138620000,2025-09-29T09:37:00Z,112153.74
1759138680000,2025-09-29T09:38:00Z,112174.79
1759138740000,2025-09-29T09:39:00Z,112209.37
1759138800000,2025-09-29T09:40:00Z,112159.73
1759138860000,2025-09-29T09:41:00Z,112117.78
1759138920000,2025-09-29T09:42:00Z,112070.38
1759138980000,2025-09-29T09:43:00Z,112052.03
1759139040000,2025-09-29T09:44:00Z,112052.03
1759139100000,2025-09-29T09:45:00Z,112049.35
1759139160000,2025-09-29T09:46:00Z,112058.46
1759139220000,2025-09-29T09:47:00Z,112057.24
1759139280000,2025-09-29T09:48:00Z,112127.64
1759139340000,2025-09-29T09:49:00Z,112127.63
1759139400000,2025-09-29T09:50:00Z,112089.09
1759139460000,2025-09-29T09:51:00Z,112056.03
1759139520000,2025-09-29T09:52:00Z,112077.59
1759139580000,2025-09-29T09:53:00Z,112083.01
1759139640000,2025-09-29T09:54:00Z,112074.01
1759139700000,2025-09-29T09:55:00Z,112073.99
1759139760000,2025-09-29T09:56:00Z,112083.66
1759139820000,2025-09-29T09:57:00Z,112083.67
1759139880000,2025-09-29T09:58:00Z,112110.91
1759139940000,2025-09-29T09:59:00Z,112110.9
1759140000000,2025-09-29T10:00:00Z,112108.37
1759140060000,2025-09-29T10:01:00Z,112101.89
1759140120000,2025-09-29T10:02:00Z,112101.9
1759140180000,2025-09-29T10:03:00Z,112101.9
1759140240000,2025-09-29T10:04:00Z,112143.81
1759140300000,2025-09-29T10:05:00Z,112109.78
1759140360000,2025-09-29T10:06:00Z,112120.0
1759140420000,2025-09-29T10:07:00Z,112130.49
1759140480000,2025-09-29T10:08:00Z,112139.99
1759140540000,2025-09-29T10:09:00Z,112104.03
1759140600000,2025-09-29T10:10:00Z,112088.34
1759140660000,2025-09-29T10:11:00Z,112137.17
1759140720000,2025-09-29T10:12:00Z,112136.0
1759140780000,2025-09-29T10:13:00Z,112129.84
1759140840000,2025-09-29T10:14:00Z,112145.32
1759140900000,2025-09-29T10:15:00Z,112147.98
1759140960000,2025-09-29T10:16:00Z,112123.01
1759141020000,2025-09-29T10:17:00Z,112123.01
1759141080000,2025-09-29T10:18:00Z,112140.78
1759141140000,2025-09-29T10:19:00Z,112126.91
1759141200000,2025-09-29T10:20:00Z,112140.77
1759141260000,2025-09-29T10:21:00Z,112147.99
1759141320000,2025-09-29T10:22:00Z,112112.41
1759141380000,2025-09-29T10:23:00Z,112123.0
1759141440000,2025-09-29T10:24:00Z,112196.8
1759141500000,2025-09-29T10:25:00Z,112165.57
1759141560000,2025-09-29T10:26:00Z,112174.96
1759141620000,2025-09-29T10:27:00Z,112224.99
1759141680000,2025-09-29T10:28:00Z,112225.0
1759141740000,2025-09-29T10:29:00Z,112225.0
1759141800000,2025-09-29T10:30:00Z,112224.99
1759141860000,2025-09-29T10:31:00Z,112224.99
1759141920000,2025-09-29T10:32:00Z,112215.03
1759141980000,2025-09-29T10:33:00Z,112153.25
1759142040000,2025-09-29T10:34:00Z,112124.55
1759142100000,2025-09-29T10:35:00Z,112103.38
1759142160000,2025-09-29T10:36:00Z,112076.08
1759142220000,2025-09-29T10:37:00Z,112064.83
1759142280000,2025-09-29T10:38:00Z,112064.83
1759142340000,2025-09-29T10:39:00Z,112099.71
1759142400000,2025-09-29T10:40:00Z,112048.77
1759142460000,2025-09-29T10:41:00Z,112044.32
1759142520000,2025-09-29T10:42:00Z,112031.0
1759142580000,2025-09-29T10:43:00Z,112045.95
1759142640000,2025-09-29T10:44:00Z,112045.96
1759142700000,2025-09-29T10:45:00Z,112051.52
1759142760000,2025-09-29T10:46:00Z,112085.96
1759142820000,2025-09-29T10:47:00Z,112077.96
1759142880000,2025-09-29T10:48:00Z,112101.07
1759142940000,2025-09-29T10:49:00Z,112140.0
1759143000000,2025-09-29T10:50:00Z,112139.99
1759143060000,2025-09-29T10:51:00Z,112129.46
1759143120000,2025-09-29T10:52:00Z,112123.51
1759143180000,2025-09-29T10:53:00Z,112128.65
1759143240000,2025-09-29T10:54:00Z,112161.93
1759143300000,2025-09-29T10:55:00Z,112161.93
1759143360000,2025-09-29T10:56:00Z,112161.93
1759143420000,2025-09-29T10:57:00Z,112131.37
1759143480000,2025-09-29T10:58:00Z,112132.01
1759143540000,2025-09-29T10:59:00Z,112090.18
1759143600000,2025-09-29T11:00:00Z,112081.73
1759143660000,2025-09-29T11:01:00Z,112100.0
1759143720000,2025-09-29T11:02:00Z,112051.99
1759143780000,2025-09-29T11:03:00Z,112029.65
1759143840000,2025-09-29T11:04:00Z,112008.0
1759143900000,2025-09-29T11:05:00Z,112008.01
1759143960000,2025-09-29T11:06:00Z,112026.38
1759144020000,2025-09-29T11:07:00Z,111986.35
1759144080000,2025-09-29T11:08:00Z,111952.7
1759144140000,2025-09-29T11:09:00Z,111963.11
1759144200000,2025-09-29T11:10:00Z,111972.8
1759144260000,2025-09-29T11:11:00Z,111968.61
1759144320000,2025-09-29T11:12:00Z,111965.58
1759144380000,2025-09-29T11:13:00Z,111952.22
1759144440000,2025-09-29T11:14:00Z,111923.15
1759144500000,2025-09-29T11:15:00Z,111951.46
1759144560000,2025-09-29T11:16:00Z,111983.36
1759144620000,2025-09-29T11:17:00Z,111994.78
1759144680000,2025-09-29T11:18:00Z,112021.01
1759144740000,2025-09-29T11:19:00Z,112033.58
1759144800000,2025-09-29T11:20:00Z,112033.58
1759144860000,2025-09-29T11:21:00Z,112033.59
1759144920000,2025-09-29T11:22:00Z,112054.14
1759144980000,2025-09-29T11:23:00Z,111929.08
1759145040000,2025-09-29T11:24:00Z,111978.72
1759145100000,2025-09-29T11:25:00Z,112003.0
1759145160000,2025-09-29T11:26:00Z,111989.0
1759145220000,2025-09-29T11:27:00Z,111956.11
1759145280000,2025-09-29T11:28:00Z,111972.27
1759145340000,2025-09-29T11:29:00Z,111959.32
1759145400000,2025-09-29T11:30:00Z,111961.69
1759145460000,2025-09-29T11:31:00Z,111956.05
1759145520000,2025-09-29T11:32:00Z,111991.72
1759145580000,2025-09-29T11:33:00Z,112049.21
1759145640000,2025-09-29T11:34:00Z,112045.0
1759145700000,2025-09-29T11:35:00Z,112069.58
1759145760000,2025-09-29T11:36:00Z,112069.58
1759145820000,2025-09-29T11:37:00Z,112043.0
1759145880000,2025-09-29T11:38:00Z,112028.8
1759145940000,2025-09-29T11:39:00Z,112025.0
1759146000000,2025-09-29T11:40:00Z,111999.35
1759146060000,2025-09-29T11:41:00Z,112027.9
1759146120000,2025-09-29T11:42:00Z,112027.9
1759146180000,2025-09-29T11:43:00Z,112069.0
1759146240000,2025-09-29T11:44:00Z,112090.0
1759146300000,2025-09-29T11:45:00Z,112097.0
1759146360000,2025-09-29T11:46:00Z,112056.99
1759146420000,2025-09-29T11:47:00Z,112070.69
1759146480000,2025-09-29T11:48:00Z,112070.69
1759146540000,2025-09-29T11:49:00Z,112070.67
1759146600000,2025-09-29T11:50:00Z,112070.67
1759146660000,2025-09-29T11:51:00Z,112101.0
1759146720000,2025-09-29T11:52:00Z,112078.49
1759146780000,2025-09-29T11:53:00Z,112095.01
1759146840000,2025-09-29T11:54:00Z,112079.55
1759146900000,2025-09-29T11:55:00Z,112070.44
1759146960000,2025-09-29T11:56:00Z,112056.96
1759147020000,2025-09-29T11:57:00Z,112094.77
1759147080000,2025-09-29T11:58:00Z,112100.0
1759147140000,2025-09-29T11:59:00Z,112100.0
1759147200000,2025-09-29T12:00:00Z,112094.8
1759147260000,2025-09-29T12:01:00Z,112075.06
1759147320000,2025-09-29T12:02:00Z,112084.16
1759147380000,2025-09-29T12:03:00Z,112078.33
1759147440000,2025-09-29T12:04:00Z,112055.06
1759147500000,2025-09-29T12:05:00Z,112049.81
1759147560000,2025-09-29T12:06:00Z,112049.36
1759147620000,2025-09-29T12:07:00Z,112061.71
1759147680000,2025-09-29T12:08:00Z,112044.35
1759147740000,2025-09-29T12:09:00Z,112044.36
1759147800000,2025-09-29T12:10:00Z,112113.09
1759147860000,2025-09-29T12:11:00Z,112107.44
1759147920000,2025-09-29T12:12:00Z,112107.37
1759147980000,2025-09-29T12:13:00Z,112113.1
1759148040000,2025-09-29T12:14:00Z,112144.99
1759148100000,2025-09-29T12:15:00Z,112156.46
1759148160000,2025-09-29T12:16:00Z,112134.04
1759148220000,2025-09-29T12:17:00Z,112133.92
1759148280000,2025-09-29T12:18:00Z,112219.99
1759148340000,2025-09-29T12:19:00Z,112242.69
1759148400000,2025-09-29T12:20:00Z,112228.98
1759148460000,2025-09-29T12:21:00Z,112259.6
1759148520000,2025-09-29T12:22:00Z,112274.97
1759148580000,2025-09-29T12:23:00Z,112281.46
1759148640000,2025-09-29T12:24:00Z,112280.29
1759148700000,2025-09-29T12:25:00Z,112284.95
1759148760000,2025-09-29T12:26:00Z,112308.98
1759148820000,2025-09-29T12:27:00Z,112344.0
1759148880000,2025-09-29T12:28:00Z,112336.67
1759148940000,2025-09-29T12:29:00Z,112374.89
1759149000000,2025-09-29T12:30:00Z,112376.4
1759149060000,2025-09-29T12:31:00Z,112460.04
1759149120000,2025-09-29T12:32:00Z,112308.95
1759149180000,2025-09-29T12:33:00Z,112323.03
1759149240000,2025-09-29T12:34:00Z,112335.54
1759149300000,2025-09-29T12:35:00Z,112297.75
1759149360000,2025-09-29T12:36:00Z,112274.4
1759149420000,2025-09-29T12:37:00Z,112201.54
1759149480000,2025-09-29T12:38:00Z,112178.06
1759149540000,2025-09-29T12:39:00Z,112155.77
1759149600000,2025-09-29T12:40:00Z,112103.68
1759149660000,2025-09-29T12:41:00Z,112060.24
1759149720000,2025-09-29T12:42:00Z,112118.99
1759149780000,2025-09-29T12:43:00Z,112125.75
1759149840000,2025-09-29T12:44:00Z,112113.29
1759149900000,2025-09-29T12:45:00Z,112183.08
1759149960000,2025-09-29T12:46:00Z,112228.4
1759150020000,2025-09-29T12:47:00Z,112178.6
1759150080000,2025-09-29T12:48:00Z,112164.31
1759150140000,2025-09-29T12:49:00Z,112104.37
1759150200000,2025-09-29T12:50:00Z,112114.65
1759150260000,2025-09-29T12:51:00Z,112019.45
1759150320000,2025-09-29T12:52:00Z,111962.11
1759150380000,2025-09-29T12:53:00Z,112009.0
1759150440000,2025-09-29T12:54:00Z,112031.1
1759150500000,2025-09-29T12:55:00Z,112073.75
1759150560000,2025-09-29T12:56:00Z,112030.7
1759150620000,2025-09-29T12:57:00Z,111956.4
1759150680000,2025-09-29T12:58:00Z,112008.51
1759150740000,2025-09-29T12:59:00Z,112022.16
1759150800000,2025-09-29T13:00:00Z,112056.68
1759150860000,2025-09-29T13:01:00Z,112070.86
1759150920000,2025-09-29T13:02:00Z,112019.5
1759150980000,2025-09-29T13:03:00Z,111983.88
1759151040000,2025-09-29T13:04:00Z,111987.11
1759151100000,2025-09-29T13:05:00Z,112017.19
1759151160000,2025-09-29T13:06:00Z,111923.7
1759151220000,2025-09-29T13:07:00Z,111982.8
1759151280000,2025-09-29T13:08:00Z,111990.25
1759151340000,2025-09-29T13:09:00Z,111990.01
1759151400000,2025-09-29T13:10:00Z,112011.26
1759151460000,2025-09-29T13:11:00Z,112003.08
1759151520000,2025-09-29T13:12:00Z,112003.09
1759151580000,2025-09-29T13:13:00Z,112072.78
1759151640000,2025-09-29T13:14:00Z,112094.74
1759151700000,2025-09-29T13:15:00Z,112136.07
1759151760000,2025-09-29T13:16:00Z,112125.03
1759151820000,2025-09-29T13:17:00Z,112149.99
1759151880000,2025-09-29T13:18:00Z,112160.26
1759151940000,2025-09-29T13:19:00Z,112160.27
1759152000000,2025-09-29T13:20:00Z,112195.62
1759152060000,2025-09-29T13:21:00Z,112295.02
1759152120000,2025-09-29T13:22:00Z,112289.96
1759152180000,2025-09-29T13:23:00Z,112262.97
1759152240000,2025-09-29T13:24:00Z,112214.51
1759152300000,2025-09-29T13:25:00Z,112198.12
1759152360000,2025-09-29T13:26:00Z,112201.99
1759152420000,2025-09-29T13:27:00Z,112189.89
1759152480000,2025-09-29T13:28:00Z,112175.9
1759152540000,2025-09-29T13:29:00Z,112179.65
1759152600000,2025-09-29T13:30:00Z,112094.77
1759152660000,2025-09-29T13:31:00Z,112133.57
1759152720000,2025-09-29T13:32:00Z,112164.46
1759152780000,2025-09-29T13:33:00Z,112171.01
1759152840000,2025-09-29T13:34:00Z,112130.87
1759152900000,2025-09-29T13:35:00Z,112214.0
1759152960000,2025-09-29T13:36:00Z,112267.87
1759153020000,2025-09-29T13:37:00Z,112323.02
1759153080000,2025-09-29T13:38:00Z,112479.98
1759153140000,2025-09-29T13:39:00Z,112406.51
1759153200000,2025-09-29T13:40:00Z,112486.13
1759153260000,2025-09-29T13:41:00Z,112523.98
1759153320000,2025-09-29T13:42:00Z,112890.24
1759153380000,2025-09-29T13:43:00Z,113062.95
1759153440000,2025-09-29T13:44:00Z,113300.0
1759153500000,2025-09-29T13:45:00Z,113200.04
1759153560000,2025-09-29T13:46:00Z,113253.67
1759153620000,2025-09-29T13:47:00Z,113345.17
1759153680000,2025-09-29T13:48:00Z,113399.39
1759153740000,2025-09-29T13:49:00Z,113334.5
1759153800000,2025-09-29T13:50:00Z,113231.99
1759153860000,2025-09-29T13:51:00Z,113267.95
1759153920000,2025-09-29T13:52:00Z,113129.0
1759153980000,2025-09-29T13:53:00Z,113196.0
1759154040000,2025-09-29T13:54:00Z,113217.01
1759154100000,2025-09-29T13:55:00Z,113128.0
1759154160000,2025-09-29T13:56:00Z,113250.8
1759154220000,2025-09-29T13:57:00Z,113230.99
1759154280000,2025-09-29T13:58:00Z,113284.72
1759154340000,2025-09-29T13:59:00Z,113227.29
1759154400000,2025-09-29T14:00:00Z,113235.37
1759154460000,2025-09-29T14:01:00Z,113251.79
1759154520000,2025-09-29T14:02:00Z,113303.31
1759154580000,2025-09-29T14:03:00Z,113361.78
1759154640000,2025-09-29T14:04:00Z,113419.01
1759154700000,2025-09-29T14:05:00Z,113381.45
1759154760000,2025-09-29T14:06:00Z,113350.42
1759154820000,2025-09-29T14:07:00Z,113365.14
1759154880000,2025-09-29T14:08:00Z,113409.0
1759154940000,2025-09-29T14:09:00Z,113519.99
1759155000000,2025-09-29T14:10:00Z,113613.23
1759155060000,2025-09-29T14:11:00Z,113666.04
1759155120000,2025-09-29T14:12:00Z,113738.5
1759155180000,2025-09-29T14:13:00Z,113717.48
1759155240000,2025-09-29T14:14:00Z,113803.51
1759155300000,2025-09-29T14:15:00Z,113893.15
1759155360000,2025-09-29T14:16:00Z,113778.74
1759155420000,2025-09-29T14:17:00Z,113693.14
1759155480000,2025-09-29T14:18:00Z,113644.9
1759155540000,2025-09-29T14:19:00Z,113663.99
1759155600000,2025-09-29T14:20:00Z,113871.0
1759155660000,2025-09-29T14:21:00Z,113862.09
1759155720000,2025-09-29T14:22:00Z,113825.37
1759155780000,2025-09-29T14:23:00Z,113838.15
1759155840000,2025-09-29T14:24:00Z,113867.01
1759155900000,2025-09-29T14:25:00Z,113900.0
1759155960000,2025-09-29T14:26:00Z,113900.01
1759156020000,2025-09-29T14:27:00Z,113918.44
1759156080000,2025-09-29T14:28:00Z,113870.73
1759156140000,2025-09-29T14:29:00Z,113743.0
1759156200000,2025-09-29T14:30:00Z,113734.01
1759156260000,2025-09-29T14:31:00Z,113811.0
1759156320000,2025-09-29T14:32:00Z,113835.4
1759156380000,2025-09-29T14:33:00Z,113810.99
1759156440000,2025-09-29T14:34:00Z,113800.01
1759156500000,2025-09-29T14:35:00Z,113720.62
1759156560000,2025-09-29T14:36:00Z,113799.99
1759156620000,2025-09-29T14:37:00Z,113866.29
1759156680000,2025-09-29T14:38:00Z,113909.67
1759156740000,2025-09-29T14:39:00Z,113923.41
1759156800000,2025-09-29T14:40:00Z,113926.24
1759156860000,2025-09-29T14:41:00Z,114071.78
1759156920000,2025-09-29T14:42:00Z,114127.06
1759156980000,2025-09-29T14:43:00Z,114065.06
1759157040000,2025-09-29T14:44:00Z,114079.26
1759157100000,2025-09-29T14:45:00Z,114065.01
1759157160000,2025-09-29T14:46:00Z,114071.96
1759157220000,2025-09-29T14:47:00Z,114151.48
1759157280000,2025-09-29T14:48:00Z,114157.95
1759157340000,2025-09-29T14:49:00Z,114161.3
1759157400000,2025-09-29T14:50:00Z,114200.0
1759157460000,2025-09-29T14:51:00Z,114209.31
1759157520000,2025-09-29T14:52:00Z,114194.7
1759157580000,2025-09-29T14:53:00Z,114108.48
1759157640000,2025-09-29T14:54:00Z,114107.0
1759157700000,2025-09-29T14:55:00Z,114207.96
1759157760000,2025-09-29T14:56:00Z,114155.01
1759157820000,2025-09-29T14:57:00Z,114094.92
1759157880000,2025-09-29T14:58:00Z,114037.27
1759157940000,2025-09-29T14:59:00Z,114033.53
1759158000000,2025-09-29T15:00:00Z,114028.95
1759158060000,2025-09-29T15:01:00Z,114073.3
1759158120000,2025-09-29T15:02:00Z,114081.59
1759158180000,2025-09-29T15:03:00Z,114054.58
1759158240000,2025-09-29T15:04:00Z,114089.47
1759158300000,2025-09-29T15:05:00Z,114066.69
1759158360000,2025-09-29T15:06:00Z,114020.89
1759158420000,2025-09-29T15:07:00Z,114020.9
1759158480000,2025-09-29T15:08:00Z,113993.88
1759158540000,2025-09-29T15:09:00Z,113971.06
1759158600000,2025-09-29T15:10:00Z,113971.04
1759158660000,2025-09-29T15:11:00Z,113933.56
1759158720000,2025-09-29T15:12:00Z,113955.9
1759158780000,2025-09-29T15:13:00Z,113950.24
1759158840000,2025-09-29T15:14:00Z,113943.67
1759158900000,2025-09-29T15:15:00Z,113955.91
1759158960000,2025-09-29T15:16:00Z,113987.99
1759159020000,2025-09-29T15:17:00Z,113947.17
1759159080000,2025-09-29T15:18:00Z,113969.97
1759159140000,2025-09-29T15:19:00Z,113987.0
1759159200000,2025-09-29T15:20:00Z,113950.0
1759159260000,2025-09-29T15:21:00Z,113955.9
1759159320000,2025-09-29T15:22:00Z,113997.82
1759159380000,2025-09-29T15:23:00Z,113958.78
1759159440000,2025-09-29T15:24:00Z,113860.0
1759159500000,2025-09-29T15:25:00Z,113824.84
1759159560000,2025-09-29T15:26:00Z,113800.84
1759159620000,2025-09-29T15:27:00Z,113767.0
1759159680000,2025-09-29T15:28:00Z,113798.0
1759159740000,2025-09-29T15:29:00Z,113800.01
1759159800000,2025-09-29T15:30:00Z,113824.7
1759159860000,2025-09-29T15:31:00Z,113848.63
1759159920000,2025-09-29T15:32:00Z,113896.65
1759159980000,2025-09-29T15:33:00Z,113876.32
1759160040000,2025-09-29T15:34:00Z,113906.0
1759160100000,2025-09-29T15:35:00Z,113955.91
1759160160000,2025-09-29T15:36:00Z,113923.02
1759160220000,2025-09-29T15:37:00Z,113995.06
1759160280000,2025-09-29T15:38:00Z,113888.62
1759160340000,2025-09-29T15:39:00Z,113936.53
1759160400000,2025-09-29T15:40:00Z,113908.03
1759160460000,2025-09-29T15:41:00Z,113953.64
1759160520000,2025-09-29T15:42:00Z,113926.01
1759160580000,2025-09-29T15:43:00Z,113925.93
1759160640000,2025-09-29T15:44:00Z,113947.59
1759160700000,2025-09-29T15:45:00Z,113930.66
1759160760000,2025-09-29T15:46:00Z,113912.61
1759160820000,2025-09-29T15:47:00Z,113893.42
1759160880000,2025-09-29T15:48:00Z,113848.63
1759160940000,2025-09-29T15:49:00Z,113800.0
1759161000000,2025-09-29T15:50:00Z,113752.0
1759161060000,2025-09-29T15:51:00Z,113782.17
1759161120000,2025-09-29T15:52:00Z,113703.01
1759161180000,2025-09-29T15:53:00Z,113737.0
1759161240000,2025-09-29T15:54:00Z,113769.92
1759161300000,2025-09-29T15:55:00Z,113794.99
1759161360000,2025-09-29T15:56:00Z,113775.77
1759161420000,2025-09-29T15:57:00Z,113785.65
1759161480000,2025-09-29T15:58:00Z,113822.49
1759161540000,2025-09-29T15:59:00Z,113815.57
1759161600000,2025-09-29T16:00:00Z,113869.4
1759161660000,2025-09-29T16:01:00Z,113835.36
1759161720000,2025-09-29T16:02:00Z,113835.82
1759161780000,2025-09-29T16:03:00Z,113854.04
1759161840000,2025-09-29T16:04:00Z,113872.54
1759161900000,2025-09-29T16:05:00Z,113925.07
1759161960000,2025-09-29T16:06:00Z,113834.22
1759162020000,2025-09-29T16:07:00Z,113824.79
1759162080000,2025-09-29T16:08:00Z,113842.17
1759162140000,2025-09-29T16:09:00Z,113899.99
1759162200000,2025-09-29T16:10:00Z,113940.59
1759162260000,2025-09-29T16:11:00Z,113979.99
1759162320000,2025-09-29T16:12:00Z,114021.75
1759162380000,2025-09-29T16:13:00Z,113981.54
1759162440000,2025-09-29T16:14:00Z,113978.15
1759162500000,2025-09-29T16:15:00Z,113986.0
1759162560000,2025-09-29T16:16:00Z,113939.27
1759162620000,2025-09-29T16:17:00Z,113877.65
1759162680000,2025-09-29T16:18:00Z,113868.0
1759162740000,2025-09-29T16:19:00Z,113878.0
1759162800000,2025-09-29T16:20:00Z,113866.77
1759162860000,2025-09-29T16:21:00Z,113804.61
1759162920000,2025-09-29T16:22:00Z,113828.02
1759162980000,2025-09-29T16:23:00Z,113883.65
1759163040000,2025-09-29T16:24:00Z,113873.9
1759163100000,2025-09-29T16:25:00Z,113894.61
1759163160000,2025-09-29T16:26:00Z,113894.67
1759163220000,2025-09-29T16:27:00Z,113877.74
1759163280000,2025-09-29T16:28:00Z,113868.86
1759163340000,2025-09-29T16:29:00Z,113861.36
1759163400000,2025-09-29T16:30:00Z,113923.87
1759163460000,2025-09-29T16:31:00Z,113927.0
1759163520000,2025-09-29T16:32:00Z,113971.24
1759163580000,2025-09-29T16:33:00Z,113990.0
1759163640000,2025-09-29T16:34:00Z,114011.4
1759163700000,2025-09-29T16:35:00Z,113999.9
1759163760000,2025-09-29T16:36:00Z,113967.71
1759163820000,2025-09-29T16:37:00Z,113954.18
1759163880000,2025-09-29T16:38:00Z,113988.33
1759163940000,2025-09-29T16:39:00Z,113969.04
1759164000000,2025-09-29T16:40:00Z,113969.03
1759164060000,2025-09-29T16:41:00Z,113938.8
1759164120000,2025-09-29T16:42:00Z,113898.04
1759164180000,2025-09-29T16:43:00Z,113856.51
1759164240000,2025-09-29T16:44:00Z,113761.21
1759164300000,2025-09-29T16:45:00Z,113787.32
1759164360000,2025-09-29T16:46:00Z,113809.22
1759164420000,2025-09-29T16:47:00Z,113843.25
1759164480000,2025-09-29T16:48:00Z,113841.79
1759164540000,2025-09-29T16:49:00Z,113833.14
1759164600000,2025-09-29T16:50:00Z,113830.01
1759164660000,2025-09-29T16:51:00Z,113793.12
1759164720000,2025-09-29T16:52:00Z,113781.98
1759164780000,2025-09-29T16:53:00Z,113741.37
1759164840000,2025-09-29T16:54:00Z,113734.6
1759164900000,2025-09-29T16:55:00Z,113709.31
1759164960000,2025-09-29T16:56:00Z,113692.49
1759165020000,2025-09-29T16:57:00Z,113622.97
1759165080000,2025-09-29T16:58:00Z,113603.93
1759165140000,2025-09-29T16:59:00Z,113626.15
1759165200000,2025-09-29T17:00:00Z,113695.38
1759165260000,2025-09-29T17:01:00Z,113610.81
1759165320000,2025-09-29T17:02:00Z,113478.1
1759165380000,2025-09-29T17:03:00Z,113502.46
1759165440000,2025-09-29T17:04:00Z,113564.47
1759165500000,2025-09-29T17:05:00Z,113622.99
1759165560000,2025-09-29T17:06:00Z,113634.09
1759165620000,2025-09-29T17:07:00Z,113713.81
1759165680000,2025-09-29T17:08:00Z,113717.99
1759165740000,2025-09-29T17:09:00Z,113787.34
1759165800000,2025-09-29T17:10:00Z,113804.96
1759165860000,2025-09-29T17:11:00Z,113780.18
1759165920000,2025-09-29T17:12:00Z,113817.99
1759165980000,2025-09-29T17:13:00Z,113877.89
1759166040000,2025-09-29T17:14:00Z,113784.01
1759166100000,2025-09-29T17:15:00Z,113704.25
1759166160000,2025-09-29T17:16:00Z,113655.99
1759166220000,2025-09-29T17:17:00Z,113677.14
1759166280000,2025-09-29T17:18:00Z,113730.25
1759166340000,2025-09-29T17:19:00Z,113729.94
1759166400000,2025-09-29T17:20:00Z,113685.01
1759166460000,2025-09-29T17:21:00Z,113668.31
1759166520000,2025-09-29T17:22:00Z,113750.45
1759166580000,2025-09-29T17:23:00Z,113869.68
1759166640000,2025-09-29T17:24:00Z,113872.0
1759166700000,2025-09-29T17:25:00Z,113827.56
1759166760000,2025-09-29T17:26:00Z,113833.51
1759166820000,2025-09-29T17:27:00Z,113862.0
1759166880000,2025-09-29T17:28:00Z,113865.07
1759166940000,2025-09-29T17:29:00Z,113890.25
1759167000000,2025-09-29T17:30:00Z,113890.26
1759167060000,2025-09-29T17:31:00Z,113878.53
1759167120000,2025-09-29T17:32:00Z,113836.27
1759167180000,2025-09-29T17:33:00Z,113845.43
1759167240000,2025-09-29T17:34:00Z,113803.16
1759167300000,2025-09-29T17:35:00Z,113790.57
1759167360000,2025-09-29T17:36:00Z,113814.14
1759167420000,2025-09-29T17:37:00Z,113841.63
1759167480000,2025-09-29T17:38:00Z,113850.0
1759167540000,2025-09-29T17:39:00Z,113904.99
1759167600000,2025-09-29T17:40:00Z,113928.0
1759167660000,2025-09-29T17:41:00Z,113929.83
1759167720000,2025-09-29T17:42:00Z,113929.84
1759167780000,2025-09-29T17:43:00Z,113921.7
1759167840000,2025-09-29T17:44:00Z,113919.23
1759167900000,2025-09-29T17:45:00Z,113928.0
1759167960000,2025-09-29T17:46:00Z,113927.99
1759168020000,2025-09-29T17:47:00Z,113928.41
1759168080000,2025-09-29T17:48:00Z,113928.41
1759168140000,2025-09-29T17:49:00Z,113940.59
1759168200000,2025-09-29T17:50:00Z,113999.99
1759168260000,2025-09-29T17:51:00Z,114022.97
1759168320000,2025-09-29T17:52:00Z,114125.38
1759168380000,2025-09-29T17:53:00Z,114151.0
1759168440000,2025-09-29T17:54:00Z,114121.0
1759168500000,2025-09-29T17:55:00Z,114062.35
1759168560000,2025-09-29T17:56:00Z,114013.38
1759168620000,2025-09-29T17:57:00Z,114050.86
1759168680000,2025-09-29T17:58:00Z,114079.63
1759168740000,2025-09-29T17:59:00Z,114043.91
1759168800000,2025-09-29T18:00:00Z,114056.21
1759168860000,2025-09-29T18:01:00Z,114032.52
1759168920000,2025-09-29T18:02:00Z,114108.17
1759168980000,2025-09-29T18:03:00Z,114104.88
1759169040000,2025-09-29T18:04:00Z,114104.89
1759169100000,2025-09-29T18:05:00Z,114121.0
1759169160000,2025-09-29T18:06:00Z,114121.01
1759169220000,2025-09-29T18:07:00Z,114074.48
1759169280000,2025-09-29T18:08:00Z,114008.24
1759169340000,2025-09-29T18:09:00Z,113944.98
1759169400000,2025-09-29T18:10:00Z,114045.57
1759169460000,2025-09-29T18:11:00Z,114063.17
1759169520000,2025-09-29T18:12:00Z,114085.58
1759169580000,2025-09-29T18:13:00Z,114063.06
1759169640000,2025-09-29T18:14:00Z,114031.25
1759169700000,2025-09-29T18:15:00Z,114022.55
1759169760000,2025-09-29T18:16:00Z,114015.0
1759169820000,2025-09-29T18:17:00Z,113971.24
1759169880000,2025-09-29T18:18:00Z,113987.57
1759169940000,2025-09-29T18:19:00Z,113947.92
1759170000000,2025-09-29T18:20:00Z,113935.74
1759170060000,2025-09-29T18:21:00Z,113950.19
1759170120000,2025-09-29T18:22:00Z,113935.74
1759170180000,2025-09-29T18:23:00Z,113901.47
1759170240000,2025-09-29T18:24:00Z,113867.02
1759170300000,2025-09-29T18:25:00Z,113867.02
1759170360000,2025-09-29T18:26:00Z,113873.91
1759170420000,2025-09-29T18:27:00Z,113900.03
1759170480000,2025-09-29T18:28:00Z,113967.66
1759170540000,2025-09-29T18:29:00Z,113963.41
1759170600000,2025-09-29T18:30:00Z,113945.85
1759170660000,2025-09-29T18:31:00Z,113935.28
1759170720000,2025-09-29T18:32:00Z,113955.9
1759170780000,2025-09-29T18:33:00Z,114005.98
1759170840000,2025-09-29T18:34:00Z,113999.63
1759170900000,2025-09-29T18:35:00Z,113935.12
1759170960000,2025-09-29T18:36:00Z,113943.81
1759171020000,2025-09-29T18:37:00Z,113971.19
1759171080000,2025-09-29T18:38:00Z,113948.6
1759171140000,2025-09-29T18:39:00Z,113955.9
1759171200000,2025-09-29T18:40:00Z,113945.83
1759171260000,2025-09-29T18:41:00Z,113955.91
1759171320000,2025-09-29T18:42:00Z,113955.91
1759171380000,2025-09-29T18:43:00Z,113960.88
1759171440000,2025-09-29T18:44:00Z,113984.46
1759171500000,2025-09-29T18:45:00Z,114038.02
1759171560000,2025-09-29T18:46:00Z,114021.6
1759171620000,2025-09-29T18:47:00Z,114016.75
1759171680000,2025-09-29T18:48:00Z,114016.76
1759171740000,2025-09-29T18:49:00Z,114032.52
1759171800000,2025-09-29T18:50:00Z,114032.52
1759171860000,2025-09-29T18:51:00Z,114022.76
1759171920000,2025-09-29T18:52:00Z,114023.33
1759171980000,2025-09-29T18:53:00Z,114011.14
1759172040000,2025-09-29T18:54:00Z,114032.92
1759172100000,2025-09-29T18:55:00Z,114039.71
1759172160000,2025-09-29T18:56:00Z,114015.75
1759172220000,2025-09-29T18:57:00Z,114015.74
1759172280000,2025-09-29T18:58:00Z,114019.03
1759172340000,2025-09-29T18:59:00Z,114008.79
1759172400000,2025-09-29T19:00:00Z,113984.0
1759172460000,2025-09-29T19:01:00Z,114000.0
1759172520000,2025-09-29T19:02:00Z,113985.17
1759172580000,2025-09-29T19:03:00Z,113992.24
1759172640000,2025-09-29T19:04:00Z,114060.1
1759172700000,2025-09-29T19:05:00Z,114039.12
1759172760000,2025-09-29T19:06:00Z,113958.51
1759172820000,2025-09-29T19:07:00Z,113940.06
1759172880000,2025-09-29T19:08:00Z,113962.69
1759172940000,2025-09-29T19:09:00Z,113997.45
1759173000000,2025-09-29T19:10:00Z,114063.18
1759173060000,2025-09-29T19:11:00Z,114051.76
1759173120000,2025-09-29T19:12:00Z,114028.96
1759173180000,2025-09-29T19:13:00Z,113955.9
1759173240000,2025-09-29T19:14:00Z,114009.66
1759173300000,2025-09-29T19:15:00Z,113886.84
1759173360000,2025-09-29T19:16:00Z,113926.01
1759173420000,2025-09-29T19:17:00Z,113926.0
1759173480000,2025-09-29T19:18:00Z,114028.97
1759173540000,2025-09-29T19:19:00Z,114001.87
1759173600000,2025-09-29T19:20:00Z,114014.56
1759173660000,2025-09-29T19:21:00Z,113979.17
1759173720000,2025-09-29T19:22:00Z,113986.01
1759173780000,2025-09-29T19:23:00Z,114006.6
1759173840000,2025-09-29T19:24:00Z,114006.58
1759173900000,2025-09-29T19:25:00Z,114004.55
1759173960000,2025-09-29T19:26:00Z,113999.68
1759174020000,2025-09-29T19:27:00Z,114017.5
1759174080000,2025-09-29T19:28:00Z,114008.5
1759174140000,2025-09-29T19:29:00Z,114004.55
1759174200000,2025-09-29T19:30:00Z,113999.99
1759174260000,2025-09-29T19:31:00Z,113988.48
1759174320000,2025-09-29T19:32:00Z,113912.18
1759174380000,2025-09-29T19:33:00Z,113942.81
1759174440000,2025-09-29T19:34:00Z,113942.79
1759174500000,2025-09-29T19:35:00Z,113884.09
1759174560000,2025-09-29T19:36:00Z,113902.69
1759174620000,2025-09-29T19:37:00Z,113942.8
1759174680000,2025-09-29T19:38:00Z,113956.01
1759174740000,2025-09-29T19:39:00Z,113983.12
1759174800000,2025-09-29T19:40:00Z,114074.62
1759174860000,2025-09-29T19:41:00Z,114074.63
1759174920000,2025-09-29T19:42:00Z,114127.64
1759174980000,2025-09-29T19:43:00Z,114125.93
1759175040000,2025-09-29T19:44:00Z,114151.23
1759175100000,2025-09-29T19:45:00Z,114155.01
1759175160000,2025-09-29T19:46:00Z,114164.05
1759175220000,2025-09-29T19:47:00Z,114215.99
1759175280000,2025-09-29T19:48:00Z,114312.88
1759175340000,2025-09-29T19:49:00Z,114308.37
1759175400000,2025-09-29T19:50:00Z,114349.21
1759175460000,2025-09-29T19:51:00Z,114288.46
1759175520000,2025-09-29T19:52:00Z,114251.59
1759175580000,2025-09-29T19:53:00Z,114242.02
1759175640000,2025-09-29T19:54:00Z,114291.95
1759175700000,2025-09-29T19:55:00Z,114222.16
1759175760000,2025-09-29T19:56:00Z,114181.99
1759175820000,2025-09-29T19:57:00Z,114253.99
1759175880000,2025-09-29T19:58:00Z,114297.94
1759175940000,2025-09-29T19:59:00Z,114265.55
1759176000000,2025-09-29T20:00:00Z,114256.59
1759176060000,2025-09-29T20:01:00Z,114146.24
1759176120000,2025-09-29T20:02:00Z,114125.21
1759176180000,2025-09-29T20:03:00Z,114185.54
1759176240000,2025-09-29T20:04:00Z,114206.16
1759176300000,2025-09-29T20:05:00Z,114209.22
1759176360000,2025-09-29T20:06:00Z,114293.61
1759176420000,2025-09-29T20:07:00Z,114276.46
1759176480000,2025-09-29T20:08:00Z,114247.08
1759176540000,2025-09-29T20:09:00Z,114343.77
1759176600000,2025-09-29T20:10:00Z,114338.74
1759176660000,2025-09-29T20:11:00Z,114348.2
1759176720000,2025-09-29T20:12:00Z,114326.78
1759176780000,2025-09-29T20:13:00Z,114360.12
1759176840000,2025-09-29T20:14:00Z,114369.0
1759176900000,2025-09-29T20:15:00Z,114360.13
1759176960000,2025-09-29T20:16:00Z,114368.99
1759177020000,2025-09-29T20:17:00Z,114315.89
1759177080000,2025-09-29T20:18:00Z,114261.43
1759177140000,2025-09-29T20:19:00Z,114243.1
1759177200000,2025-09-29T20:20:00Z,114243.11
1759177260000,2025-09-29T20:21:00Z,114220.79
1759177320000,2025-09-29T20:22:00Z,114302.31
1759177380000,2025-09-29T20:23:00Z,114315.99
1759177440000,2025-09-29T20:24:00Z,114315.99
1759177500000,2025-09-29T20:25:00Z,114297.57
1759177560000,2025-09-29T20:26:00Z,114270.82
1759177620000,2025-09-29T20:27:00Z,114306.65
1759177680000,2025-09-29T20:28:00Z,114290.07
1759177740000,2025-09-29T20:29:00Z,114290.07
1759177800000,2025-09-29T20:30:00Z,114295.8
1759177860000,2025-09-29T20:31:00Z,114277.72
1759177920000,2025-09-29T20:32:00Z,114279.59
1759177980000,2025-09-29T20:33:00Z,114305.99
1759178040000,2025-09-29T20:34:00Z,114395.88
1759178100000,2025-09-29T20:35:00Z,114339.02
1759178160000,2025-09-29T20:36:00Z,114339.03
1759178220000,2025-09-29T20:37:00Z,114330.01
1759178280000,2025-09-29T20:38:00Z,114346.83
1759178340000,2025-09-29T20:39:00Z,114303.62
1759178400000,2025-09-29T20:40:00Z,114306.2
1759178460000,2025-09-29T20:41:00Z,114307.0
1759178520000,2025-09-29T20:42:00Z,114369.96
1759178580000,2025-09-29T20:43:00Z,114376.68
1759178640000,2025-09-29T20:44:00Z,114393.51
1759178700000,2025-09-29T20:45:00Z,114356.41
1759178760000,2025-09-29T20:46:00Z,114332.72
1759178820000,2025-09-29T20:47:00Z,114296.83
1759178880000,2025-09-29T20:48:00Z,114287.37
1759178940000,2025-09-29T20:49:00Z,114332.09
1759179000000,2025-09-29T20:50:00Z,114335.92
1759179060000,2025-09-29T20:51:00Z,114302.95
1759179120000,2025-09-29T20:52:00Z,114312.4
1759179180000,2025-09-29T20:53:00Z,114312.4
1759179240000,2025-09-29T20:54:00Z,114300.83
1759179300000,2025-09-29T20:55:00Z,114299.47
1759179360000,2025-09-29T20:56:00Z,114273.48
1759179420000,2025-09-29T20:57:00Z,114268.69
1759179480000,2025-09-29T20:58:00Z,114238.3
1759179540000,2025-09-29T20:59:00Z,114258.29
1759179600000,2025-09-29T21:00:00Z,114274.09
1759179660000,2025-09-29T21:01:00Z,114277.73
1759179720000,2025-09-29T21:02:00Z,114253.0
1759179780000,2025-09-29T21:03:00Z,114253.01
1759179840000,2025-09-29T21:04:00Z,114273.99
1759179900000,2025-09-29T21:05:00Z,114309.99
1759179960000,2025-09-29T21:06:00Z,114310.24
1759180020000,2025-09-29T21:07:00Z,114329.8
1759180080000,2025-09-29T21:08:00Z,114277.73
1759180140000,2025-09-29T21:09:00Z,114304.43
1759180200000,2025-09-29T21:10:00Z,114321.3
1759180260000,2025-09-29T21:11:00Z,114321.3
1759180320000,2025-09-29T21:12:00Z,114309.21
1759180380000,2025-09-29T21:13:00Z,114309.2
1759180440000,2025-09-29T21:14:00Z,114186.57
1759180500000,2025-09-29T21:15:00Z,114177.5
1759180560000,2025-09-29T21:16:00Z,114202.0
1759180620000,2025-09-29T21:17:00Z,114217.65
1759180680000,2025-09-29T21:18:00Z,114205.03
1759180740000,2025-09-29T21:19:00Z,114193.15
1759180800000,2025-09-29T21:20:00Z,114199.33
1759180860000,2025-09-29T21:21:00Z,114199.34
1759180920000,2025-09-29T21:22:00Z,114178.57
1759180980000,2025-09-29T21:23:00Z,114178.58
1759181040000,2025-09-29T21:24:00Z,114189.7
1759181100000,2025-09-29T21:25:00Z,114189.7
1759181160000,2025-09-29T21:26:00Z,114175.38
1759181220000,2025-09-29T21:27:00Z,114140.01
1759181280000,2025-09-29T21:28:00Z,114153.98
1759181340000,2025-09-29T21:29:00Z,114153.98
1759181400000,2025-09-29T21:30:00Z,114140.01
1759181460000,2025-09-29T21:31:00Z,114144.99
1759181520000,2025-09-29T21:32:00Z,114149.0
1759181580000,2025-09-29T21:33:00Z,114148.99
1759181640000,2025-09-29T21:34:00Z,114116.1
1759181700000,2025-09-29T21:35:00Z,114104.84
1759181760000,2025-09-29T21:36:00Z,114104.85
1759181820000,2025-09-29T21:37:00Z,114095.36
1759181880000,2025-09-29T21:38:00Z,114149.05
1759181940000,2025-09-29T21:39:00Z,114149.62
1759182000000,2025-09-29T21:40:00Z,114131.1
1759182060000,2025-09-29T21:41:00Z,114150.99
1759182120000,2025-09-29T21:42:00Z,114157.36
1759182180000,2025-09-29T21:43:00Z,114170.46
1759182240000,2025-09-29T21:44:00Z,114181.42
1759182300000,2025-09-29T21:45:00Z,114236.65
1759182360000,2025-09-29T21:46:00Z,114236.64
1759182420000,2025-09-29T21:47:00Z,114247.08
1759182480000,2025-09-29T21:48:00Z,114258.51
1759182540000,2025-09-29T21:49:00Z,114258.51
1759182600000,2025-09-29T21:50:00Z,114258.51
1759182660000,2025-09-29T21:51:00Z,114250.6
1759182720000,2025-09-29T21:52:00Z,114195.42
1759182780000,2025-09-29T21:53:00Z,114170.3
1759182840000,2025-09-29T21:54:00Z,114176.42
1759182900000,2025-09-29T21:55:00Z,114197.47
1759182960000,2025-09-29T21:56:00Z,114218.44
1759183020000,2025-09-29T21:57:00Z,114219.99
1759183080000,2025-09-29T21:58:00Z,114218.44
1759183140000,2025-09-29T21:59:00Z,114176.73
1759183200000,2025-09-29T22:00:00Z,114180.6
1759183260000,2025-09-29T22:01:00Z,114147.79
1759183320000,2025-09-29T22:02:00Z,114181.02
1759183380000,2025-09-29T22:03:00Z,114185.77
1759183440000,2025-09-29T22:04:00Z,114159.2
1759183500000,2025-09-29T22:05:00Z,114159.2
1759183560000,2025-09-29T22:06:00Z,114136.44
1759183620000,2025-09-29T22:07:00Z,114132.19
1759183680000,2025-09-29T22:08:00Z,114136.44
1759183740000,2025-09-29T22:09:00Z,114153.08
1759183800000,2025-09-29T22:10:00Z,114130.5
1759183860000,2025-09-29T22:11:00Z,114130.6
1759183920000,2025-09-29T22:12:00Z,114130.61
1759183980000,2025-09-29T22:13:00Z,114130.6
1759184040000,2025-09-29T22:14:00Z,114130.6
1759184100000,2025-09-29T22:15:00Z,114076.92
1759184160000,2025-09-29T22:16:00Z,114090.51
1759184220000,2025-09-29T22:17:00Z,114083.49
1759184280000,2025-09-29T22:18:00Z,114083.5
1759184340000,2025-09-29T22:19:00Z,114087.0
1759184400000,2025-09-29T22:20:00Z,114076.09
1759184460000,2025-09-29T22:21:00Z,114092.0
1759184520000,2025-09-29T22:22:00Z,114100.0
1759184580000,2025-09-29T22:23:00Z,114100.0
1759184640000,2025-09-29T22:24:00Z,114099.99
1759184700000,2025-09-29T22:25:00Z,114065.64
1759184760000,2025-09-29T22:26:00Z,114042.17
1759184820000,2025-09-29T22:27:00Z,114061.17
1759184880000,2025-09-29T22:28:00Z,114105.34
1759184940000,2025-09-29T22:29:00Z,114090.5
1759185000000,2025-09-29T22:30:00Z,114090.5
1759185060000,2025-09-29T22:31:00Z,114090.5
1759185120000,2025-09-29T22:32:00Z,114097.1
1759185180000,2025-09-29T22:33:00Z,114096.68
1759185240000,2025-09-29T22:34:00Z,114090.52
1759185300000,2025-09-29T22:35:00Z,114041.93
1759185360000,2025-09-29T22:36:00Z,114037.48
1759185420000,2025-09-29T22:37:00Z,114037.49
1759185480000,2025-09-29T22:38:00Z,114037.48
1759185540000,2025-09-29T22:39:00Z,114020.0
1759185600000,2025-09-29T22:40:00Z,114036.46
1759185660000,2025-09-29T22:41:00Z,114036.46
1759185720000,2025-09-29T22:42:00Z,114037.54
1759185780000,2025-09-29T22:43:00Z,114049.98
1759185840000,2025-09-29T22:44:00Z,114050.44
1759185900000,2025-09-29T22:45:00Z,114050.44
1759185960000,2025-09-29T22:46:00Z,114071.1
1759186020000,2025-09-29T22:47:00Z,114084.8
1759186080000,2025-09-29T22:48:00Z,114098.75
1759186140000,2025-09-29T22:49:00Z,114133.25
1759186200000,2025-09-29T22:50:00Z,114137.97
1759186260000,2025-09-29T22:51:00Z,114137.99
1759186320000,2025-09-29T22:52:00Z,114110.26
1759186380000,2025-09-29T22:53:00Z,114117.12
1759186440000,2025-09-29T22:54:00Z,114160.2
1759186500000,2025-09-29T22:55:00Z,114213.99
1759186560000,2025-09-29T22:56:00Z,114205.35
1759186620000,2025-09-29T22:57:00Z,114197.31
1759186680000,2025-09-29T22:58:00Z,114189.8
1759186740000,2025-09-29T22:59:00Z,114189.81
1759186800000,2025-09-29T23:00:00Z,114189.81
1759186860000,2025-09-29T23:01:00Z,114205.93
1759186920000,2025-09-29T23:02:00Z,114258.43
1759186980000,2025-09-29T23:03:00Z,114326.86
1759187040000,2025-09-29T23:04:00Z,114336.5
1759187100000,2025-09-29T23:05:00Z,114255.56
1759187160000,2025-09-29T23:06:00Z,114300.0
1759187220000,2025-09-29T23:07:00Z,114307.31
1759187280000,2025-09-29T23:08:00Z,114270.34
1759187340000,2025-09-29T23:09:00Z,114295.62
1759187400000,2025-09-29T23:10:00Z,114303.66
1759187460000,2025-09-29T23:11:00Z,114280.01
1759187520000,2025-09-29T23:12:00Z,114222.9
1759187580000,2025-09-29T23:13:00Z,114216.44
1759187640000,2025-09-29T23:14:00Z,114236.0
1759187700000,2025-09-29T23:15:00Z,114214.99
1759187760000,2025-09-29T23:16:00Z,114207.91
1759187820000,2025-09-29T23:17:00Z,114221.62
1759187880000,2025-09-29T23:18:00Z,114265.32
1759187940000,2025-09-29T23:19:00Z,114318.3
1759188000000,2025-09-29T23:20:00Z,114314.3
1759188060000,2025-09-29T23:21:00Z,114243.66
1759188120000,2025-09-29T23:22:00Z,114265.38
1759188180000,2025-09-29T23:23:00Z,114296.36
1759188240000,2025-09-29T23:24:00Z,114298.69
1759188300000,2025-09-29T23:25:00Z,114298.68
1759188360000,2025-09-29T23:26:00Z,114328.25
1759188420000,2025-09-29T23:27:00Z,114342.46
1759188480000,2025-09-29T23:28:00Z,114334.02
1759188540000,2025-09-29T23:29:00Z,114301.0
1759188600000,2025-09-29T23:30:00Z,114301.01
1759188660000,2025-09-29T23:31:00Z,114303.0
1759188720000,2025-09-29T23:32:00Z,114279.96
1759188780000,2025-09-29T23:33:00Z,114279.96
1759188840000,2025-09-29T23:34:00Z,114291.21
1759188900000,2025-09-29T23:35:00Z,114291.22
1759188960000,2025-09-29T23:36:00Z,114268.59
1759189020000,2025-09-29T23:37:00Z,114267.42
1759189080000,2025-09-29T23:38:00Z,114267.41
1759189140000,2025-09-29T23:39:00Z,114242.76
1759189200000,2025-09-29T23:40:00Z,114242.76
1759189260000,2025-09-29T23:41:00Z,114242.75
1759189320000,2025-09-29T23:42:00Z,114222.51
1759189380000,2025-09-29T23:43:00Z,114227.96
1759189440000,2025-09-29T23:44:00Z,114227.96
1759189500000,2025-09-29T23:45:00Z,114227.95
1759189560000,2025-09-29T23:46:00Z,114275.97
1759189620000,2025-09-29T23:47:00Z,114275.97
1759189680000,2025-09-29T23:48:00Z,114287.97
1759189740000,2025-09-29T23:49:00Z,114312.79
1759189800000,2025-09-29T23:50:00Z,114312.78
1759189860000,2025-09-29T23:51:00Z,114297.01
1759189920000,2025-09-29T23:52:00Z,114277.73
1759189980000,2025-09-29T23:53:00Z,114277.73
1759190040000,2025-09-29T23:54:00Z,114258.52
1759190100000,2025-09-29T23:55:00Z,114287.99
1759190160000,2025-09-29T23:56:00Z,114326.0
1759190220000,2025-09-29T23:57:00Z,114350.0
1759190280000,2025-09-29T23:58:00Z,114363.0
1759190340000,2025-09-29T23:59:00Z,114311.96
1759190400000,2025-09-30T00:00:00Z,114262.4
1759190460000,2025-09-30T00:01:00Z,114277.73
1759190520000,2025-09-30T00:02:00Z,114258.0
1759190580000,2025-09-30T00:03:00Z,114259.01
1759190640000,2025-09-30T00:04:00Z,114265.95
1759190700000,2025-09-30T00:05:00Z,114300.83
1759190760000,2025-09-30T00:06:00Z,114300.95
1759190820000,2025-09-30T00:07:00Z,114331.79
1759190880000,2025-09-30T00:08:00Z,114333.49
1759190940000,2025-09-30T00:09:00Z,114375.59
1759191000000,2025-09-30T00:10:00Z,114398.99
1759191060000,2025-09-30T00:11:00Z,114419.64
1759191120000,2025-09-30T00:12:00Z,114419.66
1759191180000,2025-09-30T00:13:00Z,114426.72
1759191240000,2025-09-30T00:14:00Z,114307.89
1759191300000,2025-09-30T00:15:00Z,114271.63
1759191360000,2025-09-30T00:16:00Z,114177.4
1759191420000,2025-09-30T00:17:00Z,114212.81
1759191480000,2025-09-30T00:18:00Z,114126.57
1759191540000,2025-09-30T00:19:00Z,114116.56
1759191600000,2025-09-30T00:20:00Z,114105.14
1759191660000,2025-09-30T00:21:00Z,114100.0
1759191720000,2025-09-30T00:22:00Z,114089.36
1759191780000,2025-09-30T00:23:00Z,114099.99
1759191840000,2025-09-30T00:24:00Z,114089.61
1759191900000,2025-09-30T00:25:00Z,114050.45
1759191960000,2025-09-30T00:26:00Z,114076.25
1759192020000,2025-09-30T00:27:00Z,114115.0
1759192080000,2025-09-30T00:28:00Z,114153.62
1759192140000,2025-09-30T00:29:00Z,114170.71
1759192200000,2025-09-30T00:30:00Z,114182.12
1759192260000,2025-09-30T00:31:00Z,114182.0
1759192320000,2025-09-30T00:32:00Z,114207.52
1759192380000,2025-09-30T00:33:00Z,114236.08
1759192440000,2025-09-30T00:34:00Z,114259.73
1759192500000,2025-09-30T00:35:00Z,114287.66
1759192560000,2025-09-30T00:36:00Z,114313.0
1759192620000,2025-09-30T00:37:00Z,114319.02
1759192680000,2025-09-30T00:38:00Z,114351.13
1759192740000,2025-09-30T00:39:00Z,114370.37
1759192800000,2025-09-30T00:40:00Z,114358.01
1759192860000,2025-09-30T00:41:00Z,114385.35
1759192920000,2025-09-30T00:42:00Z,114370.58
1759192980000,2025-09-30T00:43:00Z,114401.4
1759193040000,2025-09-30T00:44:00Z,114386.0
1759193100000,2025-09-30T00:45:00Z,114347.14
1759193160000,2025-09-30T00:46:00Z,114346.9
1759193220000,2025-09-30T00:47:00Z,114336.82
1759193280000,2025-09-30T00:48:00Z,114385.21
1759193340000,2025-09-30T00:49:00Z,114500.0
1759193400000,2025-09-30T00:50:00Z,114655.5
1759193460000,2025-09-30T00:51:00Z,114597.61
1759193520000,2025-09-30T00:52:00Z,114464.97
1759193580000,2025-09-30T00:53:00Z,114517.15
1759193640000,2025-09-30T00:54:00Z,114649.01
1759193700000,2025-09-30T00:55:00Z,114557.01
1759193760000,2025-09-30T00:56:00Z,114590.35
1759193820000,2025-09-30T00:57:00Z,114548.06
1759193880000,2025-09-30T00:58:00Z,114539.72
1759193940000,2025-09-30T00:59:00Z,114525.97
1759194000000,2025-09-30T01:00:00Z,114492.27
1759194060000,2025-09-30T01:01:00Z,114458.0
1759194120000,2025-09-30T01:02:00Z,114385.0
1759194180000,2025-09-30T01:03:00Z,114381.99
1759194240000,2025-09-30T01:04:00Z,114414.63
1759194300000,2025-09-30T01:05:00Z,114382.17
1759194360000,2025-09-30T01:06:00Z,114403.14
1759194420000,2025-09-30T01:07:00Z,114437.0
1759194480000,2025-09-30T01:08:00Z,114553.0
1759194540000,2025-09-30T01:09:00Z,114561.51
1759194600000,2025-09-30T01:10:00Z,114598.63
1759194660000,2025-09-30T01:11:00Z,114652.18
1759194720000,2025-09-30T01:12:00Z,114638.87
1759194780000,2025-09-30T01:13:00Z,114630.71
1759194840000,2025-09-30T01:14:00Z,114751.75
1759194900000,2025-09-30T01:15:00Z,114684.09
1759194960000,2025-09-30T01:16:00Z,114623.76
1759195020000,2025-09-30T01:17:00Z,114584.14
1759195080000,2025-09-30T01:18:00Z,114531.49
1759195140000,2025-09-30T01:19:00Z,114611.18
1759195200000,2025-09-30T01:20:00Z,114620.71
1759195260000,2025-09-30T01:21:00Z,114736.0
1759195320000,2025-09-30T01:22:00Z,114705.61
1759195380000,2025-09-30T01:23:00Z,114710.39
1759195440000,2025-09-30T01:24:00Z,114725.98
1759195500000,2025-09-30T01:25:00Z,114724.43
1759195560000,2025-09-30T01:26:00Z,114687.19
1759195620000,2025-09-30T01:27:00Z,114666.01
1759195680000,2025-09-30T01:28:00Z,114672.81
1759195740000,2025-09-30T01:29:00Z,114631.2
1759195800000,2025-09-30T01:30:00Z,114584.22
1759195860000,2025-09-30T01:31:00Z,114542.99
1759195920000,2025-09-30T01:32:00Z,114496.78
1759195980000,2025-09-30T01:33:00Z,114466.43
1759196040000,2025-09-30T01:34:00Z,114487.94
1759196100000,2025-09-30T01:35:00Z,114466.44
1759196160000,2025-09-30T01:36:00Z,114462.66
1759196220000,2025-09-30T01:37:00Z,114527.14
1759196280000,2025-09-30T01:38:00Z,114550.62
1759196340000,2025-09-30T01:39:00Z,114599.48
1759196400000,2025-09-30T01:40:00Z,114543.47
1759196460000,2025-09-30T01:41:00Z,114448.18
1759196520000,2025-09-30T01:42:00Z,114400.14
1759196580000,2025-09-30T01:43:00Z,114436.64
1759196640000,2025-09-30T01:44:00Z,114448.31
1759196700000,2025-09-30T01:45:00Z,114422.0
1759196760000,2025-09-30T01:46:00Z,114394.68
1759196820000,2025-09-30T01:47:00Z,114393.01
1759196880000,2025-09-30T01:48:00Z,114397.22
1759196940000,2025-09-30T01:49:00Z,114420.0
1759197000000,2025-09-30T01:50:00Z,114363.7
1759197060000,2025-09-30T01:51:00Z,114365.83
1759197120000,2025-09-30T01:52:00Z,114349.06
1759197180000,2025-09-30T01:53:00Z,114299.99
1759197240000,2025-09-30T01:54:00Z,114299.99
1759197300000,2025-09-30T01:55:00Z,114322.55
1759197360000,2025-09-30T01:56:00Z,114329.97
1759197420000,2025-09-30T01:57:00Z,114329.99
1759197480000,2025-09-30T01:58:00Z,114378.5
1759197540000,2025-09-30T01:59:00Z,114500.31
1759197600000,2025-09-30T02:00:00Z,114458.07
1759197660000,2025-09-30T02:01:00Z,114509.93
1759197720000,2025-09-30T02:02:00Z,114549.99
1759197780000,2025-09-30T02:03:00Z,114562.64
1759197840000,2025-09-30T02:04:00Z,114570.82
1759197900000,2025-09-30T02:05:00Z,114525.34
1759197960000,2025-09-30T02:06:00Z,114507.29
1759198020000,2025-09-30T02:07:00Z,114485.0
1759198080000,2025-09-30T02:08:00Z,114468.25
1759198140000,2025-09-30T02:09:00Z,114500.0
1759198200000,2025-09-30T02:10:00Z,114438.99
1759198260000,2025-09-30T02:11:00Z,114429.78
1759198320000,2025-09-30T02:12:00Z,114385.0
1759198380000,2025-09-30T02:13:00Z,114382.22
1759198440000,2025-09-30T02:14:00Z,114408.59
1759198500000,2025-09-30T02:15:00Z,114512.01
1759198560000,2025-09-30T02:16:00Z,114489.23
1759198620000,2025-09-30T02:17:00Z,114390.71
1759198680000,2025-09-30T02:18:00Z,114360.0
1759198740000,2025-09-30T02:19:00Z,114405.02
1759198800000,2025-09-30T02:20:00Z,114472.8
1759198860000,2025-09-30T02:21:00Z,114426.01
1759198920000,2025-09-30T02:22:00Z,114448.99
1759198980000,2025-09-30T02:23:00Z,114503.34
1759199040000,2025-09-30T02:24:00Z,114465.19
1759199100000,2025-09-30T02:25:00Z,114444.99
1759199160000,2025-09-30T02:26:00Z,114503.33
1759199220000,2025-09-30T02:27:00Z,114520.49
1759199280000,2025-09-30T02:28:00Z,114472.47
1759199340000,2025-09-30T02:29:00Z,114472.48
1759199400000,2025-09-30T02:30:00Z,114494.72
1759199460000,2025-09-30T02:31:00Z,114489.69
1759199520000,2025-09-30T02:32:00Z,114492.26
1759199580000,2025-09-30T02:33:00Z,114460.42
1759199640000,2025-09-30T02:34:00Z,114458.52
1759199700000,2025-09-30T02:35:00Z,114472.48
1759199760000,2025-09-30T02:36:00Z,114469.35
1759199820000,2025-09-30T02:37:00Z,114458.17
1759199880000,2025-09-30T02:38:00Z,114481.22
1759199940000,2025-09-30T02:39:00Z,114477.42
1759200000000,2025-09-30T02:40:00Z,114537.99
1759200060000,2025-09-30T02:41:00Z,114536.29
1759200120000,2025-09-30T02:42:00Z,114496.81
1759200180000,2025-09-30T02:43:00Z,114459.63
1759200240000,2025-09-30T02:44:00Z,114475.01
1759200300000,2025-09-30T02:45:00Z,114513.48
1759200360000,2025-09-30T02:46:00Z,114520.14
1759200420000,2025-09-30T02:47:00Z,114534.31
1759200480000,2025-09-30T02:48:00Z,114583.18
1759200540000,2025-09-30T02:49:00Z,114497.25
1759200600000,2025-09-30T02:50:00Z,114419.26
1759200660000,2025-09-30T02:51:00Z,114443.18
1759200720000,2025-09-30T02:52:00Z,114482.27
1759200780000,2025-09-30T02:53:00Z,114485.11
1759200840000,2025-09-30T02:54:00Z,114414.75
1759200900000,2025-09-30T02:55:00Z,114439.47
1759200960000,2025-09-30T02:56:00Z,114393.0
1759201020000,2025-09-30T02:57:00Z,114384.99
1759201080000,2025-09-30T02:58:00Z,114444.62
1759201140000,2025-09-30T02:59:00Z,114455.96
1759201200000,2025-09-30T03:00:00Z,114425.35
1759201260000,2025-09-30T03:01:00Z,114424.05
1759201320000,2025-09-30T03:02:00Z,114474.25
1759201380000,2025-09-30T03:03:00Z,114480.43
1759201440000,2025-09-30T03:04:00Z,114481.52
1759201500000,2025-09-30T03:05:00Z,114480.44
1759201560000,2025-09-30T03:06:00Z,114480.44
1759201620000,2025-09-30T03:07:00Z,114480.43
1759201680000,2025-09-30T03:08:00Z,114477.46
1759201740000,2025-09-30T03:09:00Z,114419.93
1759201800000,2025-09-30T03:10:00Z,114384.99
1759201860000,2025-09-30T03:11:00Z,114371.53
1759201920000,2025-09-30T03:12:00Z,114372.43
1759201980000,2025-09-30T03:13:00Z,114393.18
1759202040000,2025-09-30T03:14:00Z,114388.01
1759202100000,2025-09-30T03:15:00Z,114382.4
1759202160000,2025-09-30T03:16:00Z,114367.06
1759202220000,2025-09-30T03:17:00Z,114347.58
1759202280000,2025-09-30T03:18:00Z,114420.76
1759202340000,2025-09-30T03:19:00Z,114400.01
1759202400000,2025-09-30T03:20:00Z,114346.27
1759202460000,2025-09-30T03:21:00Z,114333.09
1759202520000,2025-09-30T03:22:00Z,114335.94
1759202580000,2025-09-30T03:23:00Z,114317.22
1759202640000,2025-09-30T03:24:00Z,114312.5
1759202700000,2025-09-30T03:25:00Z,114308.06
1759202760000,2025-09-30T03:26:00Z,114308.07
1759202820000,2025-09-30T03:27:00Z,114326.07
1759202880000,2025-09-30T03:28:00Z,114326.07
1759202940000,2025-09-30T03:29:00Z,114326.07
1759203000000,2025-09-30T03:30:00Z,114326.07
1759203060000,2025-09-30T03:31:00Z,114316.0
1759203120000,2025-09-30T03:32:00Z,114314.57
1759203180000,2025-09-30T03:33:00Z,114325.0
1759203240000,2025-09-30T03:34:00Z,114325.0
1759203300000,2025-09-30T03:35:00Z,114324.99
1759203360000,2025-09-30T03:36:00Z,114339.0
1759203420000,2025-09-30T03:37:00Z,114350.0
1759203480000,2025-09-30T03:38:00Z,114350.0
1759203540000,2025-09-30T03:39:00Z,114334.92
1759203600000,2025-09-30T03:40:00Z,114334.93
1759203660000,2025-09-30T03:41:00Z,114347.84
1759203720000,2025-09-30T03:42:00Z,114347.84
1759203780000,2025-09-30T03:43:00Z,114357.18
1759203840000,2025-09-30T03:44:00Z,114427.86
1759203900000,2025-09-30T03:45:00Z,114385.34
1759203960000,2025-09-30T03:46:00Z,114340.01
1759204020000,2025-09-30T03:47:00Z,114368.71
1759204080000,2025-09-30T03:48:00Z,114385.49
1759204140000,2025-09-30T03:49:00Z,114385.31
1759204200000,2025-09-30T03:50:00Z,114400.5
1759204260000,2025-09-30T03:51:00Z,114388.17
1759204320000,2025-09-30T03:52:00Z,114368.94
1759204380000,2025-09-30T03:53:00Z,114363.38
1759204440000,2025-09-30T03:54:00Z,114339.79
1759204500000,2025-09-30T03:55:00Z,114359.92
1759204560000,2025-09-30T03:56:00Z,114346.2
1759204620000,2025-09-30T03:57:00Z,114346.0
1759204680000,2025-09-30T03:58:00Z,114356.01
1759204740000,2025-09-30T03:59:00Z,114376.39
1759204800000,2025-09-30T04:00:00Z,114341.8
1759204860000,2025-09-30T04:01:00Z,114333.95
1759204920000,2025-09-30T04:02:00Z,114333.94
1759204980000,2025-09-30T04:03:00Z,114354.38
1759205040000,2025-09-30T04:04:00Z,114354.38
1759205100000,2025-09-30T04:05:00Z,114333.01
1759205160000,2025-09-30T04:06:00Z,114315.86
1759205220000,2025-09-30T04:07:00Z,114315.86
1759205280000,2025-09-30T04:08:00Z,114315.85
1759205340000,2025-09-30T04:09:00Z,114315.86
1759205400000,2025-09-30T04:10:00Z,114295.05
1759205460000,2025-09-30T04:11:00Z,114315.86
1759205520000,2025-09-30T04:12:00Z,114315.87
1759205580000,2025-09-30T04:13:00Z,114313.18
1759205640000,2025-09-30T04:14:00Z,114310.48
1759205700000,2025-09-30T04:15:00Z,114329.99
1759205760000,2025-09-30T04:16:00Z,114311.72
1759205820000,2025-09-30T04:17:00Z,114305.88
1759205880000,2025-09-30T04:18:00Z,114311.68
1759205940000,2025-09-30T04:19:00Z,114277.73
1759206000000,2025-09-30T04:20:00Z,114288.89
1759206060000,2025-09-30T04:21:00Z,114296.52
1759206120000,2025-09-30T04:22:00Z,114267.17
1759206180000,2025-09-30T04:23:00Z,114267.18
1759206240000,2025-09-30T04:24:00Z,114267.17
1759206300000,2025-09-30T04:25:00Z,114257.6
1759206360000,2025-09-30T04:26:00Z,114222.72
1759206420000,2025-09-30T04:27:00Z,114210.39
1759206480000,2025-09-30T04:28:00Z,114201.01
1759206540000,2025-09-30T04:29:00Z,114185.32
1759206600000,2025-09-30T04:30:00Z,114165.42
1759206660000,2025-09-30T04:31:00Z,114147.72
1759206720000,2025-09-30T04:32:00Z,114147.47
1759206780000,2025-09-30T04:33:00Z,114255.43
1759206840000,2025-09-30T04:34:00Z,114229.97
1759206900000,2025-09-30T04:35:00Z,114192.85
1759206960000,2025-09-30T04:36:00Z,114177.85
1759207020000,2025-09-30T04:37:00Z,114223.13
1759207080000,2025-09-30T04:38:00Z,114224.82
1759207140000,2025-09-30T04:39:00Z,114206.93
1759207200000,2025-09-30T04:40:00Z,114218.73
1759207260000,2025-09-30T04:41:00Z,114206.18
1759207320000,2025-09-30T04:42:00Z,114206.19
1759207380000,2025-09-30T04:43:00Z,114188.84
1759207440000,2025-09-30T04:44:00Z,114204.85
1759207500000,2025-09-30T04:45:00Z,114182.64
1759207560000,2025-09-30T04:46:00Z,114182.64
1759207620000,2025-09-30T04:47:00Z,114192.84
1759207680000,2025-09-30T04:48:00Z,114200.01
1759207740000,2025-09-30T04:49:00Z,114155.04
1759207800000,2025-09-30T04:50:00Z,114147.48
1759207860000,2025-09-30T04:51:00Z,114147.48
1759207920000,2025-09-30T04:52:00Z,114159.46
1759207980000,2025-09-30T04:53:00Z,114126.93
1759208040000,2025-09-30T04:54:00Z,114124.56
1759208100000,2025-09-30T04:55:00Z,114159.11
1759208160000,2025-09-30T04:56:00Z,114122.63
1759208220000,2025-09-30T04:57:00Z,114102.92
1759208280000,2025-09-30T04:58:00Z,114108.99
1759208340000,2025-09-30T04:59:00Z,114091.63
1759208400000,2025-09-30T05:00:00Z,114054.55
1759208460000,2025-09-30T05:01:00Z,114080.4
1759208520000,2025-09-30T05:02:00Z,114059.5
1759208580000,2025-09-30T05:03:00Z,114084.06
1759208640000,2025-09-30T05:04:00Z,114104.45
1759208700000,2025-09-30T05:05:00Z,114142.35
1759208760000,2025-09-30T05:06:00Z,114150.01
1759208820000,2025-09-30T05:07:00Z,114175.8
1759208880000,2025-09-30T05:08:00Z,114173.0
1759208940000,2025-09-30T05:09:00Z,114205.16
1759209000000,2025-09-30T05:10:00Z,114112.16
1759209060000,2025-09-30T05:11:00Z,114104.4
1759209120000,2025-09-30T05:12:00Z,114104.4
1759209180000,2025-09-30T05:13:00Z,114113.96
1759209240000,2025-09-30T05:14:00Z,114126.22
1759209300000,2025-09-30T05:15:00Z,114114.1
1759209360000,2025-09-30T05:16:00Z,114114.0
1759209420000,2025-09-30T05:17:00Z,114088.85
1759209480000,2025-09-30T05:18:00Z,114071.0
1759209540000,2025-09-30T05:19:00Z,114054.27
1759209600000,2025-09-30T05:20:00Z,114070.02
1759209660000,2025-09-30T05:21:00Z,114039.0
1759209720000,2025-09-30T05:22:00Z,114027.18
1759209780000,2025-09-30T05:23:00Z,114038.58
1759209840000,2025-09-30T05:24:00Z,113997.83
1759209900000,2025-09-30T05:25:00Z,113955.9
1759209960000,2025-09-30T05:26:00Z,113940.01
1759210020000,2025-09-30T05:27:00Z,113925.04
1759210080000,2025-09-30T05:28:00Z,113963.01
1759210140000,2025-09-30T05:29:00Z,113939.97
1759210200000,2025-09-30T05:30:00Z,113970.99
1759210260000,2025-09-30T05:31:00Z,113940.0
1759210320000,2025-09-30T05:32:00Z,113923.58
1759210380000,2025-09-30T05:33:00Z,113954.89
1759210440000,2025-09-30T05:34:00Z,113949.75
1759210500000,2025-09-30T05:35:00Z,113941.69
1759210560000,2025-09-30T05:36:00Z,113969.71
1759210620000,2025-09-30T05:37:00Z,113969.71
1759210680000,2025-09-30T05:38:00Z,113969.12
1759210740000,2025-09-30T05:39:00Z,113968.49
1759210800000,2025-09-30T05:40:00Z,114007.0
1759210860000,2025-09-30T05:41:00Z,114007.0
1759210920000,2025-09-30T05:42:00Z,113953.01
1759210980000,2025-09-30T05:43:00Z,113999.36
1759211040000,2025-09-30T05:44:00Z,113975.33
1759211100000,2025-09-30T05:45:00Z,113938.84
1759211160000,2025-09-30T05:46:00Z,113882.92
1759211220000,2025-09-30T05:47:00Z,113882.76
1759211280000,2025-09-30T05:48:00Z,113898.82
1759211340000,2025-09-30T05:49:00Z,113950.68
1759211400000,2025-09-30T05:50:00Z,113961.0
1759211460000,2025-09-30T05:51:00Z,113957.62
1759211520000,2025-09-30T05:52:00Z,113905.46
1759211580000,2025-09-30T05:53:00Z,113895.53
1759211640000,2025-09-30T05:54:00Z,113888.05
1759211700000,2025-09-30T05:55:00Z,113852.38
1759211760000,2025-09-30T05:56:00Z,113856.64
1759211820000,2025-09-30T05:57:00Z,113908.68
1759211880000,2025-09-30T05:58:00Z,113872.73
1759211940000,2025-09-30T05:59:00Z,113904.0
1759212000000,2025-09-30T06:00:00Z,113857.61
1759212060000,2025-09-30T06:01:00Z,113933.42
1759212120000,2025-09-30T06:02:00Z,113880.54
1759212180000,2025-09-30T06:03:00Z,113857.65
1759212240000,2025-09-30T06:04:00Z,113838.41
1759212300000,2025-09-30T06:05:00Z,113858.06
1759212360000,2025-09-30T06:06:00Z,113844.54
1759212420000,2025-09-30T06:07:00Z,113874.99
1759212480000,2025-09-30T06:08:00Z,113878.16
1759212540000,2025-09-30T06:09:00Z,113867.37
1759212600000,2025-09-30T06:10:00Z,113865.98
1759212660000,2025-09-30T06:11:00Z,113951.0
1759212720000,2025-09-30T06:12:00Z,114006.39
1759212780000,2025-09-30T06:13:00Z,113960.45
1759212840000,2025-09-30T06:14:00Z,113952.4
1759212900000,2025-09-30T06:15:00Z,113943.18
1759212960000,2025-09-30T06:16:00Z,113982.86
1759213020000,2025-09-30T06:17:00Z,113977.18
1759213080000,2025-09-30T06:18:00Z,113923.29
1759213140000,2025-09-30T06:19:00Z,113899.99
1759213200000,2025-09-30T06:20:00Z,113899.74
1759213260000,2025-09-30T06:21:00Z,113858.29
1759213320000,2025-09-30T06:22:00Z,113870.13
1759213380000,2025-09-30T06:23:00Z,113885.81
1759213440000,2025-09-30T06:24:00Z,113864.1
1759213500000,2025-09-30T06:25:00Z,113879.13
1759213560000,2025-09-30T06:26:00Z,113891.72
1759213620000,2025-09-30T06:27:00Z,113957.57
1759213680000,2025-09-30T06:28:00Z,113935.44
1759213740000,2025-09-30T06:29:00Z,113921.16
1759213800000,2025-09-30T06:30:00Z,113908.88
1759213860000,2025-09-30T06:31:00Z,113920.38
1759213920000,2025-09-30T06:32:00Z,113981.64
1759213980000,2025-09-30T06:33:00Z,113981.63
1759214040000,2025-09-30T06:34:00Z,114007.23
1759214100000,2025-09-30T06:35:00Z,114053.91
1759214160000,2025-09-30T06:36:00Z,114024.41
1759214220000,2025-09-30T06:37:00Z,114039.5
1759214280000,2025-09-30T06:38:00Z,114031.82
1759214340000,2025-09-30T06:39:00Z,114031.82
1759214400000,2025-09-30T06:40:00Z,114016.65
1759214460000,2025-09-30T06:41:00Z,114015.5
1759214520000,2025-09-30T06:42:00Z,114015.48
1759214580000,2025-09-30T06:43:00Z,114021.38
1759214640000,2025-09-30T06:44:00Z,114007.67
1759214700000,2025-09-30T06:45:00Z,114000.0
1759214760000,2025-09-30T06:46:00Z,113977.74
1759214820000,2025-09-30T06:47:00Z,113969.02
1759214880000,2025-09-30T06:48:00Z,113955.91
1759214940000,2025-09-30T06:49:00Z,113971.64
1759215000000,2025-09-30T06:50:00Z,113968.78
1759215060000,2025-09-30T06:51:00Z,113968.77
1759215120000,2025-09-30T06:52:00Z,113976.11
1759215180000,2025-09-30T06:53:00Z,113949.98
1759215240000,2025-09-30T06:54:00Z,113961.99
1759215300000,2025-09-30T06:55:00Z,113962.0
1759215360000,2025-09-30T06:56:00Z,113940.63
1759215420000,2025-09-30T06:57:00Z,113866.03
1759215480000,2025-09-30T06:58:00Z,113882.78
1759215540000,2025-09-30T06:59:00Z,113891.64
1759215600000,2025-09-30T07:00:00Z,113881.9
1759215660000,2025-09-30T07:01:00Z,113867.98
1759215720000,2025-09-30T07:02:00Z,113879.35
1759215780000,2025-09-30T07:03:00Z,113867.98
1759215840000,2025-09-30T07:04:00Z,113863.73
1759215900000,2025-09-30T07:05:00Z,113888.32
1759215960000,2025-09-30T07:06:00Z,113916.08
1759216020000,2025-09-30T07:07:00Z,113897.51
1759216080000,2025-09-30T07:08:00Z,113897.51
1759216140000,2025-09-30T07:09:00Z,113885.0
1759216200000,2025-09-30T07:10:00Z,113880.36
1759216260000,2025-09-30T07:11:00Z,113897.47
1759216320000,2025-09-30T07:12:00Z,113914.39
1759216380000,2025-09-30T07:13:00Z,113955.91
1759216440000,2025-09-30T07:14:00Z,113921.45
1759216500000,2025-09-30T07:15:00Z,113917.53
1759216560000,2025-09-30T07:16:00Z,113917.53
1759216620000,2025-09-30T07:17:00Z,113905.33
1759216680000,2025-09-30T07:18:00Z,113894.66
1759216740000,2025-09-30T07:19:00Z,113889.89
1759216800000,2025-09-30T07:20:00Z,113882.45
1759216860000,2025-09-30T07:21:00Z,113880.74
1759216920000,2025-09-30T07:22:00Z,113869.85
1759216980000,2025-09-30T07:23:00Z,113926.42
1759217040000,2025-09-30T07:24:00Z,113911.5
1759217100000,2025-09-30T07:25:00Z,113949.95
1759217160000,2025-09-30T07:26:00Z,113949.94
1759217220000,2025-09-30T07:27:00Z,113949.94
1759217280000,2025-09-30T07:28:00Z,113962.44
1759217340000,2025-09-30T07:29:00Z,113952.52
1759217400000,2025-09-30T07:30:00Z,113926.9
1759217460000,2025-09-30T07:31:00Z,113917.33
1759217520000,2025-09-30T07:32:00Z,113880.21
1759217580000,2025-09-30T07:33:00Z,113846.67
1759217640000,2025-09-30T07:34:00Z,113815.86
1759217700000,2025-09-30T07:35:00Z,113805.03
1759217760000,2025-09-30T07:36:00Z,113802.43
1759217820000,2025-09-30T07:37:00Z,113801.41
1759217880000,2025-09-30T07:38:00Z,113728.67
1759217940000,2025-09-30T07:39:00Z,113658.27
1759218000000,2025-09-30T07:40:00Z,113699.99
1759218060000,2025-09-30T07:41:00Z,113684.66
1759218120000,2025-09-30T07:42:00Z,113618.86
1759218180000,2025-09-30T07:43:00Z,113634.09
1759218240000,2025-09-30T07:44:00Z,113635.77
1759218300000,2025-09-30T07:45:00Z,113622.21
1759218360000,2025-09-30T07:46:00Z,113736.46
1759218420000,2025-09-30T07:47:00Z,113746.8
1759218480000,2025-09-30T07:48:00Z,113694.19
1759218540000,2025-09-30T07:49:00Z,113658.43
1759218600000,2025-09-30T07:50:00Z,113720.36
1759218660000,2025-09-30T07:51:00Z,113777.98
1759218720000,2025-09-30T07:52:00Z,113686.76
1759218780000,2025-09-30T07:53:00Z,113638.93
1759218840000,2025-09-30T07:54:00Z,113740.11
1759218900000,2025-09-30T07:55:00Z,113787.08
1759218960000,2025-09-30T07:56:00Z,113783.64
1759219020000,2025-09-30T07:57:00Z,113694.16
1759219080000,2025-09-30T07:58:00Z,113712.22
1759219140000,2025-09-30T07:59:00Z,113699.23
1759219200000,2025-09-30T08:00:00Z,113741.36
1759219260000,2025-09-30T08:01:00Z,113716.48
1759219320000,2025-09-30T08:02:00Z,113675.89
1759219380000,2025-09-30T08:03:00Z,113668.79
1759219440000,2025-09-30T08:04:00Z,113666.22
1759219500000,2025-09-30T08:05:00Z,113664.36
1759219560000,2025-09-30T08:06:00Z,113657.0
1759219620000,2025-09-30T08:07:00Z,113618.04
1759219680000,2025-09-30T08:08:00Z,113653.45
1759219740000,2025-09-30T08:09:00Z,113686.3
1759219800000,2025-09-30T08:10:00Z,113741.37
1759219860000,2025-09-30T08:11:00Z,113718.51
1759219920000,2025-09-30T08:12:00Z,113650.96
1759219980000,2025-09-30T08:13:00Z,113703.34
1759220040000,2025-09-30T08:14:00Z,113703.34
1759220100000,2025-09-30T08:15:00Z,113703.34
1759220160000,2025-09-30T08:16:00Z,113703.33
1759220220000,2025-09-30T08:17:00Z,113703.34
1759220280000,2025-09-30T08:18:00Z,113660.0
1759220340000,2025-09-30T08:19:00Z,113622.77
1759220400000,2025-09-30T08:20:00Z,113630.98
1759220460000,2025-09-30T08:21:00Z,113559.87
1759220520000,2025-09-30T08:22:00Z,113553.95
1759220580000,2025-09-30T08:23:00Z,113540.46
1759220640000,2025-09-30T08:24:00Z,113534.23
1759220700000,2025-09-30T08:25:00Z,113570.39
1759220760000,2025-09-30T08:26:00Z,113583.1
1759220820000,2025-09-30T08:27:00Z,113606.44
1759220880000,2025-09-30T08:28:00Z,113577.74
1759220940000,2025-09-30T08:29:00Z,113575.85
1759221000000,2025-09-30T08:30:00Z,113526.81
1759221060000,2025-09-30T08:31:00Z,113531.41
1759221120000,2025-09-30T08:32:00Z,113500.01
1759221180000,2025-09-30T08:33:00Z,113449.97
1759221240000,2025-09-30T08:34:00Z,113491.25
1759221300000,2025-09-30T08:35:00Z,113576.54
1759221360000,2025-09-30T08:36:00Z,113608.32
1759221420000,2025-09-30T08:37:00Z,113521.3
1759221480000,2025-09-30T08:38:00Z,113429.19
1759221540000,2025-09-30T08:39:00Z,113448.54
1759221600000,2025-09-30T08:40:00Z,113505.2
1759221660000,2025-09-30T08:41:00Z,113489.66
1759221720000,2025-09-30T08:42:00Z,113448.07
1759221780000,2025-09-30T08:43:00Z,113455.84
1759221840000,2025-09-30T08:44:00Z,113455.83
1759221900000,2025-09-30T08:45:00Z,113437.18
1759221960000,2025-09-30T08:46:00Z,113438.71
1759222020000,2025-09-30T08:47:00Z,113486.43
1759222080000,2025-09-30T08:48:00Z,113486.42
1759222140000,2025-09-30T08:49:00Z,113505.1
1759222200000,2025-09-30T08:50:00Z,113504.56
1759222260000,2025-09-30T08:51:00Z,113549.58
1759222320000,2025-09-30T08:52:00Z,113571.22
1759222380000,2025-09-30T08:53:00Z,113530.76
1759222440000,2025-09-30T08:54:00Z,113443.56
1759222500000,2025-09-30T08:55:00Z,113506.6
1759222560000,2025-09-30T08:56:00Z,113489.66
1759222620000,2025-09-30T08:57:00Z,113489.69
1759222680000,2025-09-30T08:58:00Z,113489.7
1759222740000,2025-09-30T08:59:00Z,113451.89
1759222800000,2025-09-30T09:00:00Z,113449.39
1759222860000,2025-09-30T09:01:00Z,113337.43
1759222920000,2025-09-30T09:02:00Z,113319.28
1759222980000,2025-09-30T09:03:00Z,113355.2
1759223040000,2025-09-30T09:04:00Z,113350.39
1759223100000,2025-09-30T09:05:00Z,113347.34
1759223160000,2025-09-30T09:06:00Z,113345.37
1759223220000,2025-09-30T09:07:00Z,113323.2
1759223280000,2025-09-30T09:08:00Z,113302.01
1759223340000,2025-09-30T09:09:00Z,113299.87
1759223400000,2025-09-30T09:10:00Z,113278.65
1759223460000,2025-09-30T09:11:00Z,113274.38
1759223520000,2025-09-30T09:12:00Z,113268.35
1759223580000,2025-09-30T09:13:00Z,113230.72
1759223640000,2025-09-30T09:14:00Z,113221.79
1759223700000,2025-09-30T09:15:00Z,113268.37
1759223760000,2025-09-30T09:16:00Z,113260.59
1759223820000,2025-09-30T09:17:00Z,113254.28
1759223880000,2025-09-30T09:18:00Z,113260.27
1759223940000,2025-09-30T09:19:00Z,113269.9
1759224000000,2025-09-30T09:20:00Z,113294.65
1759224060000,2025-09-30T09:21:00Z,113308.14
1759224120000,2025-09-30T09:22:00Z,113272.51
1759224180000,2025-09-30T09:23:00Z,113300.93
1759224240000,2025-09-30T09:24:00Z,113281.85
1759224300000,2025-09-30T09:25:00Z,113248.32
1759224360000,2025-09-30T09:26:00Z,113261.67
1759224420000,2025-09-30T09:27:00Z,113255.92
1759224480000,2025-09-30T09:28:00Z,113233.75
1759224540000,2025-09-30T09:29:00Z,113254.29
1759224600000,2025-09-30T09:30:00Z,113279.0
1759224660000,2025-09-30T09:31:00Z,113283.01
1759224720000,2025-09-30T09:32:00Z,113248.68
1759224780000,2025-09-30T09:33:00Z,113237.71
1759224840000,2025-09-30T09:34:00Z,113210.01
1759224900000,2025-09-30T09:35:00Z,113188.05
1759224960000,2025-09-30T09:36:00Z,113091.53
1759225020000,2025-09-30T09:37:00Z,113050.0
1759225080000,2025-09-30T09:38:00Z,112989.42
1759225140000,2025-09-30T09:39:00Z,113023.0
1759225200000,2025-09-30T09:40:00Z,112973.54
1759225260000,2025-09-30T09:41:00Z,113045.02
1759225320000,2025-09-30T09:42:00Z,113007.54
1759225380000,2025-09-30T09:43:00Z,112959.32
1759225440000,2025-09-30T09:44:00Z,112983.67
1759225500000,2025-09-30T09:45:00Z,112900.01
1759225560000,2025-09-30T09:46:00Z,112835.07
1759225620000,2025-09-30T09:47:00Z,112895.61
1759225680000,2025-09-30T09:48:00Z,112936.4
1759225740000,2025-09-30T09:49:00Z,112888.69
1759225800000,2025-09-30T09:50:00Z,112854.0
1759225860000,2025-09-30T09:51:00Z,112900.99
1759225920000,2025-09-30T09:52:00Z,112888.4
1759225980000,2025-09-30T09:53:00Z,112871.17
1759226040000,2025-09-30T09:54:00Z,112823.33
1759226100000,2025-09-30T09:55:00Z,112875.55
1759226160000,2025-09-30T09:56:00Z,112838.44
1759226220000,2025-09-30T09:57:00Z,112822.12
1759226280000,2025-09-30T09:58:00Z,112784.75
1759226340000,2025-09-30T09:59:00Z,112781.97
1759226400000,2025-09-30T10:00:00Z,112729.0
1759226460000,2025-09-30T10:01:00Z,112722.01
1759226520000,2025-09-30T10:02:00Z,112723.23
1759226580000,2025-09-30T10:03:00Z,112825.85
1759226640000,2025-09-30T10:04:00Z,112850.0
1759226700000,2025-09-30T10:05:00Z,112853.01
1759226760000,2025-09-30T10:06:00Z,112920.87
1759226820000,2025-09-30T10:07:00Z,112906.15
1759226880000,2025-09-30T10:08:00Z,113009.93
1759226940000,2025-09-30T10:09:00Z,112981.39
1759227000000,2025-09-30T10:10:00Z,112916.33
1759227060000,2025-09-30T10:11:00Z,112907.49
1759227120000,2025-09-30T10:12:00Z,112888.01
1759227180000,2025-09-30T10:13:00Z,112859.91
1759227240000,2025-09-30T10:14:00Z,112858.71
1759227300000,2025-09-30T10:15:00Z,112912.44
1759227360000,2025-09-30T10:16:00Z,112870.01
1759227420000,2025-09-30T10:17:00Z,112825.76
1759227480000,2025-09-30T10:18:00Z,112847.78
1759227540000,2025-09-30T10:19:00Z,112938.66
1759227600000,2025-09-30T10:20:00Z,112856.79
1759227660000,2025-09-30T10:21:00Z,112783.01
1759227720000,2025-09-30T10:22:00Z,112735.07
1759227780000,2025-09-30T10:23:00Z,112725.52
1759227840000,2025-09-30T10:24:00Z,112757.49
1759227900000,2025-09-30T10:25:00Z,112801.23
1759227960000,2025-09-30T10:26:00Z,112868.04
1759228020000,2025-09-30T10:27:00Z,112882.64
1759228080000,2025-09-30T10:28:00Z,112870.73
1759228140000,2025-09-30T10:29:00Z,112837.82
1759228200000,2025-09-30T10:30:00Z,112826.58
1759228260000,2025-09-30T10:31:00Z,112789.95
1759228320000,2025-09-30T10:32:00Z,112800.51
1759228380000,2025-09-30T10:33:00Z,112872.24
1759228440000,2025-09-30T10:34:00Z,112843.0
1759228500000,2025-09-30T10:35:00Z,112843.01
1759228560000,2025-09-30T10:36:00Z,112865.7
1759228620000,2025-09-30T10:37:00Z,112845.59
1759228680000,2025-09-30T10:38:00Z,112826.27
1759228740000,2025-09-30T10:39:00Z,112854.72
1759228800000,2025-09-30T10:40:00Z,112845.99
1759228860000,2025-09-30T10:41:00Z,112895.29
1759228920000,2025-09-30T10:42:00Z,112942.44
1759228980000,2025-09-30T10:43:00Z,112923.7
1759229040000,2025-09-30T10:44:00Z,112897.77
1759229100000,2025-09-30T10:45:00Z,112914.3
1759229160000,2025-09-30T10:46:00Z,112939.36
1759229220000,2025-09-30T10:47:00Z,112951.05
1759229280000,2025-09-30T10:48:00Z,112941.34
1759229340000,2025-09-30T10:49:00Z,112974.37
1759229400000,2025-09-30T10:50:00Z,112952.76
1759229460000,2025-09-30T10:51:00Z,112937.28
1759229520000,2025-09-30T10:52:00Z,112972.71
1759229580000,2025-09-30T10:53:00Z,113023.96
1759229640000,2025-09-30T10:54:00Z,113044.08
1759229700000,2025-09-30T10:55:00Z,113007.34
1759229760000,2025-09-30T10:56:00Z,112975.73
1759229820000,2025-09-30T10:57:00Z,112935.54
1759229880000,2025-09-30T10:58:00Z,112914.5
1759229940000,2025-09-30T10:59:00Z,112923.49
1759230000000,2025-09-30T11:00:00Z,112931.65
1759230060000,2025-09-30T11:01:00Z,112982.0
1759230120000,2025-09-30T11:02:00Z,112977.02
1759230180000,2025-09-30T11:03:00Z,112941.34
1759230240000,2025-09-30T11:04:00Z,112932.27
1759230300000,2025-09-30T11:05:00Z,112932.26
1759230360000,2025-09-30T11:06:00Z,112966.15
1759230420000,2025-09-30T11:07:00Z,112921.74
1759230480000,2025-09-30T11:08:00Z,112923.47
1759230540000,2025-09-30T11:09:00Z,112888.4
1759230600000,2025-09-30T11:10:00Z,112875.41
1759230660000,2025-09-30T11:11:00Z,112886.22
1759230720000,2025-09-30T11:12:00Z,112871.55
1759230780000,2025-09-30T11:13:00Z,112879.99
1759230840000,2025-09-30T11:14:00Z,112881.09
1759230900000,2025-09-30T11:15:00Z,112873.72
1759230960000,2025-09-30T11:16:00Z,112841.96
1759231020000,2025-09-30T11:17:00Z,112868.38
1759231080000,2025-09-30T11:18:00Z,112852.18
1759231140000,2025-09-30T11:19:00Z,112825.36
1759231200000,2025-09-30T11:20:00Z,112877.4
1759231260000,2025-09-30T11:21:00Z,112920.76
1759231320000,2025-09-30T11:22:00Z,112895.36
1759231380000,2025-09-30T11:23:00Z,112814.88
1759231440000,2025-09-30T11:24:00Z,112818.32
1759231500000,2025-09-30T11:25:00Z,112841.0
1759231560000,2025-09-30T11:26:00Z,112824.88
1759231620000,2025-09-30T11:27:00Z,112874.95
1759231680000,2025-09-30T11:28:00Z,112901.71
1759231740000,2025-09-30T11:29:00Z,112927.45
1759231800000,2025-09-30T11:30:00Z,112939.97
1759231860000,2025-09-30T11:31:00Z,112982.02
1759231920000,2025-09-30T11:32:00Z,112917.42
1759231980000,2025-09-30T11:33:00Z,112909.1
1759232040000,2025-09-30T11:34:00Z,112917.85
1759232100000,2025-09-30T11:35:00Z,112966.8
1759232160000,2025-09-30T11:36:00Z,112984.04
1759232220000,2025-09-30T11:37:00Z,112957.41
1759232280000,2025-09-30T11:38:00Z,112976.39
1759232340000,2025-09-30T11:39:00Z,112998.72
1759232400000,2025-09-30T11:40:00Z,113022.77
1759232460000,2025-09-30T11:41:00Z,113050.0
1759232520000,2025-09-30T11:42:00Z,113022.77
1759232580000,2025-09-30T11:43:00Z,113022.77
1759232640000,2025-09-30T11:44:00Z,113012.51
1759232700000,2025-09-30T11:45:00Z,113000.0
1759232760000,2025-09-30T11:46:00Z,112988.41
1759232820000,2025-09-30T11:47:00Z,113059.95
1759232880000,2025-09-30T11:48:00Z,113104.31
1759232940000,2025-09-30T11:49:00Z,113095.61
1759233000000,2025-09-30T11:50:00Z,113111.31
1759233060000,2025-09-30T11:51:00Z,113088.95
1759233120000,2025-09-30T11:52:00Z,113078.42
1759233180000,2025-09-30T11:53:00Z,113073.22
1759233240000,2025-09-30T11:54:00Z,113055.2
1759233300000,2025-09-30T11:55:00Z,113074.71
1759233360000,2025-09-30T11:56:00Z,113074.71
1759233420000,2025-09-30T11:57:00Z,113075.17
1759233480000,2025-09-30T11:58:00Z,113078.06
1759233540000,2025-09-30T11:59:00Z,113055.01
1759233600000,2025-09-30T12:00:00Z,113044.75
1759233660000,2025-09-30T12:01:00Z,112991.0
1759233720000,2025-09-30T12:02:00Z,113038.0
1759233780000,2025-09-30T12:03:00Z,112998.58
1759233840000,2025-09-30T12:04:00Z,113009.99
1759233900000,2025-09-30T12:05:00Z,113027.52
1759233960000,2025-09-30T12:06:00Z,113098.51
1759234020000,2025-09-30T12:07:00Z,113099.98
1759234080000,2025-09-30T12:08:00Z,113108.27
1759234140000,2025-09-30T12:09:00Z,113073.4
1759234200000,2025-09-30T12:10:00Z,113032.14
1759234260000,2025-09-30T12:11:00Z,113020.32
1759234320000,2025-09-30T12:12:00Z,113063.98
1759234380000,2025-09-30T12:13:00Z,113070.74
1759234440000,2025-09-30T12:14:00Z,113021.92
1759234500000,2025-09-30T12:15:00Z,113036.57
1759234560000,2025-09-30T12:16:00Z,113048.95
1759234620000,2025-09-30T12:17:00Z,113071.49
1759234680000,2025-09-30T12:18:00Z,113034.98
1759234740000,2025-09-30T12:19:00Z,113057.73
1759234800000,2025-09-30T12:20:00Z,113044.92
1759234860000,2025-09-30T12:21:00Z,113065.35
1759234920000,2025-09-30T12:22:00Z,113072.08
1759234980000,2025-09-30T12:23:00Z,113052.68
1759235040000,2025-09-30T12:24:00Z,113022.1
1759235100000,2025-09-30T12:25:00Z,113053.59
1759235160000,2025-09-30T12:26:00Z,113090.03
1759235220000,2025-09-30T12:27:00Z,113056.8
1759235280000,2025-09-30T12:28:00Z,113061.3
1759235340000,2025-09-30T12:29:00Z,113085.52
1759235400000,2025-09-30T12:30:00Z,113073.63
1759235460000,2025-09-30T12:31:00Z,113088.51
1759235520000,2025-09-30T12:32:00Z,113149.99
1759235580000,2025-09-30T12:33:00Z,113155.24
1759235640000,2025-09-30T12:34:00Z,113136.68
1759235700000,2025-09-30T12:35:00Z,113136.69
1759235760000,2025-09-30T12:36:00Z,113112.22
1759235820000,2025-09-30T12:37:00Z,113174.69
1759235880000,2025-09-30T12:38:00Z,113220.0
1759235940000,2025-09-30T12:39:00Z,113243.54
1759236000000,2025-09-30T12:40:00Z,113208.67
1759236060000,2025-09-30T12:41:00Z,113202.6
1759236120000,2025-09-30T12:42:00Z,113200.1
1759236180000,2025-09-30T12:43:00Z,113250.51
1759236240000,2025-09-30T12:44:00Z,113236.46
1759236300000,2025-09-30T12:45:00Z,113239.4
1759236360000,2025-09-30T12:46:00Z,113229.25
1759236420000,2025-09-30T12:47:00Z,113215.35
1759236480000,2025-09-30T12:48:00Z,113188.8
1759236540000,2025-09-30T12:49:00Z,113179.79
1759236600000,2025-09-30T12:50:00Z,113170.95
1759236660000,2025-09-30T12:51:00Z,113170.96
1759236720000,2025-09-30T12:52:00Z,113170.54
1759236780000,2025-09-30T12:53:00Z,113156.45
1759236840000,2025-09-30T12:54:00Z,113126.77
1759236900000,2025-09-30T12:55:00Z,113099.99
1759236960000,2025-09-30T12:56:00Z,113126.77
1759237020000,2025-09-30T12:57:00Z,113099.52
1759237080000,2025-09-30T12:58:00Z,112990.76
1759237140000,2025-09-30T12:59:00Z,113002.06
1759237200000,2025-09-30T13:00:00Z,112977.97
1759237260000,2025-09-30T13:01:00Z,112942.1
1759237320000,2025-09-30T13:02:00Z,112943.08
1759237380000,2025-09-30T13:03:00Z,112992.96
1759237440000,2025-09-30T13:04:00Z,112916.91
1759237500000,2025-09-30T13:05:00Z,112887.53
1759237560000,2025-09-30T13:06:00Z,112925.99
1759237620000,2025-09-30T13:07:00Z,112927.83
1759237680000,2025-09-30T13:08:00Z,112985.22
1759237740000,2025-09-30T13:09:00Z,112997.2
1759237800000,2025-09-30T13:10:00Z,113092.47
1759237860000,2025-09-30T13:11:00Z,113068.92
1759237920000,2025-09-30T13:12:00Z,113057.88
1759237980000,2025-09-30T13:13:00Z,113064.0
1759238040000,2025-09-30T13:14:00Z,113040.43
1759238100000,2025-09-30T13:15:00Z,113047.5
1759238160000,2025-09-30T13:16:00Z,113052.21
1759238220000,2025-09-30T13:17:00Z,113095.0
1759238280000,2025-09-30T13:18:00Z,113094.99
1759238340000,2025-09-30T13:19:00Z,113149.99
1759238400000,2025-09-30T13:20:00Z,113215.42
1759238460000,2025-09-30T13:21:00Z,113286.79
1759238520000,2025-09-30T13:22:00Z,113248.99
1759238580000,2025-09-30T13:23:00Z,113248.39
1759238640000,2025-09-30T13:24:00Z,113204.35
1759238700000,2025-09-30T13:25:00Z,113263.83
1759238760000,2025-09-30T13:26:00Z,113290.64
1759238820000,2025-09-30T13:27:00Z,113287.13
1759238880000,2025-09-30T13:28:00Z,113284.44
1759238940000,2025-09-30T13:29:00Z,113319.99
1759239000000,2025-09-30T13:30:00Z,113264.82
1759239060000,2025-09-30T13:31:00Z,113251.3
1759239120000,2025-09-30T13:32:00Z,113201.52
1759239180000,2025-09-30T13:33:00Z,113188.2
1759239240000,2025-09-30T13:34:00Z,113313.02
1759239300000,2025-09-30T13:35:00Z,113245.29
1759239360000,2025-09-30T13:36:00Z,113279.24
1759239420000,2025-09-30T13:37:00Z,113227.28
1759239480000,2025-09-30T13:38:00Z,113399.24
1759239540000,2025-09-30T13:39:00Z,113411.8
1759239600000,2025-09-30T13:40:00Z,113353.69
1759239660000,2025-09-30T13:41:00Z,113315.0
1759239720000,2025-09-30T13:42:00Z,113368.26
1759239780000,2025-09-30T13:43:00Z,113468.7
1759239840000,2025-09-30T13:44:00Z,113528.27
1759239900000,2025-09-30T13:45:00Z,113552.56
1759239960000,2025-09-30T13:46:00Z,113603.9
1759240020000,2025-09-30T13:47:00Z,113566.01
1759240080000,2025-09-30T13:48:00Z,113558.6
1759240140000,2025-09-30T13:49:00Z,113459.01
1759240200000,2025-09-30T13:50:00Z,113419.11
1759240260000,2025-09-30T13:51:00Z,113357.01
1759240320000,2025-09-30T13:52:00Z,113345.05
1759240380000,2025-09-30T13:53:00Z,113295.38
1759240440000,2025-09-30T13:54:00Z,113239.28
1759240500000,2025-09-30T13:55:00Z,113288.88
1759240560000,2025-09-30T13:56:00Z,113385.57
1759240620000,2025-09-30T13:57:00Z,113379.86
1759240680000,2025-09-30T13:58:00Z,113362.79
1759240740000,2025-09-30T13:59:00Z,113404.53
1759240800000,2025-09-30T14:00:00Z,113336.12
1759240860000,2025-09-30T14:01:00Z,113381.2
1759240920000,2025-09-30T14:02:00Z,113294.84
1759240980000,2025-09-30T14:03:00Z,113282.26
1759241040000,2025-09-30T14:04:00Z,113175.27
1759241100000,2025-09-30T14:05:00Z,113090.94
1759241160000,2025-09-30T14:06:00Z,113005.11
1759241220000,2025-09-30T14:07:00Z,112999.56
1759241280000,2025-09-30T14:08:00Z,113007.64
1759241340000,2025-09-30T14:09:00Z,113066.6
1759241400000,2025-09-30T14:10:00Z,112943.83
1759241460000,2025-09-30T14:11:00Z,113068.02
1759241520000,2025-09-30T14:12:00Z,113195.6
1759241580000,2025-09-30T14:13:00Z,113124.58
1759241640000,2025-09-30T14:14:00Z,113135.93
1759241700000,2025-09-30T14:15:00Z,113158.85
1759241760000,2025-09-30T14:16:00Z,113181.85
1759241820000,2025-09-30T14:17:00Z,113246.3
1759241880000,2025-09-30T14:18:00Z,113250.46
1759241940000,2025-09-30T14:19:00Z,113195.97
1759242000000,2025-09-30T14:20:00Z,113200.02
1759242060000,2025-09-30T14:21:00Z,113207.16
1759242120000,2025-09-30T14:22:00Z,113283.38
1759242180000,2025-09-30T14:23:00Z,113190.7
1759242240000,2025-09-30T14:24:00Z,113117.46
1759242300000,2025-09-30T14:25:00Z,113046.55
1759242360000,2025-09-30T14:26:00Z,113026.69
1759242420000,2025-09-30T14:27:00Z,113023.93
1759242480000,2025-09-30T14:28:00Z,113050.28
1759242540000,2025-09-30T14:29:00Z,113100.78
1759242600000,2025-09-30T14:30:00Z,113140.0
1759242660000,2025-09-30T14:31:00Z,113189.18
1759242720000,2025-09-30T14:32:00Z,113199.07
1759242780000,2025-09-30T14:33:00Z,113115.1
1759242840000,2025-09-30T14:34:00Z,113122.83
1759242900000,2025-09-30T14:35:00Z,113145.8
1759242960000,2025-09-30T14:36:00Z,113188.52
1759243020000,2025-09-30T14:37:00Z,113241.7
1759243080000,2025-09-30T14:38:00Z,113156.57
1759243140000,2025-09-30T14:39:00Z,113118.43
1759243200000,2025-09-30T14:40:00Z,113132.14
1759243260000,2025-09-30T14:41:00Z,113212.08
1759243320000,2025-09-30T14:42:00Z,113197.24
1759243380000,2025-09-30T14:43:00Z,113201.83
1759243440000,2025-09-30T14:44:00Z,113223.17
1759243500000,2025-09-30T14:45:00Z,113245.59
1759243560000,2025-09-30T14:46:00Z,113177.37
1759243620000,2025-09-30T14:47:00Z,113227.96
1759243680000,2025-09-30T14:48:00Z,113385.0
1759243740000,2025-09-30T14:49:00Z,113497.26
1759243800000,2025-09-30T14:50:00Z,113461.19
1759243860000,2025-09-30T14:51:00Z,113437.47
1759243920000,2025-09-30T14:52:00Z,113426.87
1759243980000,2025-09-30T14:53:00Z,113500.42
1759244040000,2025-09-30T14:54:00Z,113464.1
1759244100000,2025-09-30T14:55:00Z,113547.39
1759244160000,2025-09-30T14:56:00Z,113571.18
1759244220000,2025-09-30T14:57:00Z,113596.49
1759244280000,2025-09-30T14:58:00Z,113606.98
1759244340000,2025-09-30T14:59:00Z,113595.05
1759244400000,2025-09-30T15:00:00Z,113539.75
1759244460000,2025-09-30T15:01:00Z,113537.35
1759244520000,2025-09-30T15:02:00Z,113459.53
1759244580000,2025-09-30T15:03:00Z,113441.85
1759244640000,2025-09-30T15:04:00Z,113459.99
1759244700000,2025-09-30T15:05:00Z,113432.54
1759244760000,2025-09-30T15:06:00Z,113380.36
1759244820000,2025-09-30T15:07:00Z,113379.24
1759244880000,2025-09-30T15:08:00Z,113358.77
1759244940000,2025-09-30T15:09:00Z,113379.83
1759245000000,2025-09-30T15:10:00Z,113298.97
1759245060000,2025-09-30T15:11:00Z,113175.15
1759245120000,2025-09-30T15:12:00Z,113210.22
1759245180000,2025-09-30T15:13:00Z,113254.08
1759245240000,2025-09-30T15:14:00Z,113219.51
1759245300000,2025-09-30T15:15:00Z,113234.5
1759245360000,2025-09-30T15:16:00Z,113266.99
1759245420000,2025-09-30T15:17:00Z,113230.04
1759245480000,2025-09-30T15:18:00Z,113225.14
1759245540000,2025-09-30T15:19:00Z,113122.62
1759245600000,2025-09-30T15:20:00Z,113081.95
1759245660000,2025-09-30T15:21:00Z,113084.69
1759245720000,2025-09-30T15:22:00Z,113095.49
1759245780000,2025-09-30T15:23:00Z,113085.69
1759245840000,2025-09-30T15:24:00Z,113142.45
1759245900000,2025-09-30T15:25:00Z,113099.75
1759245960000,2025-09-30T15:26:00Z,112956.69
1759246020000,2025-09-30T15:27:00Z,112999.78
1759246080000,2025-09-30T15:28:00Z,112983.49
1759246140000,2025-09-30T15:29:00Z,113050.33
1759246200000,2025-09-30T15:30:00Z,113138.63
1759246260000,2025-09-30T15:31:00Z,113179.9
1759246320000,2025-09-30T15:32:00Z,113197.2
1759246380000,2025-09-30T15:33:00Z,113173.56
1759246440000,2025-09-30T15:34:00Z,113244.21
1759246500000,2025-09-30T15:35:00Z,113113.07
1759246560000,2025-09-30T15:36:00Z,113102.58
1759246620000,2025-09-30T15:37:00Z,113147.64
1759246680000,2025-09-30T15:38:00Z,113063.71
1759246740000,2025-09-30T15:39:00Z,113039.6
1759246800000,2025-09-30T15:40:00Z,113099.99
1759246860000,2025-09-30T15:41:00Z,113063.36
1759246920000,2025-09-30T15:42:00Z,113129.13
1759246980000,2025-09-30T15:43:00Z,113056.9
1759247040000,2025-09-30T15:44:00Z,113060.82
1759247100000,2025-09-30T15:45:00Z,113087.38
1759247160000,2025-09-30T15:46:00Z,113023.01
1759247220000,2025-09-30T15:47:00Z,113021.99
1759247280000,2025-09-30T15:48:00Z,113021.4
1759247340000,2025-09-30T15:49:00Z,113107.72
1759247400000,2025-09-30T15:50:00Z,113160.0
1759247460000,2025-09-30T15:51:00Z,113167.6
1759247520000,2025-09-30T15:52:00Z,113190.94
1759247580000,2025-09-30T15:53:00Z,113155.26
1759247640000,2025-09-30T15:54:00Z,113114.0
1759247700000,2025-09-30T15:55:00Z,113080.07
1759247760000,2025-09-30T15:56:00Z,113055.29
1759247820000,2025-09-30T15:57:00Z,113126.49
1759247880000,2025-09-30T15:58:00Z,113111.09
1759247940000,2025-09-30T15:59:00Z,113106.16
1759248000000,2025-09-30T16:00:00Z,113074.3
1759248060000,2025-09-30T16:01:00Z,113156.0
1759248120000,2025-09-30T16:02:00Z,113136.92
1759248180000,2025-09-30T16:03:00Z,113136.93
1759248240000,2025-09-30T16:04:00Z,113106.4
1759248300000,2025-09-30T16:05:00Z,113145.22
1759248360000,2025-09-30T16:06:00Z,113159.64
1759248420000,2025-09-30T16:07:00Z,113170.19
1759248480000,2025-09-30T16:08:00Z,113141.97
1759248540000,2025-09-30T16:09:00Z,113131.99
1759248600000,2025-09-30T16:10:00Z,113081.26
1759248660000,2025-09-30T16:11:00Z,113096.73
1759248720000,2025-09-30T16:12:00Z,113055.29
1759248780000,2025-09-30T16:13:00Z,113006.55
1759248840000,2025-09-30T16:14:00Z,113069.39
1759248900000,2025-09-30T16:15:00Z,113089.35
1759248960000,2025-09-30T16:16:00Z,113057.39
1759249020000,2025-09-30T16:17:00Z,113045.55
1759249080000,2025-09-30T16:18:00Z,113085.45
1759249140000,2025-09-30T16:19:00Z,113122.59
1759249200000,2025-09-30T16:20:00Z,113100.48
1759249260000,2025-09-30T16:21:00Z,113279.91
1759249320000,2025-09-30T16:22:00Z,113226.59
1759249380000,2025-09-30T16:23:00Z,113192.24
1759249440000,2025-09-30T16:24:00Z,113167.54
1759249500000,2025-09-30T16:25:00Z,113088.08
1759249560000,2025-09-30T16:26:00Z,113042.29
1759249620000,2025-09-30T16:27:00Z,113049.88
1759249680000,2025-09-30T16:28:00Z,113099.98
1759249740000,2025-09-30T16:29:00Z,113062.01
1759249800000,2025-09-30T16:30:00Z,113088.24
1759249860000,2025-09-30T16:31:00Z,113046.48
1759249920000,2025-09-30T16:32:00Z,113021.24
1759249980000,2025-09-30T16:33:00Z,112960.37
1759250040000,2025-09-30T16:34:00Z,112955.64
1759250100000,2025-09-30T16:35:00Z,112962.21
1759250160000,2025-09-30T16:36:00Z,112979.69
1759250220000,2025-09-30T16:37:00Z,112972.72
1759250280000,2025-09-30T16:38:00Z,112931.14
1759250340000,2025-09-30T16:39:00Z,112953.75
1759250400000,2025-09-30T16:40:00Z,112934.01
1759250460000,2025-09-30T16:41:00Z,112850.01
1759250520000,2025-09-30T16:42:00Z,112830.35
1759250580000,2025-09-30T16:43:00Z,112859.28
1759250640000,2025-09-30T16:44:00Z,112930.64
1759250700000,2025-09-30T16:45:00Z,112944.5
1759250760000,2025-09-30T16:46:00Z,112880.3
1759250820000,2025-09-30T16:47:00Z,112859.84
1759250880000,2025-09-30T16:48:00Z,112830.64
1759250940000,2025-09-30T16:49:00Z,112876.37
1759251000000,2025-09-30T16:50:00Z,112846.27
1759251060000,2025-09-30T16:51:00Z,112856.99
1759251120000,2025-09-30T16:52:00Z,112867.77
1759251180000,2025-09-30T16:53:00Z,112840.17
1759251240000,2025-09-30T16:54:00Z,112804.0
1759251300000,2025-09-30T16:55:00Z,112823.65
1759251360000,2025-09-30T16:56:00Z,112800.01
1759251420000,2025-09-30T16:57:00Z,112832.5
1759251480000,2025-09-30T16:58:00Z,112808.69
1759251540000,2025-09-30T16:59:00Z,112841.24
1759251600000,2025-09-30T17:00:00Z,112876.27
1759251660000,2025-09-30T17:01:00Z,112878.08
1759251720000,2025-09-30T17:02:00Z,112892.69
1759251780000,2025-09-30T17:03:00Z,112911.02
1759251840000,2025-09-30T17:04:00Z,112986.8
1759251900000,2025-09-30T17:05:00Z,113100.0
1759251960000,2025-09-30T17:06:00Z,113138.8
1759252020000,2025-09-30T17:07:00Z,113124.55
1759252080000,2025-09-30T17:08:00Z,113113.76
1759252140000,2025-09-30T17:09:00Z,113079.07
1759252200000,2025-09-30T17:10:00Z,113082.86
1759252260000,2025-09-30T17:11:00Z,113071.02
1759252320000,2025-09-30T17:12:00Z,113100.98
1759252380000,2025-09-30T17:13:00Z,113062.02
1759252440000,2025-09-30T17:14:00Z,113133.6
1759252500000,2025-09-30T17:15:00Z,113141.98
1759252560000,2025-09-30T17:16:00Z,113141.97
1759252620000,2025-09-30T17:17:00Z,113216.55
1759252680000,2025-09-30T17:18:00Z,113200.04
1759252740000,2025-09-30T17:19:00Z,113223.55
1759252800000,2025-09-30T17:20:00Z,113279.91
1759252860000,2025-09-30T17:21:00Z,113245.58
1759252920000,2025-09-30T17:22:00Z,113193.68
1759252980000,2025-09-30T17:23:00Z,113188.31
1759253040000,2025-09-30T17:24:00Z,113249.43
1759253100000,2025-09-30T17:25:00Z,113279.93
1759253160000,2025-09-30T17:26:00Z,113226.59
1759253220000,2025-09-30T17:27:00Z,113196.8
1759253280000,2025-09-30T17:28:00Z,113202.28
1759253340000,2025-09-30T17:29:00Z,113243.0
1759253400000,2025-09-30T17:30:00Z,113221.29
1759253460000,2025-09-30T17:31:00Z,113230.54
1759253520000,2025-09-30T17:32:00Z,113245.52
1759253580000,2025-09-30T17:33:00Z,113270.1
1759253640000,2025-09-30T17:34:00Z,113241.79
1759253700000,2025-09-30T17:35:00Z,113279.92
1759253760000,2025-09-30T17:36:00Z,113257.27
1759253820000,2025-09-30T17:37:00Z,113280.36
1759253880000,2025-09-30T17:38:00Z,113342.41
1759253940000,2025-09-30T17:39:00Z,113395.54
1759254000000,2025-09-30T17:40:00Z,113423.7
1759254060000,2025-09-30T17:41:00Z,113483.87
1759254120000,2025-09-30T17:42:00Z,113503.98
1759254180000,2025-09-30T17:43:00Z,113407.99
1759254240000,2025-09-30T17:44:00Z,113292.36
1759254300000,2025-09-30T17:45:00Z,113266.36
1759254360000,2025-09-30T17:46:00Z,113279.93
1759254420000,2025-09-30T17:47:00Z,113273.98
1759254480000,2025-09-30T17:48:00Z,113228.68
1759254540000,2025-09-30T17:49:00Z,113263.0
1759254600000,2025-09-30T17:50:00Z,113324.91
1759254660000,2025-09-30T17:51:00Z,113361.11
1759254720000,2025-09-30T17:52:00Z,113384.99
1759254780000,2025-09-30T17:53:00Z,113364.58
1759254840000,2025-09-30T17:54:00Z,113331.73
1759254900000,2025-09-30T17:55:00Z,113340.94
1759254960000,2025-09-30T17:56:00Z,113254.8
1759255020000,2025-09-30T17:57:00Z,113300.56
1759255080000,2025-09-30T17:58:00Z,113267.41
1759255140000,2025-09-30T17:59:00Z,113246.11
1759255200000,2025-09-30T18:00:00Z,113194.87
1759255260000,2025-09-30T18:01:00Z,113232.3
1759255320000,2025-09-30T18:02:00Z,113223.55
1759255380000,2025-09-30T18:03:00Z,113226.6
1759255440000,2025-09-30T18:04:00Z,113218.11
1759255500000,2025-09-30T18:05:00Z,113252.19
1759255560000,2025-09-30T18:06:00Z,113269.19
1759255620000,2025-09-30T18:07:00Z,113283.04
1759255680000,2025-09-30T18:08:00Z,113283.02
1759255740000,2025-09-30T18:09:00Z,113330.84
1759255800000,2025-09-30T18:10:00Z,113406.32
1759255860000,2025-09-30T18:11:00Z,113434.07
1759255920000,2025-09-30T18:12:00Z,113462.26
1759255980000,2025-09-30T18:13:00Z,113513.52
1759256040000,2025-09-30T18:14:00Z,113513.52
1759256100000,2025-09-30T18:15:00Z,113521.59
1759256160000,2025-09-30T18:16:00Z,113481.32
1759256220000,2025-09-30T18:17:00Z,113457.1
1759256280000,2025-09-30T18:18:00Z,113424.07
1759256340000,2025-09-30T18:19:00Z,113453.87
1759256400000,2025-09-30T18:20:00Z,113392.25
1759256460000,2025-09-30T18:21:00Z,113383.55
1759256520000,2025-09-30T18:22:00Z,113374.32
1759256580000,2025-09-30T18:23:00Z,113430.0
1759256640000,2025-09-30T18:24:00Z,113470.02
1759256700000,2025-09-30T18:25:00Z,113470.01
1759256760000,2025-09-30T18:26:00Z,113458.17
1759256820000,2025-09-30T18:27:00Z,113444.21
1759256880000,2025-09-30T18:28:00Z,113467.01
1759256940000,2025-09-30T18:29:00Z,113465.66
1759257000000,2025-09-30T18:30:00Z,113483.01
1759257060000,2025-09-30T18:31:00Z,113440.56
1759257120000,2025-09-30T18:32:00Z,113392.25
1759257180000,2025-09-30T18:33:00Z,113340.96
1759257240000,2025-09-30T18:34:00Z,113384.99
1759257300000,2025-09-30T18:35:00Z,113434.18
1759257360000,2025-09-30T18:36:00Z,113429.0
1759257420000,2025-09-30T18:37:00Z,113427.22
1759257480000,2025-09-30T18:38:00Z,113433.8
1759257540000,2025-09-30T18:39:00Z,113440.52
1759257600000,2025-09-30T18:40:00Z,113403.45
1759257660000,2025-09-30T18:41:00Z,113411.62
1759257720000,2025-09-30T18:42:00Z,113446.69
1759257780000,2025-09-30T18:43:00Z,113458.8
1759257840000,2025-09-30T18:44:00Z,113458.81
1759257900000,2025-09-30T18:45:00Z,113483.89
1759257960000,2025-09-30T18:46:00Z,113488.6
1759258020000,2025-09-30T18:47:00Z,113504.79
1759258080000,2025-09-30T18:48:00Z,113504.8
1759258140000,2025-09-30T18:49:00Z,113532.36
1759258200000,2025-09-30T18:50:00Z,113538.62
1759258260000,2025-09-30T18:51:00Z,113527.12
1759258320000,2025-09-30T18:52:00Z,113569.99
1759258380000,2025-09-30T18:53:00Z,113652.01
1759258440000,2025-09-30T18:54:00Z,113624.75
1759258500000,2025-09-30T18:55:00Z,113664.02
1759258560000,2025-09-30T18:56:00Z,113675.82
1759258620000,2025-09-30T18:57:00Z,113699.99
1759258680000,2025-09-30T18:58:00Z,113700.0
1759258740000,2025-09-30T18:59:00Z,113714.56
1759258800000,2025-09-30T19:00:00Z,113747.76
1759258860000,2025-09-30T19:01:00Z,113842.2
1759258920000,2025-09-30T19:02:00Z,113899.99
1759258980000,2025-09-30T19:03:00Z,113881.85
1759259040000,2025-09-30T19:04:00Z,113892.99
1759259100000,2025-09-30T19:05:00Z,113853.12
1759259160000,2025-09-30T19:06:00Z,113749.58
1759259220000,2025-09-30T19:07:00Z,113747.4
1759259280000,2025-09-30T19:08:00Z,113782.34
1759259340000,2025-09-30T19:09:00Z,113806.86
1759259400000,2025-09-30T19:10:00Z,113841.74
1759259460000,2025-09-30T19:11:00Z,113834.08
1759259520000,2025-09-30T19:12:00Z,113794.6
1759259580000,2025-09-30T19:13:00Z,113805.97
1759259640000,2025-09-30T19:14:00Z,113868.09
1759259700000,2025-09-30T19:15:00Z,113896.89
1759259760000,2025-09-30T19:16:00Z,113846.87
1759259820000,2025-09-30T19:17:00Z,113801.01
1759259880000,2025-09-30T19:18:00Z,113811.9
1759259940000,2025-09-30T19:19:00Z,113831.56
1759260000000,2025-09-30T19:20:00Z,113920.19
1759260060000,2025-09-30T19:21:00Z,113970.32
1759260120000,2025-09-30T19:22:00Z,113949.8
1759260180000,2025-09-30T19:23:00Z,113917.29
1759260240000,2025-09-30T19:24:00Z,113893.55
1759260300000,2025-09-30T19:25:00Z,113908.17
1759260360000,2025-09-30T19:26:00Z,113927.24
1759260420000,2025-09-30T19:27:00Z,113927.23
1759260480000,2025-09-30T19:28:00Z,113943.47
1759260540000,2025-09-30T19:29:00Z,113945.66
1759260600000,2025-09-30T19:30:00Z,114022.91
1759260660000,2025-09-30T19:31:00Z,114214.63
1759260720000,2025-09-30T19:32:00Z,114175.33
1759260780000,2025-09-30T19:33:00Z,114101.47
1759260840000,2025-09-30T19:34:00Z,114129.36
1759260900000,2025-09-30T19:35:00Z,114199.46
1759260960000,2025-09-30T19:36:00Z,114234.46
1759261020000,2025-09-30T19:37:00Z,114169.0
1759261080000,2025-09-30T19:38:00Z,114162.76
1759261140000,2025-09-30T19:39:00Z,114111.42
1759261200000,2025-09-30T19:40:00Z,114072.99
1759261260000,2025-09-30T19:41:00Z,114198.42
1759261320000,2025-09-30T19:42:00Z,114212.56
1759261380000,2025-09-30T19:43:00Z,114260.0
1759261440000,2025-09-30T19:44:00Z,114212.51
1759261500000,2025-09-30T19:45:00Z,114204.5
1759261560000,2025-09-30T19:46:00Z,114259.35
1759261620000,2025-09-30T19:47:00Z,114252.99
1759261680000,2025-09-30T19:48:00Z,114284.76
1759261740000,2025-09-30T19:49:00Z,114326.77
1759261800000,2025-09-30T19:50:00Z,114340.21
1759261860000,2025-09-30T19:51:00Z,114420.68
1759261920000,2025-09-30T19:52:00Z,114438.0
1759261980000,2025-09-30T19:53:00Z,114490.73
1759262040000,2025-09-30T19:54:00Z,114502.6
1759262100000,2025-09-30T19:55:00Z,114500.85
1759262160000,2025-09-30T19:56:00Z,114366.34
1759262220000,2025-09-30T19:57:00Z,114425.35
1759262280000,2025-09-30T19:58:00Z,114396.84
1759262340000,2025-09-30T19:59:00Z,114359.99
1759262400000,2025-09-30T20:00:00Z,114496.61
1759262460000,2025-09-30T20:01:00Z,114436.63
1759262520000,2025-09-30T20:02:00Z,114317.81
1759262580000,2025-09-30T20:03:00Z,114258.5
1759262640000,2025-09-30T20:04:00Z,114318.49
1759262700000,2025-09-30T20:05:00Z,114272.13
1759262760000,2025-09-30T20:06:00Z,114273.36
1759262820000,2025-09-30T20:07:00Z,114203.75
1759262880000,2025-09-30T20:08:00Z,114168.98
1759262940000,2025-09-30T20:09:00Z,114186.75
1759263000000,2025-09-30T20:10:00Z,114140.51
1759263060000,2025-09-30T20:11:00Z,114190.54
1759263120000,2025-09-30T20:12:00Z,114245.71
1759263180000,2025-09-30T20:13:00Z,114181.66
1759263240000,2025-09-30T20:14:00Z,114167.71
1759263300000,2025-09-30T20:15:00Z,114172.85
1759263360000,2025-09-30T20:16:00Z,114226.12
1759263420000,2025-09-30T20:17:00Z,114215.38
1759263480000,2025-09-30T20:18:00Z,114170.43
1759263540000,2025-09-30T20:19:00Z,114204.59
1759263600000,2025-09-30T20:20:00Z,114241.99
1759263660000,2025-09-30T20:21:00Z,114278.04
1759263720000,2025-09-30T20:22:00Z,114379.99
1759263780000,2025-09-30T20:23:00Z,114434.02
1759263840000,2025-09-30T20:24:00Z,114445.99
1759263900000,2025-09-30T20:25:00Z,114458.98
1759263960000,2025-09-30T20:26:00Z,114443.85
1759264020000,2025-09-30T20:27:00Z,114412.01
1759264080000,2025-09-30T20:28:00Z,114389.13
1759264140000,2025-09-30T20:29:00Z,114387.29
1759264200000,2025-09-30T20:30:00Z,114360.0
1759264260000,2025-09-30T20:31:00Z,114366.26
1759264320000,2025-09-30T20:32:00Z,114366.27
1759264380000,2025-09-30T20:33:00Z,114405.46
1759264440000,2025-09-30T20:34:00Z,114350.1
1759264500000,2025-09-30T20:35:00Z,114340.22
1759264560000,2025-09-30T20:36:00Z,114355.31
1759264620000,2025-09-30T20:37:00Z,114341.39
1759264680000,2025-09-30T20:38:00Z,114340.22
1759264740000,2025-09-30T20:39:00Z,114358.99
1759264800000,2025-09-30T20:40:00Z,114351.25
1759264860000,2025-09-30T20:41:00Z,114340.95
1759264920000,2025-09-30T20:42:00Z,114328.37
1759264980000,2025-09-30T20:43:00Z,114336.94
1759265040000,2025-09-30T20:44:00Z,114307.51
1759265100000,2025-09-30T20:45:00Z,114330.99
1759265160000,2025-09-30T20:46:00Z,114376.75
1759265220000,2025-09-30T20:47:00Z,114466.09
1759265280000,2025-09-30T20:48:00Z,114476.67
1759265340000,2025-09-30T20:49:00Z,114408.33
1759265400000,2025-09-30T20:50:00Z,114451.42
1759265460000,2025-09-30T20:51:00Z,114399.35
1759265520000,2025-09-30T20:52:00Z,114435.0
1759265580000,2025-09-30T20:53:00Z,114518.3
1759265640000,2025-09-30T20:54:00Z,114695.65
1759265700000,2025-09-30T20:55:00Z,114657.55
1759265760000,2025-09-30T20:56:00Z,114590.45
1759265820000,2025-09-30T20:57:00Z,114620.58
1759265880000,2025-09-30T20:58:00Z,114650.19
1759265940000,2025-09-30T20:59:00Z,114626.36
1759266000000,2025-09-30T21:00:00Z,114714.41
1759266060000,2025-09-30T21:01:00Z,114677.01
1759266120000,2025-09-30T21:02:00Z,114732.93
1759266180000,2025-09-30T21:03:00Z,114733.64
1759266240000,2025-09-30T21:04:00Z,114742.53
1759266300000,2025-09-30T21:05:00Z,114714.98
1759266360000,2025-09-30T21:06:00Z,114727.44
1759266420000,2025-09-30T21:07:00Z,114738.59
1759266480000,2025-09-30T21:08:00Z,114736.12
1759266540000,2025-09-30T21:09:00Z,114746.49
1759266600000,2025-09-30T21:10:00Z,114701.49
1759266660000,2025-09-30T21:11:00Z,114638.0
1759266720000,2025-09-30T21:12:00Z,114524.01
1759266780000,2025-09-30T21:13:00Z,114480.22
1759266840000,2025-09-30T21:14:00Z,114386.13
1759266900000,2025-09-30T21:15:00Z,114504.9
1759266960000,2025-09-30T21:16:00Z,114511.57
1759267020000,2025-09-30T21:17:00Z,114501.44
1759267080000,2025-09-30T21:18:00Z,114501.04
1759267140000,2025-09-30T21:19:00Z,114396.02
1759267200000,2025-09-30T21:20:00Z,114391.7
1759267260000,2025-09-30T21:21:00Z,114426.77
1759267320000,2025-09-30T21:22:00Z,114459.04
1759267380000,2025-09-30T21:23:00Z,114455.82
1759267440000,2025-09-30T21:24:00Z,114461.05
1759267500000,2025-09-30T21:25:00Z,114414.14
1759267560000,2025-09-30T21:26:00Z,114395.23
1759267620000,2025-09-30T21:27:00Z,114387.12
1759267680000,2025-09-30T21:28:00Z,114372.93
1759267740000,2025-09-30T21:29:00Z,114292.18
1759267800000,2025-09-30T21:30:00Z,114265.68
1759267860000,2025-09-30T21:31:00Z,114210.98
1759267920000,2025-09-30T21:32:00Z,114281.35
1759267980000,2025-09-30T21:33:00Z,114281.35
1759268040000,2025-09-30T21:34:00Z,114208.69
1759268100000,2025-09-30T21:35:00Z,114353.48
1759268160000,2025-09-30T21:36:00Z,114379.99
1759268220000,2025-09-30T21:37:00Z,114459.43
1759268280000,2025-09-30T21:38:00Z,114463.99
1759268340000,2025-09-30T21:39:00Z,114451.0
1759268400000,2025-09-30T21:40:00Z,114426.96
1759268460000,2025-09-30T21:41:00Z,114361.38
1759268520000,2025-09-30T21:42:00Z,114342.7
1759268580000,2025-09-30T21:43:00Z,114408.51
1759268640000,2025-09-30T21:44:00Z,114372.93
1759268700000,2025-09-30T21:45:00Z,114365.77
1759268760000,2025-09-30T21:46:00Z,114341.76
1759268820000,2025-09-30T21:47:00Z,114281.79
1759268880000,2025-09-30T21:48:00Z,114326.79
1759268940000,2025-09-30T21:49:00Z,114344.26
1759269000000,2025-09-30T21:50:00Z,114333.36
1759269060000,2025-09-30T21:51:00Z,114281.79
1759269120000,2025-09-30T21:52:00Z,114267.01
1759269180000,2025-09-30T21:53:00Z,114359.87
1759269240000,2025-09-30T21:54:00Z,114371.56
1759269300000,2025-09-30T21:55:00Z,114371.55
1759269360000,2025-09-30T21:56:00Z,114328.87
1759269420000,2025-09-30T21:57:00Z,114195.0
1759269480000,2025-09-30T21:58:00Z,114168.36
1759269540000,2025-09-30T21:59:00Z,114161.0
1759269600000,2025-09-30T22:00:00Z,114178.92
1759269660000,2025-09-30T22:01:00Z,114253.24
1759269720000,2025-09-30T22:02:00Z,114320.13
1759269780000,2025-09-30T22:03:00Z,114355.62
1759269840000,2025-09-30T22:04:00Z,114312.44
1759269900000,2025-09-30T22:05:00Z,114277.99
1759269960000,2025-09-30T22:06:00Z,114209.16
1759270020000,2025-09-30T22:07:00Z,114198.01
1759270080000,2025-09-30T22:08:00Z,114179.57
1759270140000,2025-09-30T22:09:00Z,114180.15
1759270200000,2025-09-30T22:10:00Z,114136.05
1759270260000,2025-09-30T22:11:00Z,114136.05
1759270320000,2025-09-30T22:12:00Z,114158.58
1759270380000,2025-09-30T22:13:00Z,114177.02
1759270440000,2025-09-30T22:14:00Z,114130.31
1759270500000,2025-09-30T22:15:00Z,114130.32
1759270560000,2025-09-30T22:16:00Z,114156.15
1759270620000,2025-09-30T22:17:00Z,114168.56
1759270680000,2025-09-30T22:18:00Z,114148.68
1759270740000,2025-09-30T22:19:00Z,114117.64
1759270800000,2025-09-30T22:20:00Z,114113.23
1759270860000,2025-09-30T22:21:00Z,114055.08
1759270920000,2025-09-30T22:22:00Z,114033.8
1759270980000,2025-09-30T22:23:00Z,114022.9
1759271040000,2025-09-30T22:24:00Z,114038.98
1759271100000,2025-09-30T22:25:00Z,114023.31
1759271160000,2025-09-30T22:26:00Z,113968.71
1759271220000,2025-09-30T22:27:00Z,113984.5
1759271280000,2025-09-30T22:28:00Z,113984.5
1759271340000,2025-09-30T22:29:00Z,113995.99
1759271400000,2025-09-30T22:30:00Z,113980.01
1759271460000,2025-09-30T22:31:00Z,113988.61
1759271520000,2025-09-30T22:32:00Z,114034.37
1759271580000,2025-09-30T22:33:00Z,113919.33
1759271640000,2025-09-30T22:34:00Z,113919.33
1759271700000,2025-09-30T22:35:00Z,113912.83
1759271760000,2025-09-30T22:36:00Z,113900.0
1759271820000,2025-09-30T22:37:00Z,113932.31
1759271880000,2025-09-30T22:38:00Z,113916.98
1759271940000,2025-09-30T22:39:00Z,113900.0
1759272000000,2025-09-30T22:40:00Z,113891.2
1759272060000,2025-09-30T22:41:00Z,113899.99
1759272120000,2025-09-30T22:42:00Z,113919.99
1759272180000,2025-09-30T22:43:00Z,113905.74
1759272240000,2025-09-30T22:44:00Z,113923.59
1759272300000,2025-09-30T22:45:00Z,113917.14
1759272360000,2025-09-30T22:46:00Z,113943.58
1759272420000,2025-09-30T22:47:00Z,113969.55
1759272480000,2025-09-30T22:48:00Z,113984.44
1759272540000,2025-09-30T22:49:00Z,113994.97
1759272600000,2025-09-30T22:50:00Z,113999.49
1759272660000,2025-09-30T22:51:00Z,113972.87
1759272720000,2025-09-30T22:52:00Z,113972.87
1759272780000,2025-09-30T22:53:00Z,113994.57
1759272840000,2025-09-30T22:54:00Z,114011.5
1759272900000,2025-09-30T22:55:00Z,113985.58
1759272960000,2025-09-30T22:56:00Z,113950.09
1759273020000,2025-09-30T22:57:00Z,113921.61
1759273080000,2025-09-30T22:58:00Z,113940.4
1759273140000,2025-09-30T22:59:00Z,113940.39
1759273200000,2025-09-30T23:00:00Z,113909.9
1759273260000,2025-09-30T23:01:00Z,113868.37
1759273320000,2025-09-30T23:02:00Z,113765.44
1759273380000,2025-09-30T23:03:00Z,113815.32
1759273440000,2025-09-30T23:04:00Z,113813.21
1759273500000,2025-09-30T23:05:00Z,113817.67
1759273560000,2025-09-30T23:06:00Z,113840.0
1759273620000,2025-09-30T23:07:00Z,113839.13
1759273680000,2025-09-30T23:08:00Z,113858.64
1759273740000,2025-09-30T23:09:00Z,113879.99
1759273800000,2025-09-30T23:10:00Z,113821.72
1759273860000,2025-09-30T23:11:00Z,113801.35
1759273920000,2025-09-30T23:12:00Z,113820.64
1759273980000,2025-09-30T23:13:00Z,113820.65
1759274040000,2025-09-30T23:14:00Z,113839.99
1759274100000,2025-09-30T23:15:00Z,113797.83
1759274160000,2025-09-30T23:16:00Z,113797.84
1759274220000,2025-09-30T23:17:00Z,113798.83
1759274280000,2025-09-30T23:18:00Z,113793.85
1759274340000,2025-09-30T23:19:00Z,113769.59
1759274400000,2025-09-30T23:20:00Z,113805.93
1759274460000,2025-09-30T23:21:00Z,113917.14
1759274520000,2025-09-30T23:22:00Z,113930.56
1759274580000,2025-09-30T23:23:00Z,113970.07
1759274640000,2025-09-30T23:24:00Z,114014.23
1759274700000,2025-09-30T23:25:00Z,114005.36
1759274760000,2025-09-30T23:26:00Z,113979.16
1759274820000,2025-09-30T23:27:00Z,113995.97
1759274880000,2025-09-30T23:28:00Z,114004.71
1759274940000,2025-09-30T23:29:00Z,113966.17
1759275000000,2025-09-30T23:30:00Z,113932.31
1759275060000,2025-09-30T23:31:00Z,113959.5
1759275120000,2025-09-30T23:32:00Z,113920.0
1759275180000,2025-09-30T23:33:00Z,113861.97
1759275240000,2025-09-30T23:34:00Z,113851.17
1759275300000,2025-09-30T23:35:00Z,113861.47
1759275360000,2025-09-30T23:36:00Z,113877.0
1759275420000,2025-09-30T23:37:00Z,113894.95
1759275480000,2025-09-30T23:38:00Z,113924.33
1759275540000,2025-09-30T23:39:00Z,113941.75
1759275600000,2025-09-30T23:40:00Z,113958.53
1759275660000,2025-09-30T23:41:00Z,113953.07
1759275720000,2025-09-30T23:42:00Z,113975.07
1759275780000,2025-09-30T23:43:00Z,113974.08
1759275840000,2025-09-30T23:44:00Z,113971.49
1759275900000,2025-09-30T23:45:00Z,113971.5
1759275960000,2025-09-30T23:46:00Z,113979.99
1759276020000,2025-09-30T23:47:00Z,113955.45
1759276080000,2025-09-30T23:48:00Z,113945.86
1759276140000,2025-09-30T23:49:00Z,113964.71
1759276200000,2025-09-30T23:50:00Z,113953.53
1759276260000,2025-09-30T23:51:00Z,113963.9
1759276320000,2025-09-30T23:52:00Z,113996.51
1759276380000,2025-09-30T23:53:00Z,114012.72
1759276440000,2025-09-30T23:54:00Z,114033.0
1759276500000,2025-09-30T23:55:00Z,114033.0
1759276560000,2025-09-30T23:56:00Z,114039.99
1759276620000,2025-09-30T23:57:00Z,114048.93
1759276680000,2025-09-30T23:58:00Z,114048.93
1759276740000,2025-09-30T23:59:00Z,114048.93
1759276800000,2025-10-01T00:00:00Z,114100.0
1759276860000,2025-10-01T00:01:00Z,114172.0
1759276920000,2025-10-01T00:02:00Z,114166.99
1759276980000,2025-10-01T00:03:00Z,114164.48
1759277040000,2025-10-01T00:04:00Z,114211.4
1759277100000,2025-10-01T00:05:00Z,114247.82
1759277160000,2025-10-01T00:06:00Z,114255.99
1759277220000,2025-10-01T00:07:00Z,114208.0
1759277280000,2025-10-01T00:08:00Z,114206.01
1759277340000,2025-10-01T00:09:00Z,114237.08
1759277400000,2025-10-01T00:10:00Z,114208.29
1759277460000,2025-10-01T00:11:00Z,114190.01
1759277520000,2025-10-01T00:12:00Z,114202.81
1759277580000,2025-10-01T00:13:00Z,114146.95
1759277640000,2025-10-01T00:14:00Z,114156.18
1759277700000,2025-10-01T00:15:00Z,114146.7
1759277760000,2025-10-01T00:16:00Z,114146.69
1759277820000,2025-10-01T00:17:00Z,114105.11
1759277880000,2025-10-01T00:18:00Z,114141.0
1759277940000,2025-10-01T00:19:00Z,114145.43
1759278000000,2025-10-01T00:20:00Z,114160.78
1759278060000,2025-10-01T00:21:00Z,114103.83
1759278120000,2025-10-01T00:22:00Z,114077.72
1759278180000,2025-10-01T00:23:00Z,114040.84
1759278240000,2025-10-01T00:24:00Z,113992.78
1759278300000,2025-10-01T00:25:00Z,114007.03
1759278360000,2025-10-01T00:26:00Z,113966.69
1759278420000,2025-10-01T00:27:00Z,114025.31
1759278480000,2025-10-01T00:28:00Z,114036.7
1759278540000,2025-10-01T00:29:00Z,114021.86
1759278600000,2025-10-01T00:30:00Z,114027.93
1759278660000,2025-10-01T00:31:00Z,114071.61
1759278720000,2025-10-01T00:32:00Z,114094.89
1759278780000,2025-10-01T00:33:00Z,114149.83
1759278840000,2025-10-01T00:34:00Z,114210.01
1759278900000,2025-10-01T00:35:00Z,114186.94
1759278960000,2025-10-01T00:36:00Z,114118.79
1759279020000,2025-10-01T00:37:00Z,114100.42
1759279080000,2025-10-01T00:38:00Z,114094.99
1759279140000,2025-10-01T00:39:00Z,114095.97
1759279200000,2025-10-01T00:40:00Z,114087.37
1759279260000,2025-10-01T00:41:00Z,114077.0
1759279320000,2025-10-01T00:42:00Z,114007.18
1759279380000,2025-10-01T00:43:00Z,113983.65
1759279440000,2025-10-01T00:44:00Z,113969.19
1759279500000,2025-10-01T00:45:00Z,114031.7
1759279560000,2025-10-01T00:46:00Z,114040.85
1759279620000,2025-10-01T00:47:00Z,113972.87
1759279680000,2025-10-01T00:48:00Z,114008.92
1759279740000,2025-10-01T00:49:00Z,114036.47
1759279800000,2025-10-01T00:50:00Z,114071.2
1759279860000,2025-10-01T00:51:00Z,114085.78
1759279920000,2025-10-01T00:52:00Z,114090.01
1759279980000,2025-10-01T00:53:00Z,114090.01
1759280040000,2025-10-01T00:54:00Z,114225.0
1759280100000,2025-10-01T00:55:00Z,114232.76
1759280160000,2025-10-01T00:56:00Z,114235.74
1759280220000,2025-10-01T00:57:00Z,114207.36
1759280280000,2025-10-01T00:58:00Z,114204.76
1759280340000,2025-10-01T00:59:00Z,114239.53
1759280400000,2025-10-01T01:00:00Z,114199.12
1759280460000,2025-10-01T01:01:00Z,114170.59
1759280520000,2025-10-01T01:02:00Z,114166.8
1759280580000,2025-10-01T01:03:00Z,114199.99
1759280640000,2025-10-01T01:04:00Z,114235.75
1759280700000,2025-10-01T01:05:00Z,114247.24
1759280760000,2025-10-01T01:06:00Z,114303.31
1759280820000,2025-10-01T01:07:00Z,114310.48
1759280880000,2025-10-01T01:08:00Z,114299.08
1759280940000,2025-10-01T01:09:00Z,114295.01
1759281000000,2025-10-01T01:10:00Z,114374.99
1759281060000,2025-10-01T01:11:00Z,114323.81
1759281120000,2025-10-01T01:12:00Z,114325.13
1759281180000,2025-10-01T01:13:00Z,114340.89
1759281240000,2025-10-01T01:14:00Z,114348.16
1759281300000,2025-10-01T01:15:00Z,114343.04
1759281360000,2025-10-01T01:16:00Z,114332.98
1759281420000,2025-10-01T01:17:00Z,114396.52
1759281480000,2025-10-01T01:18:00Z,114315.91
1759281540000,2025-10-01T01:19:00Z,114263.97
1759281600000,2025-10-01T01:20:00Z,114289.52
1759281660000,2025-10-01T01:21:00Z,114234.46
1759281720000,2025-10-01T01:22:00Z,114250.84
1759281780000,2025-10-01T01:23:00Z,114301.63
1759281840000,2025-10-01T01:24:00Z,114301.87
1759281900000,2025-10-01T01:25:00Z,114324.0
1759281960000,2025-10-01T01:26:00Z,114337.14
1759282020000,2025-10-01T01:27:00Z,114322.18
1759282080000,2025-10-01T01:28:00Z,114355.73
1759282140000,2025-10-01T01:29:00Z,114367.72
1759282200000,2025-10-01T01:30:00Z,114318.77
1759282260000,2025-10-01T01:31:00Z,114273.2
1759282320000,2025-10-01T01:32:00Z,114258.64
1759282380000,2025-10-01T01:33:00Z,114246.92
1759282440000,2025-10-01T01:34:00Z,114232.63
1759282500000,2025-10-01T01:35:00Z,114277.85
1759282560000,2025-10-01T01:36:00Z,114298.51
1759282620000,2025-10-01T01:37:00Z,114353.09
1759282680000,2025-10-01T01:38:00Z,114354.29
1759282740000,2025-10-01T01:39:00Z,114395.4
1759282800000,2025-10-01T01:40:00Z,114417.89
1759282860000,2025-10-01T01:41:00Z,114438.75
1759282920000,2025-10-01T01:42:00Z,114472.19
1759282980000,2025-10-01T01:43:00Z,114462.1
1759283040000,2025-10-01T01:44:00Z,114413.36
1759283100000,2025-10-01T01:45:00Z,114426.93
1759283160000,2025-10-01T01:46:00Z,114387.97
1759283220000,2025-10-01T01:47:00Z,114387.71
1759283280000,2025-10-01T01:48:00Z,114390.0
1759283340000,2025-10-01T01:49:00Z,114417.48
1759283400000,2025-10-01T01:50:00Z,114390.01
1759283460000,2025-10-01T01:51:00Z,114360.28
1759283520000,2025-10-01T01:52:00Z,114423.5
1759283580000,2025-10-01T01:53:00Z,114456.08
1759283640000,2025-10-01T01:54:00Z,114499.99
1759283700000,2025-10-01T01:55:00Z,114540.09
1759283760000,2025-10-01T01:56:00Z,114540.1
1759283820000,2025-10-01T01:57:00Z,114549.99
1759283880000,2025-10-01T01:58:00Z,114540.0
1759283940000,2025-10-01T01:59:00Z,114549.99
1759284000000,2025-10-01T02:00:00Z,114533.0
1759284060000,2025-10-01T02:01:00Z,114525.18
1759284120000,2025-10-01T02:02:00Z,114425.22
1759284180000,2025-10-01T02:03:00Z,114468.51
1759284240000,2025-10-01T02:04:00Z,114519.39
1759284300000,2025-10-01T02:05:00Z,114493.39
1759284360000,2025-10-01T02:06:00Z,114496.09
1759284420000,2025-10-01T02:07:00Z,114452.36
1759284480000,2025-10-01T02:08:00Z,114494.47
1759284540000,2025-10-01T02:09:00Z,114479.24
1759284600000,2025-10-01T02:10:00Z,114440.45
1759284660000,2025-10-01T02:11:00Z,114497.71
1759284720000,2025-10-01T02:12:00Z,114523.99
1759284780000,2025-10-01T02:13:00Z,114505.23
1759284840000,2025-10-01T02:14:00Z,114481.09
1759284900000,2025-10-01T02:15:00Z,114463.68
1759284960000,2025-10-01T02:16:00Z,114464.57
1759285020000,2025-10-01T02:17:00Z,114490.03
1759285080000,2025-10-01T02:18:00Z,114490.01
1759285140000,2025-10-01T02:19:00Z,114449.75
1759285200000,2025-10-01T02:20:00Z,114449.76
1759285260000,2025-10-01T02:21:00Z,114449.75
1759285320000,2025-10-01T02:22:00Z,114449.76
1759285380000,2025-10-01T02:23:00Z,114458.08
1759285440000,2025-10-01T02:24:00Z,114458.08
1759285500000,2025-10-01T02:25:00Z,114449.01
1759285560000,2025-10-01T02:26:00Z,114435.21
1759285620000,2025-10-01T02:27:00Z,114459.97
1759285680000,2025-10-01T02:28:00Z,114448.8
1759285740000,2025-10-01T02:29:00Z,114427.88
1759285800000,2025-10-01T02:30:00Z,114384.4
1759285860000,2025-10-01T02:31:00Z,114329.11
1759285920000,2025-10-01T02:32:00Z,114375.91
1759285980000,2025-10-01T02:33:00Z,114417.25
1759286040000,2025-10-01T02:34:00Z,114417.25
1759286100000,2025-10-01T02:35:00Z,114417.25
1759286160000,2025-10-01T02:36:00Z,114430.99
1759286220000,2025-10-01T02:37:00Z,114437.0
1759286280000,2025-10-01T02:38:00Z,114445.98
1759286340000,2025-10-01T02:39:00Z,114433.68
1759286400000,2025-10-01T02:40:00Z,114360.01
1759286460000,2025-10-01T02:41:00Z,114369.99
1759286520000,2025-10-01T02:42:00Z,114353.96
1759286580000,2025-10-01T02:43:00Z,114353.09
1759286640000,2025-10-01T02:44:00Z,114324.66
1759286700000,2025-10-01T02:45:00Z,114327.5
1759286760000,2025-10-01T02:46:00Z,114370.0
1759286820000,2025-10-01T02:47:00Z,114388.77
1759286880000,2025-10-01T02:48:00Z,114381.16
1759286940000,2025-10-01T02:49:00Z,114372.92
1759287000000,2025-10-01T02:50:00Z,114313.76
1759287060000,2025-10-01T02:51:00Z,114342.09
1759287120000,2025-10-01T02:52:00Z,114377.38
1759287180000,2025-10-01T02:53:00Z,114377.01
1759287240000,2025-10-01T02:54:00Z,114351.92
1759287300000,2025-10-01T02:55:00Z,114325.0
1759287360000,2025-10-01T02:56:00Z,114314.89
1759287420000,2025-10-01T02:57:00Z,114282.36
1759287480000,2025-10-01T02:58:00Z,114276.52
1759287540000,2025-10-01T02:59:00Z,114272.15
1759287600000,2025-10-01T03:00:00Z,114267.54
1759287660000,2025-10-01T03:01:00Z,114262.97
1759287720000,2025-10-01T03:02:00Z,114222.95
1759287780000,2025-10-01T03:03:00Z,114239.41
1759287840000,2025-10-01T03:04:00Z,114239.49
1759287900000,2025-10-01T03:05:00Z,114300.0
1759287960000,2025-10-01T03:06:00Z,114299.99
1759288020000,2025-10-01T03:07:00Z,114314.88
1759288080000,2025-10-01T03:08:00Z,114355.69
1759288140000,2025-10-01T03:09:00Z,114355.68
1759288200000,2025-10-01T03:10:00Z,114361.5
1759288260000,2025-10-01T03:11:00Z,114405.86
1759288320000,2025-10-01T03:12:00Z,114416.0
1759288380000,2025-10-01T03:13:00Z,114405.62
1759288440000,2025-10-01T03:14:00Z,114434.0
1759288500000,2025-10-01T03:15:00Z,114463.25
1759288560000,2025-10-01T03:16:00Z,114465.5
1759288620000,2025-10-01T03:17:00Z,114422.53
1759288680000,2025-10-01T03:18:00Z,114436.41
1759288740000,2025-10-01T03:19:00Z,114460.62
1759288800000,2025-10-01T03:20:00Z,114480.21
1759288860000,2025-10-01T03:21:00Z,114442.49
1759288920000,2025-10-01T03:22:00Z,114385.08
1759288980000,2025-10-01T03:23:00Z,114378.32
1759289040000,2025-10-01T03:24:00Z,114458.54
1759289100000,2025-10-01T03:25:00Z,114516.08
1759289160000,2025-10-01T03:26:00Z,114523.26
1759289220000,2025-10-01T03:27:00Z,114462.5
1759289280000,2025-10-01T03:28:00Z,114469.99
1759289340000,2025-10-01T03:29:00Z,114471.16
1759289400000,2025-10-01T03:30:00Z,114503.23
1759289460000,2025-10-01T03:31:00Z,114489.51
1759289520000,2025-10-01T03:32:00Z,114463.14
1759289580000,2025-10-01T03:33:00Z,114463.14
1759289640000,2025-10-01T03:34:00Z,114503.23
1759289700000,2025-10-01T03:35:00Z,114524.25
1759289760000,2025-10-01T03:36:00Z,114518.72
1759289820000,2025-10-01T03:37:00Z,114474.09
1759289880000,2025-10-01T03:38:00Z,114430.43
1759289940000,2025-10-01T03:39:00Z,114430.43
1759290000000,2025-10-01T03:40:00Z,114414.8
1759290060000,2025-10-01T03:41:00Z,114395.76
1759290120000,2025-10-01T03:42:00Z,114345.0
1759290180000,2025-10-01T03:43:00Z,114340.23
1759290240000,2025-10-01T03:44:00Z,114319.02
1759290300000,2025-10-01T03:45:00Z,114261.49
1759290360000,2025-10-01T03:46:00Z,114207.16
1759290420000,2025-10-01T03:47:00Z,114224.1
1759290480000,2025-10-01T03:48:00Z,114200.01
1759290540000,2025-10-01T03:49:00Z,114143.3
1759290600000,2025-10-01T03:50:00Z,114178.68
1759290660000,2025-10-01T03:51:00Z,114210.01
1759290720000,2025-10-01T03:52:00Z,114149.95
1759290780000,2025-10-01T03:53:00Z,114157.93
1759290840000,2025-10-01T03:54:00Z,114169.76
1759290900000,2025-10-01T03:55:00Z,114176.12
1759290960000,2025-10-01T03:56:00Z,114196.99
1759291020000,2025-10-01T03:57:00Z,114197.0
1759291080000,2025-10-01T03:58:00Z,114197.0
1759291140000,2025-10-01T03:59:00Z,114176.92
1759291200000,2025-10-01T04:00:00Z,114226.91
1759291260000,2025-10-01T04:01:00Z,114317.11
1759291320000,2025-10-01T04:02:00Z,114346.91
1759291380000,2025-10-01T04:03:00Z,114308.19
1759291440000,2025-10-01T04:04:00Z,114294.26
1759291500000,2025-10-01T04:05:00Z,114328.17
1759291560000,2025-10-01T04:06:00Z,114392.95
1759291620000,2025-10-01T04:07:00Z,114410.23
1759291680000,2025-10-01T04:08:00Z,114387.13
1759291740000,2025-10-01T04:09:00Z,114350.4
1759291800000,2025-10-01T04:10:00Z,114341.43
1759291860000,2025-10-01T04:11:00Z,114321.17
1759291920000,2025-10-01T04:12:00Z,114360.0
1759291980000,2025-10-01T04:13:00Z,114347.47
1759292040000,2025-10-01T04:14:00Z,114336.86
1759292100000,2025-10-01T04:15:00Z,114423.21
1759292160000,2025-10-01T04:16:00Z,114375.4
1759292220000,2025-10-01T04:17:00Z,114414.77
1759292280000,2025-10-01T04:18:00Z,114507.99
1759292340000,2025-10-01T04:19:00Z,114508.23
1759292400000,2025-10-01T04:20:00Z,114461.05
1759292460000,2025-10-01T04:21:00Z,114409.71
1759292520000,2025-10-01T04:22:00Z,114395.55
1759292580000,2025-10-01T04:23:00Z,114419.84
1759292640000,2025-10-01T04:24:00Z,114445.97
1759292700000,2025-10-01T04:25:00Z,114489.19
1759292760000,2025-10-01T04:26:00Z,114483.22
1759292820000,2025-10-01T04:27:00Z,114459.0
1759292880000,2025-10-01T04:28:00Z,114483.99
1759292940000,2025-10-01T04:29:00Z,114587.5
1759293000000,2025-10-01T04:30:00Z,114595.27
1759293060000,2025-10-01T04:31:00Z,114581.84
1759293120000,2025-10-01T04:32:00Z,114699.99
1759293180000,2025-10-01T04:33:00Z,114640.27
1759293240000,2025-10-01T04:34:00Z,114514.5
1759293300000,2025-10-01T04:35:00Z,114525.3
1759293360000,2025-10-01T04:36:00Z,114611.19
1759293420000,2025-10-01T04:37:00Z,114639.99
1759293480000,2025-10-01T04:38:00Z,114588.45
1759293540000,2025-10-01T04:39:00Z,114539.73
1759293600000,2025-10-01T04:40:00Z,114545.86
1759293660000,2025-10-01T04:41:00Z,114571.75
1759293720000,2025-10-01T04:42:00Z,114587.51
1759293780000,2025-10-01T04:43:00Z,114565.09
1759293840000,2025-10-01T04:44:00Z,114550.94
1759293900000,2025-10-01T04:45:00Z,114514.01
1759293960000,2025-10-01T04:46:00Z,114546.86
1759294020000,2025-10-01T04:47:00Z,114588.99
1759294080000,2025-10-01T04:48:00Z,114539.1
1759294140000,2025-10-01T04:49:00Z,114578.39
1759294200000,2025-10-01T04:50:00Z,114514.02
1759294260000,2025-10-01T04:51:00Z,114520.76
1759294320000,2025-10-01T04:52:00Z,114470.43
1759294380000,2025-10-01T04:53:00Z,114375.57
1759294440000,2025-10-01T04:54:00Z,114345.46
1759294500000,2025-10-01T04:55:00Z,114344.76
1759294560000,2025-10-01T04:56:00Z,114306.74
1759294620000,2025-10-01T04:57:00Z,114295.47
1759294680000,2025-10-01T04:58:00Z,114262.0
1759294740000,2025-10-01T04:59:00Z,114289.01
1759294800000,2025-10-01T05:00:00Z,114324.01
1759294860000,2025-10-01T05:01:00Z,114287.0
1759294920000,2025-10-01T05:02:00Z,114273.54
1759294980000,2025-10-01T05:03:00Z,114276.64
1759295040000,2025-10-01T05:04:00Z,114309.03
1759295100000,2025-10-01T05:05:00Z,114358.23
1759295160000,2025-10-01T05:06:00Z,114372.93
1759295220000,2025-10-01T05:07:00Z,114520.44
1759295280000,2025-10-01T05:08:00Z,114545.53
1759295340000,2025-10-01T05:09:00Z,114588.24
1759295400000,2025-10-01T05:10:00Z,114588.24
1759295460000,2025-10-01T05:11:00Z,114662.54
1759295520000,2025-10-01T05:12:00Z,114729.1
1759295580000,2025-10-01T05:13:00Z,114661.76
1759295640000,2025-10-01T05:14:00Z,114606.03
1759295700000,2025-10-01T05:15:00Z,114616.16
1759295760000,2025-10-01T05:16:00Z,114635.42
1759295820000,2025-10-01T05:17:00Z,114622.63
1759295880000,2025-10-01T05:18:00Z,114675.77
1759295940000,2025-10-01T05:19:00Z,114712.23
1759296000000,2025-10-01T05:20:00Z,114665.06
1759296060000,2025-10-01T05:21:00Z,114597.39
1759296120000,2025-10-01T05:22:00Z,114641.02
1759296180000,2025-10-01T05:23:00Z,114603.3
1759296240000,2025-10-01T05:24:00Z,114557.27
1759296300000,2025-10-01T05:25:00Z,114543.91
1759296360000,2025-10-01T05:26:00Z,114599.41
1759296420000,2025-10-01T05:27:00Z,114603.52
1759296480000,2025-10-01T05:28:00Z,114570.09
1759296540000,2025-10-01T05:29:00Z,114612.99
1759296600000,2025-10-01T05:30:00Z,114575.46
1759296660000,2025-10-01T05:31:00Z,114565.42
1759296720000,2025-10-01T05:32:00Z,114571.36
1759296780000,2025-10-01T05:33:00Z,114600.16
1759296840000,2025-10-01T05:34:00Z,114623.52
1759296900000,2025-10-01T05:35:00Z,114587.51
1759296960000,2025-10-01T05:36:00Z,114597.27
1759297020000,2025-10-01T05:37:00Z,114587.5
1759297080000,2025-10-01T05:38:00Z,114597.75
1759297140000,2025-10-01T05:39:00Z,114597.0
1759297200000,2025-10-01T05:40:00Z,114592.98
1759297260000,2025-10-01T05:41:00Z,114563.91
1759297320000,2025-10-01T05:42:00Z,114569.01
1759297380000,2025-10-01T05:43:00Z,114578.24
1759297440000,2025-10-01T05:44:00Z,114569.24
1759297500000,2025-10-01T05:45:00Z,114566.05
1759297560000,2025-10-01T05:46:00Z,114559.61
1759297620000,2025-10-01T05:47:00Z,114575.9
1759297680000,2025-10-01T05:48:00Z,114609.99
1759297740000,2025-10-01T05:49:00Z,114638.42
1759297800000,2025-10-01T05:50:00Z,114618.3
1759297860000,2025-10-01T05:51:00Z,114591.44
1759297920000,2025-10-01T05:52:00Z,114591.45
1759297980000,2025-10-01T05:53:00Z,114605.48
1759298040000,2025-10-01T05:54:00Z,114612.79
1759298100000,2025-10-01T05:55:00Z,114612.8
1759298160000,2025-10-01T05:56:00Z,114568.7
1759298220000,2025-10-01T05:57:00Z,114559.55
1759298280000,2025-10-01T05:58:00Z,114544.51
1759298340000,2025-10-01T05:59:00Z,114569.84
1759298400000,2025-10-01T06:00:00Z,114527.51
1759298460000,2025-10-01T06:01:00Z,114580.4
1759298520000,2025-10-01T06:02:00Z,114506.15
1759298580000,2025-10-01T06:03:00Z,114520.89
1759298640000,2025-10-01T06:04:00Z,114503.46
1759298700000,2025-10-01T06:05:00Z,114540.12
1759298760000,2025-10-01T06:06:00Z,114537.99
1759298820000,2025-10-01T06:07:00Z,114539.55
1759298880000,2025-10-01T06:08:00Z,114502.53
1759298940000,2025-10-01T06:09:00Z,114514.91
1759299000000,2025-10-01T06:10:00Z,114520.4
1759299060000,2025-10-01T06:11:00Z,114507.82
1759299120000,2025-10-01T06:12:00Z,114530.2
1759299180000,2025-10-01T06:13:00Z,114558.22
1759299240000,2025-10-01T06:14:00Z,114558.77
1759299300000,2025-10-01T06:15:00Z,114499.99
1759299360000,2025-10-01T06:16:00Z,114516.85
1759299420000,2025-10-01T06:17:00Z,114598.6
1759299480000,2025-10-01T06:18:00Z,114529.3
1759299540000,2025-10-01T06:19:00Z,114474.21
1759299600000,2025-10-01T06:20:00Z,114399.28
1759299660000,2025-10-01T06:21:00Z,114441.88
1759299720000,2025-10-01T06:22:00Z,114375.0
1759299780000,2025-10-01T06:23:00Z,114396.06
1759299840000,2025-10-01T06:24:00Z,114431.43
1759299900000,2025-10-01T06:25:00Z,114436.11
1759299960000,2025-10-01T06:26:00Z,114387.89
1759300020000,2025-10-01T06:27:00Z,114379.03
1759300080000,2025-10-01T06:28:00Z,114400.67
1759300140000,2025-10-01T06:29:00Z,114388.46
1759300200000,2025-10-01T06:30:00Z,114341.37
1759300260000,2025-10-01T06:31:00Z,114387.13
1759300320000,2025-10-01T06:32:00Z,114401.22
1759300380000,2025-10-01T06:33:00Z,114395.58
1759300440000,2025-10-01T06:34:00Z,114372.89
1759300500000,2025-10-01T06:35:00Z,114362.74
1759300560000,2025-10-01T06:36:00Z,114395.39
1759300620000,2025-10-01T06:37:00Z,114387.33
1759300680000,2025-10-01T06:38:00Z,114426.04
1759300740000,2025-10-01T06:39:00Z,114439.45
1759300800000,2025-10-01T06:40:00Z,114462.71
1759300860000,2025-10-01T06:41:00Z,114503.59
1759300920000,2025-10-01T06:42:00Z,114477.98
1759300980000,2025-10-01T06:43:00Z,114457.83
1759301040000,2025-10-01T06:44:00Z,114512.88
1759301100000,2025-10-01T06:45:00Z,114391.14
1759301160000,2025-10-01T06:46:00Z,114320.87
1759301220000,2025-10-01T06:47:00Z,114311.46
1759301280000,2025-10-01T06:48:00Z,114321.61
1759301340000,2025-10-01T06:49:00Z,114348.26
1759301400000,2025-10-01T06:50:00Z,114300.01
1759301460000,2025-10-01T06:51:00Z,114311.0
1759301520000,2025-10-01T06:52:00Z,114265.62
1759301580000,2025-10-01T06:53:00Z,114291.55
1759301640000,2025-10-01T06:54:00Z,114252.36
1759301700000,2025-10-01T06:55:00Z,114250.92
1759301760000,2025-10-01T06:56:00Z,114250.9
1759301820000,2025-10-01T06:57:00Z,114275.0
1759301880000,2025-10-01T06:58:00Z,114275.01
1759301940000,2025-10-01T06:59:00Z,114256.81
1759302000000,2025-10-01T07:00:00Z,114328.01
1759302060000,2025-10-01T07:01:00Z,114331.18
1759302120000,2025-10-01T07:02:00Z,114371.28
1759302180000,2025-10-01T07:03:00Z,114366.82
1759302240000,2025-10-01T07:04:00Z,114386.63
1759302300000,2025-10-01T07:05:00Z,114373.4
1759302360000,2025-10-01T07:06:00Z,114345.4
1759302420000,2025-10-01T07:07:00Z,114363.99
1759302480000,2025-10-01T07:08:00Z,114325.66
1759302540000,2025-10-01T07:09:00Z,114340.22
1759302600000,2025-10-01T07:10:00Z,114353.18
1759302660000,2025-10-01T07:11:00Z,114369.32
1759302720000,2025-10-01T07:12:00Z,114380.68
1759302780000,2025-10-01T07:13:00Z,114357.81
1759302840000,2025-10-01T07:14:00Z,114360.06
1759302900000,2025-10-01T07:15:00Z,114468.0
1759302960000,2025-10-01T07:16:00Z,114428.65
1759303020000,2025-10-01T07:17:00Z,114451.87
1759303080000,2025-10-01T07:18:00Z,114430.31
1759303140000,2025-10-01T07:19:00Z,114476.02
1759303200000,2025-10-01T07:20:00Z,114464.38
1759303260000,2025-10-01T07:21:00Z,114485.97
1759303320000,2025-10-01T07:22:00Z,114480.22
1759303380000,2025-10-01T07:23:00Z,114484.29
1759303440000,2025-10-01T07:24:00Z,114464.54
1759303500000,2025-10-01T07:25:00Z,114499.99
1759303560000,2025-10-01T07:26:00Z,114518.36
1759303620000,2025-10-01T07:27:00Z,114546.33
1759303680000,2025-10-01T07:28:00Z,114558.96
1759303740000,2025-10-01T07:29:00Z,114569.08
1759303800000,2025-10-01T07:30:00Z,114582.64
1759303860000,2025-10-01T07:31:00Z,114578.76
1759303920000,2025-10-01T07:32:00Z,114558.05
1759303980000,2025-10-01T07:33:00Z,114521.56
1759304040000,2025-10-01T07:34:00Z,114540.2
1759304100000,2025-10-01T07:35:00Z,114535.19
1759304160000,2025-10-01T07:36:00Z,114534.5
1759304220000,2025-10-01T07:37:00Z,114485.06
1759304280000,2025-10-01T07:38:00Z,114449.73
1759304340000,2025-10-01T07:39:00Z,114445.76
1759304400000,2025-10-01T07:40:00Z,114476.83
1759304460000,2025-10-01T07:41:00Z,114489.42
1759304520000,2025-10-01T07:42:00Z,114514.7
1759304580000,2025-10-01T07:43:00Z,114549.42
1759304640000,2025-10-01T07:44:00Z,114537.35
1759304700000,2025-10-01T07:45:00Z,114537.35
1759304760000,2025-10-01T07:46:00Z,114526.38
1759304820000,2025-10-01T07:47:00Z,114515.09
1759304880000,2025-10-01T07:48:00Z,114500.76
1759304940000,2025-10-01T07:49:00Z,114510.72
1759305000000,2025-10-01T07:50:00Z,114501.69
1759305060000,2025-10-01T07:51:00Z,114526.38
1759305120000,2025-10-01T07:52:00Z,114499.99
1759305180000,2025-10-01T07:53:00Z,114504.87
1759305240000,2025-10-01T07:54:00Z,114519.0
1759305300000,2025-10-01T07:55:00Z,114514.52
1759305360000,2025-10-01T07:56:00Z,114584.33
1759305420000,2025-10-01T07:57:00Z,114572.64
1759305480000,2025-10-01T07:58:00Z,114558.75
1759305540000,2025-10-01T07:59:00Z,114539.02
1759305600000,2025-10-01T08:00:00Z,114500.02
1759305660000,2025-10-01T08:01:00Z,114507.91
1759305720000,2025-10-01T08:02:00Z,114515.66
1759305780000,2025-10-01T08:03:00Z,114544.59
1759305840000,2025-10-01T08:04:00Z,114537.72
1759305900000,2025-10-01T08:05:00Z,114537.72
1759305960000,2025-10-01T08:06:00Z,114535.24
1759306020000,2025-10-01T08:07:00Z,114522.59
1759306080000,2025-10-01T08:08:00Z,114569.32
1759306140000,2025-10-01T08:09:00Z,114525.96
1759306200000,2025-10-01T08:10:00Z,114545.65
1759306260000,2025-10-01T08:11:00Z,114535.36
1759306320000,2025-10-01T08:12:00Z,114552.24
1759306380000,2025-10-01T08:13:00Z,114545.76
1759306440000,2025-10-01T08:14:00Z,114577.85
1759306500000,2025-10-01T08:15:00Z,114586.39
1759306560000,2025-10-01T08:16:00Z,114571.01
1759306620000,2025-10-01T08:17:00Z,114570.91
1759306680000,2025-10-01T08:18:00Z,114626.98
1759306740000,2025-10-01T08:19:00Z,114729.09
1759306800000,2025-10-01T08:20:00Z,114907.22
1759306860000,2025-10-01T08:21:00Z,114727.97
1759306920000,2025-10-01T08:22:00Z,114740.0
1759306980000,2025-10-01T08:23:00Z,114681.21
1759307040000,2025-10-01T08:24:00Z,114664.47
1759307100000,2025-10-01T08:25:00Z,114794.2
1759307160000,2025-10-01T08:26:00Z,114882.44
1759307220000,2025-10-01T08:27:00Z,115009.37
1759307280000,2025-10-01T08:28:00Z,115055.36
1759307340000,2025-10-01T08:29:00Z,115089.82
1759307400000,2025-10-01T08:30:00Z,115271.6
1759307460000,2025-10-01T08:31:00Z,115246.08
1759307520000,2025-10-01T08:32:00Z,115164.32
1759307580000,2025-10-01T08:33:00Z,115125.31
1759307640000,2025-10-01T08:34:00Z,115194.14
1759307700000,2025-10-01T08:35:00Z,115210.73
1759307760000,2025-10-01T08:36:00Z,115228.22
1759307820000,2025-10-01T08:37:00Z,115230.99
1759307880000,2025-10-01T08:38:00Z,115275.85
1759307940000,2025-10-01T08:39:00Z,115375.0
1759308000000,2025-10-01T08:40:00Z,115437.83
1759308060000,2025-10-01T08:41:00Z,115490.14
1759308120000,2025-10-01T08:42:00Z,115517.42
1759308180000,2025-10-01T08:43:00Z,115522.1
1759308240000,2025-10-01T08:44:00Z,115635.37
1759308300000,2025-10-01T08:45:00Z,115645.11
1759308360000,2025-10-01T08:46:00Z,115715.06
1759308420000,2025-10-01T08:47:00Z,115814.68
1759308480000,2025-10-01T08:48:00Z,115985.45
1759308540000,2025-10-01T08:49:00Z,116195.16
1759308600000,2025-10-01T08:50:00Z,116358.49
1759308660000,2025-10-01T08:51:00Z,116285.47
1759308720000,2025-10-01T08:52:00Z,116208.01
1759308780000,2025-10-01T08:53:00Z,116084.61
1759308840000,2025-10-01T08:54:00Z,116094.03
1759308900000,2025-10-01T08:55:00Z,116103.06
1759308960000,2025-10-01T08:56:00Z,116135.06
1759309020000,2025-10-01T08:57:00Z,116166.96
1759309080000,2025-10-01T08:58:00Z,116083.38
1759309140000,2025-10-01T08:59:00Z,116111.28
1759309200000,2025-10-01T09:00:00Z,116176.01
1759309260000,2025-10-01T09:01:00Z,116126.94
1759309320000,2025-10-01T09:02:00Z,116055.05
1759309380000,2025-10-01T09:03:00Z,116027.6
1759309440000,2025-10-01T09:04:00Z,115992.93
1759309500000,2025-10-01T09:05:00Z,116041.07
1759309560000,2025-10-01T09:06:00Z,116095.38
1759309620000,2025-10-01T09:07:00Z,116247.19
1759309680000,2025-10-01T09:08:00Z,116248.44
1759309740000,2025-10-01T09:09:00Z,116229.21
1759309800000,2025-10-01T09:10:00Z,116258.99
1759309860000,2025-10-01T09:11:00Z,116323.89
1759309920000,2025-10-01T09:12:00Z,116313.25
1759309980000,2025-10-01T09:13:00Z,116284.93
1759310040000,2025-10-01T09:14:00Z,116240.31
1759310100000,2025-10-01T09:15:00Z,116215.0
1759310160000,2025-10-01T09:16:00Z,116234.32
1759310220000,2025-10-01T09:17:00Z,116279.99
1759310280000,2025-10-01T09:18:00Z,116313.13
1759310340000,2025-10-01T09:19:00Z,116239.58
1759310400000,2025-10-01T09:20:00Z,116172.66
1759310460000,2025-10-01T09:21:00Z,116166.1
1759310520000,2025-10-01T09:22:00Z,116195.02
1759310580000,2025-10-01T09:23:00Z,116171.08
1759310640000,2025-10-01T09:24:00Z,116171.71
1759310700000,2025-10-01T09:25:00Z,116212.04
1759310760000,2025-10-01T09:26:00Z,116240.26
1759310820000,2025-10-01T09:27:00Z,116261.49
1759310880000,2025-10-01T09:28:00Z,116223.32
1759310940000,2025-10-01T09:29:00Z,116239.48
1759311000000,2025-10-01T09:30:00Z,116189.09
1759311060000,2025-10-01T09:31:00Z,116211.29
1759311120000,2025-10-01T09:32:00Z,116234.04
1759311180000,2025-10-01T09:33:00Z,116182.49
1759311240000,2025-10-01T09:34:00Z,116342.45
1759311300000,2025-10-01T09:35:00Z,116330.0
1759311360000,2025-10-01T09:36:00Z,116365.69
1759311420000,2025-10-01T09:37:00Z,116445.17
1759311480000,2025-10-01T09:38:00Z,116476.79
1759311540000,2025-10-01T09:39:00Z,116472.96
1759311600000,2025-10-01T09:40:00Z,116485.89
1759311660000,2025-10-01T09:41:00Z,116383.52
1759311720000,2025-10-01T09:42:00Z,116460.1
1759311780000,2025-10-01T09:43:00Z,116427.18
1759311840000,2025-10-01T09:44:00Z,116386.01
1759311900000,2025-10-01T09:45:00Z,116372.49
1759311960000,2025-10-01T09:46:00Z,116393.86
1759312020000,2025-10-01T09:47:00Z,116408.49
1759312080000,2025-10-01T09:48:00Z,116349.99
1759312140000,2025-10-01T09:49:00Z,116420.02
1759312200000,2025-10-01T09:50:00Z,116394.75
1759312260000,2025-10-01T09:51:00Z,116396.56
1759312320000,2025-10-01T09:52:00Z,116393.99
1759312380000,2025-10-01T09:53:00Z,116418.6
1759312440000,2025-10-01T09:54:00Z,116424.51
1759312500000,2025-10-01T09:55:00Z,116438.5
1759312560000,2025-10-01T09:56:00Z,116419.98
1759312620000,2025-10-01T09:57:00Z,116416.62
1759312680000,2025-10-01T09:58:00Z,116395.03
1759312740000,2025-10-01T09:59:00Z,116412.1
1759312800000,2025-10-01T10:00:00Z,116489.1
1759312860000,2025-10-01T10:01:00Z,116465.14
1759312920000,2025-10-01T10:02:00Z,116550.99
1759312980000,2025-10-01T10:03:00Z,116497.93
1759313040000,2025-10-01T10:04:00Z,116542.56
1759313100000,2025-10-01T10:05:00Z,116548.5
1759313160000,2025-10-01T10:06:00Z,116485.3
1759313220000,2025-10-01T10:07:00Z,116431.24
1759313280000,2025-10-01T10:08:00Z,116372.47
1759313340000,2025-10-01T10:09:00Z,116410.04
1759313400000,2025-10-01T10:10:00Z,116388.24
1759313460000,2025-10-01T10:11:00Z,116335.64
1759313520000,2025-10-01T10:12:00Z,116358.88
1759313580000,2025-10-01T10:13:00Z,116288.89
1759313640000,2025-10-01T10:14:00Z,116266.92
1759313700000,2025-10-01T10:15:00Z,116347.99
1759313760000,2025-10-01T10:16:00Z,116356.59
1759313820000,2025-10-01T10:17:00Z,116380.09
1759313880000,2025-10-01T10:18:00Z,116356.9
1759313940000,2025-10-01T10:19:00Z,116390.0
1759314000000,2025-10-01T10:20:00Z,116380.09
1759314060000,2025-10-01T10:21:00Z,116362.1
1759314120000,2025-10-01T10:22:00Z,116357.75
1759314180000,2025-10-01T10:23:00Z,116304.34
1759314240000,2025-10-01T10:24:00Z,116305.76
1759314300000,2025-10-01T10:25:00Z,116327.61
1759314360000,2025-10-01T10:26:00Z,116295.27
1759314420000,2025-10-01T10:27:00Z,116306.26
1759314480000,2025-10-01T10:28:00Z,116281.66
1759314540000,2025-10-01T10:29:00Z,116240.63
1759314600000,2025-10-01T10:30:00Z,116233.32
1759314660000,2025-10-01T10:31:00Z,116235.67
1759314720000,2025-10-01T10:32:00Z,116220.03
1759314780000,2025-10-01T10:33:00Z,116279.88
1759314840000,2025-10-01T10:34:00Z,116292.91
1759314900000,2025-10-01T10:35:00Z,116292.91
1759314960000,2025-10-01T10:36:00Z,116339.91
1759315020000,2025-10-01T10:37:00Z,116322.27
1759315080000,2025-10-01T10:38:00Z,116261.65
1759315140000,2025-10-01T10:39:00Z,116232.04
1759315200000,2025-10-01T10:40:00Z,116221.72
1759315260000,2025-10-01T10:41:00Z,116231.05
1759315320000,2025-10-01T10:42:00Z,116221.31
1759315380000,2025-10-01T10:43:00Z,116221.32
1759315440000,2025-10-01T10:44:00Z,116275.33
1759315500000,2025-10-01T10:45:00Z,116311.02
1759315560000,2025-10-01T10:46:00Z,116326.61
1759315620000,2025-10-01T10:47:00Z,116322.16
1759315680000,2025-10-01T10:48:00Z,116350.01
1759315740000,2025-10-01T10:49:00Z,116310.01
1759315800000,2025-10-01T10:50:00Z,116257.09
1759315860000,2025-10-01T10:51:00Z,116272.74
1759315920000,2025-10-01T10:52:00Z,116250.47
1759315980000,2025-10-01T10:53:00Z,116230.12
1759316040000,2025-10-01T10:54:00Z,116233.02
1759316100000,2025-10-01T10:55:00Z,116254.53
1759316160000,2025-10-01T10:56:00Z,116260.0
1759316220000,2025-10-01T10:57:00Z,116274.11
1759316280000,2025-10-01T10:58:00Z,116266.0
1759316340000,2025-10-01T10:59:00Z,116281.64
1759316400000,2025-10-01T11:00:00Z,116291.78
1759316460000,2025-10-01T11:01:00Z,116331.03
1759316520000,2025-10-01T11:02:00Z,116332.04
1759316580000,2025-10-01T11:03:00Z,116332.05
1759316640000,2025-10-01T11:04:00Z,116374.25
1759316700000,2025-10-01T11:05:00Z,116374.25
1759316760000,2025-10-01T11:06:00Z,116388.22
1759316820000,2025-10-01T11:07:00Z,116399.81
1759316880000,2025-10-01T11:08:00Z,116380.0
1759316940000,2025-10-01T11:09:00Z,116343.67
1759317000000,2025-10-01T11:10:00Z,116370.0
1759317060000,2025-10-01T11:11:00Z,116398.89
1759317120000,2025-10-01T11:12:00Z,116385.68
1759317180000,2025-10-01T11:13:00Z,116375.98
1759317240000,2025-10-01T11:14:00Z,116375.99
1759317300000,2025-10-01T11:15:00Z,116411.96
1759317360000,2025-10-01T11:16:00Z,116372.13
1759317420000,2025-10-01T11:17:00Z,116390.81
1759317480000,2025-10-01T11:18:00Z,116385.14
1759317540000,2025-10-01T11:19:00Z,116400.0
1759317600000,2025-10-01T11:20:00Z,116400.0
1759317660000,2025-10-01T11:21:00Z,116404.01
1759317720000,2025-10-01T11:22:00Z,116352.78
1759317780000,2025-10-01T11:23:00Z,116389.35
1759317840000,2025-10-01T11:24:00Z,116384.79
1759317900000,2025-10-01T11:25:00Z,116344.62
1759317960000,2025-10-01T11:26:00Z,116354.0
1759318020000,2025-10-01T11:27:00Z,116351.91
1759318080000,2025-10-01T11:28:00Z,116335.47
1759318140000,2025-10-01T11:29:00Z,116324.0
1759318200000,2025-10-01T11:30:00Z,116306.27
1759318260000,2025-10-01T11:31:00Z,116293.33
1759318320000,2025-10-01T11:32:00Z,116431.23
1759318380000,2025-10-01T11:33:00Z,116431.22
1759318440000,2025-10-01T11:34:00Z,116443.99
1759318500000,2025-10-01T11:35:00Z,116478.28
1759318560000,2025-10-01T11:36:00Z,116478.28
1759318620000,2025-10-01T11:37:00Z,116479.0
1759318680000,2025-10-01T11:38:00Z,116458.0
1759318740000,2025-10-01T11:39:00Z,116483.87
1759318800000,2025-10-01T11:40:00Z,116500.0
1759318860000,2025-10-01T11:41:00Z,116520.54
1759318920000,2025-10-01T11:42:00Z,116534.09
1759318980000,2025-10-01T11:43:00Z,116520.01
1759319040000,2025-10-01T11:44:00Z,116575.39
1759319100000,2025-10-01T11:45:00Z,116519.41
1759319160000,2025-10-01T11:46:00Z,116518.07
1759319220000,2025-10-01T11:47:00Z,116578.9
1759319280000,2025-10-01T11:48:00Z,116561.07
1759319340000,2025-10-01T11:49:00Z,116584.98
1759319400000,2025-10-01T11:50:00Z,116620.29
1759319460000,2025-10-01T11:51:00Z,116654.99
1759319520000,2025-10-01T11:52:00Z,116608.48
1759319580000,2025-10-01T11:53:00Z,116606.41
1759319640000,2025-10-01T11:54:00Z,116618.42
1759319700000,2025-10-01T11:55:00Z,116647.48
1759319760000,2025-10-01T11:56:00Z,116785.0
1759319820000,2025-10-01T11:57:00Z,116742.0
1759319880000,2025-10-01T11:58:00Z,116748.76
1759319940000,2025-10-01T11:59:00Z,116789.58
1759320000000,2025-10-01T12:00:00Z,116771.02
1759320060000,2025-10-01T12:01:00Z,116721.44
1759320120000,2025-10-01T12:02:00Z,116849.98
1759320180000,2025-10-01T12:03:00Z,116836.76
1759320240000,2025-10-01T12:04:00Z,116721.76
1759320300000,2025-10-01T12:05:00Z,116680.0
1759320360000,2025-10-01T12:06:00Z,116636.99
1759320420000,2025-10-01T12:07:00Z,116669.02
1759320480000,2025-10-01T12:08:00Z,116635.72
1759320540000,2025-10-01T12:09:00Z,116658.84
1759320600000,2025-10-01T12:10:00Z,116650.01
1759320660000,2025-10-01T12:11:00Z,116635.7
1759320720000,2025-10-01T12:12:00Z,116702.12
1759320780000,2025-10-01T12:13:00Z,116683.08
1759320840000,2025-10-01T12:14:00Z,116669.38
1759320900000,2025-10-01T12:15:00Z,116658.05
1759320960000,2025-10-01T12:16:00Z,116700.0
1759321020000,2025-10-01T12:17:00Z,116743.6
1759321080000,2025-10-01T12:18:00Z,116767.01
1759321140000,2025-10-01T12:19:00Z,116792.02
1759321200000,2025-10-01T12:20:00Z,116845.56
1759321260000,2025-10-01T12:21:00Z,116845.16
1759321320000,2025-10-01T12:22:00Z,116750.15
1759321380000,2025-10-01T12:23:00Z,116728.21
1759321440000,2025-10-01T12:24:00Z,116707.5
1759321500000,2025-10-01T12:25:00Z,116767.0
1759321560000,2025-10-01T12:26:00Z,116724.0
1759321620000,2025-10-01T12:27:00Z,116707.5
1759321680000,2025-10-01T12:28:00Z,116672.99
1759321740000,2025-10-01T12:29:00Z,116633.02
1759321800000,2025-10-01T12:30:00Z,116610.01
1759321860000,2025-10-01T12:31:00Z,116568.14
1759321920000,2025-10-01T12:32:00Z,116568.15
1759321980000,2025-10-01T12:33:00Z,116547.13
1759322040000,2025-10-01T12:34:00Z,116559.35
1759322100000,2025-10-01T12:35:00Z,116546.14
1759322160000,2025-10-01T12:36:00Z,116533.95
1759322220000,2025-10-01T12:37:00Z,116491.51
1759322280000,2025-10-01T12:38:00Z,116464.47
1759322340000,2025-10-01T12:39:00Z,116565.0
1759322400000,2025-10-01T12:40:00Z,116599.91
1759322460000,2025-10-01T12:41:00Z,116558.89
1759322520000,2025-10-01T12:42:00Z,116493.52
1759322580000,2025-10-01T12:43:00Z,116463.51
1759322640000,2025-10-01T12:44:00Z,116453.18
1759322700000,2025-10-01T12:45:00Z,116468.0
1759322760000,2025-10-01T12:46:00Z,116467.99
1759322820000,2025-10-01T12:47:00Z,116480.0
1759322880000,2025-10-01T12:48:00Z,116499.37
1759322940000,2025-10-01T12:49:00Z,116470.15
1759323000000,2025-10-01T12:50:00Z,116473.85
1759323060000,2025-10-01T12:51:00Z,116427.74
1759323120000,2025-10-01T12:52:00Z,116417.62
1759323180000,2025-10-01T12:53:00Z,116383.54
1759323240000,2025-10-01T12:54:00Z,116363.39
1759323300000,2025-10-01T12:55:00Z,116405.93
1759323360000,2025-10-01T12:56:00Z,116420.13
1759323420000,2025-10-01T12:57:00Z,116412.3
1759323480000,2025-10-01T12:58:00Z,116370.37
1759323540000,2025-10-01T12:59:00Z,116402.65
1759323600000,2025-10-01T13:00:00Z,116471.85
1759323660000,2025-10-01T13:01:00Z,116473.86
1759323720000,2025-10-01T13:02:00Z,116457.01
1759323780000,2025-10-01T13:03:00Z,116514.99
1759323840000,2025-10-01T13:04:00Z,116555.98
1759323900000,2025-10-01T13:05:00Z,116527.97
1759323960000,2025-10-01T13:06:00Z,116491.27
1759324020000,2025-10-01T13:07:00Z,116480.01
1759324080000,2025-10-01T13:08:00Z,116484.46
1759324140000,2025-10-01T13:09:00Z,116502.01
1759324200000,2025-10-01T13:10:00Z,116503.6
1759324260000,2025-10-01T13:11:00Z,116492.01
1759324320000,2025-10-01T13:12:00Z,116558.62
1759324380000,2025-10-01T13:13:00Z,116534.48
1759324440000,2025-10-01T13:14:00Z,116534.48
1759324500000,2025-10-01T13:15:00Z,116531.21
1759324560000,2025-10-01T13:16:00Z,116542.35
1759324620000,2025-10-01T13:17:00Z,116583.49
1759324680000,2025-10-01T13:18:00Z,116617.63
1759324740000,2025-10-01T13:19:00Z,116596.6
1759324800000,2025-10-01T13:20:00Z,116617.62
1759324860000,2025-10-01T13:21:00Z,116650.0
1759324920000,2025-10-01T13:22:00Z,116570.79
1759324980000,2025-10-01T13:23:00Z,116565.23
1759325040000,2025-10-01T13:24:00Z,116578.9
1759325100000,2025-10-01T13:25:00Z,116569.99
1759325160000,2025-10-01T13:26:00Z,116587.9
1759325220000,2025-10-01T13:27:00Z,116583.92
1759325280000,2025-10-01T13:28:00Z,116632.03
1759325340000,2025-10-01T13:29:00Z,116636.87
1759325400000,2025-10-01T13:30:00Z,116537.19
1759325460000,2025-10-01T13:31:00Z,116567.9
1759325520000,2025-10-01T13:32:00Z,116640.0
1759325580000,2025-10-01T13:33:00Z,116565.44
1759325640000,2025-10-01T13:34:00Z,116497.14
1759325700000,2025-10-01T13:35:00Z,116665.99
1759325760000,2025-10-01T13:36:00Z,116679.98
1759325820000,2025-10-01T13:37:00Z,116599.88
1759325880000,2025-10-01T13:38:00Z,116588.59
1759325940000,2025-10-01T13:39:00Z,116549.65
1759326000000,2025-10-01T13:40:00Z,116488.76
1759326060000,2025-10-01T13:41:00Z,116470.01
1759326120000,2025-10-01T13:42:00Z,116434.05
1759326180000,2025-10-01T13:43:00Z,116507.59
1759326240000,2025-10-01T13:44:00Z,116513.96
1759326300000,2025-10-01T13:45:00Z,116485.52
1759326360000,2025-10-01T13:46:00Z,116659.13
1759326420000,2025-10-01T13:47:00Z,116604.0
1759326480000,2025-10-01T13:48:00Z,116470.15
1759326540000,2025-10-01T13:49:00Z,116460.94
1759326600000,2025-10-01T13:50:00Z,116479.91
1759326660000,2025-10-01T13:51:00Z,116492.73
1759326720000,2025-10-01T13:52:00Z,116538.05
1759326780000,2025-10-01T13:53:00Z,116606.35
1759326840000,2025-10-01T13:54:00Z,116675.22
1759326900000,2025-10-01T13:55:00Z,116726.54
1759326960000,2025-10-01T13:56:00Z,116763.99
1759327020000,2025-10-01T13:57:00Z,116771.19
1759327080000,2025-10-01T13:58:00Z,116766.27
1759327140000,2025-10-01T13:59:00Z,116806.96
1759327200000,2025-10-01T14:00:00Z,116828.34
1759327260000,2025-10-01T14:01:00Z,116866.87
1759327320000,2025-10-01T14:02:00Z,117031.0
1759327380000,2025-10-01T14:03:00Z,117046.01
1759327440000,2025-10-01T14:04:00Z,117206.68
1759327500000,2025-10-01T14:05:00Z,117089.23
1759327560000,2025-10-01T14:06:00Z,117106.38
1759327620000,2025-10-01T14:07:00Z,117037.86
1759327680000,2025-10-01T14:08:00Z,116931.97
1759327740000,2025-10-01T14:09:00Z,117066.4
1759327800000,2025-10-01T14:10:00Z,117179.04
1759327860000,2025-10-01T14:11:00Z,117118.41
1759327920000,2025-10-01T14:12:00Z,117129.68
1759327980000,2025-10-01T14:13:00Z,117059.14
1759328040000,2025-10-01T14:14:00Z,117184.14
1759328100000,2025-10-01T14:15:00Z,117212.81
1759328160000,2025-10-01T14:16:00Z,117216.67
1759328220000,2025-10-01T14:17:00Z,117215.98
1759328280000,2025-10-01T14:18:00Z,117285.46
1759328340000,2025-10-01T14:19:00Z,117388.99
1759328400000,2025-10-01T14:20:00Z,117229.33
1759328460000,2025-10-01T14:21:00Z,117123.47
1759328520000,2025-10-01T14:22:00Z,117115.92
1759328580000,2025-10-01T14:23:00Z,117147.59
1759328640000,2025-10-01T14:24:00Z,117147.6
1759328700000,2025-10-01T14:25:00Z,117187.63
1759328760000,2025-10-01T14:26:00Z,117193.64
1759328820000,2025-10-01T14:27:00Z,117203.06
1759328880000,2025-10-01T14:28:00Z,117187.36
1759328940000,2025-10-01T14:29:00Z,117136.81
1759329000000,2025-10-01T14:30:00Z,117174.73
1759329060000,2025-10-01T14:31:00Z,117131.79
1759329120000,2025-10-01T14:32:00Z,117163.04
1759329180000,2025-10-01T14:33:00Z,117169.97
1759329240000,2025-10-01T14:34:00Z,117225.98
1759329300000,2025-10-01T14:35:00Z,117230.25
1759329360000,2025-10-01T14:36:00Z,117299.99
1759329420000,2025-10-01T14:37:00Z,117290.99
1759329480000,2025-10-01T14:38:00Z,117334.49
1759329540000,2025-10-01T14:39:00Z,117393.09
1759329600000,2025-10-01T14:40:00Z,117364.44
1759329660000,2025-10-01T14:41:00Z,117328.34
1759329720000,2025-10-01T14:42:00Z,117356.34
1759329780000,2025-10-01T14:43:00Z,117319.83
1759329840000,2025-10-01T14:44:00Z,117314.0
1759329900000,2025-10-01T14:45:00Z,117250.0
1759329960000,2025-10-01T14:46:00Z,117250.01
1759330020000,2025-10-01T14:47:00Z,117216.99
1759330080000,2025-10-01T14:48:00Z,117142.46
1759330140000,2025-10-01T14:49:00Z,117063.15
1759330200000,2025-10-01T14:50:00Z,117152.0
1759330260000,2025-10-01T14:51:00Z,117227.04
1759330320000,2025-10-01T14:52:00Z,117152.0
1759330380000,2025-10-01T14:53:00Z,117170.95
1759330440000,2025-10-01T14:54:00Z,117272.08
1759330500000,2025-10-01T14:55:00Z,117299.99
1759330560000,2025-10-01T14:56:00Z,117299.99
1759330620000,2025-10-01T14:57:00Z,117273.0
1759330680000,2025-10-01T14:58:00Z,117286.7
1759330740000,2025-10-01T14:59:00Z,117292.74
1759330800000,2025-10-01T15:00:00Z,117295.02
1759330860000,2025-10-01T15:01:00Z,117319.0
1759330920000,2025-10-01T15:02:00Z,117329.05
1759330980000,2025-10-01T15:03:00Z,117279.48
1759331040000,2025-10-01T15:04:00Z,117279.5
1759331100000,2025-10-01T15:05:00Z,117248.06
1759331160000,2025-10-01T15:06:00Z,117214.18
1759331220000,2025-10-01T15:07:00Z,117181.17
1759331280000,2025-10-01T15:08:00Z,117109.3
1759331340000,2025-10-01T15:09:00Z,117100.0
1759331400000,2025-10-01T15:10:00Z,117169.71
1759331460000,2025-10-01T15:11:00Z,117191.55
1759331520000,2025-10-01T15:12:00Z,117123.74
1759331580000,2025-10-01T15:13:00Z,117199.45
1759331640000,2025-10-01T15:14:00Z,117241.85
1759331700000,2025-10-01T15:15:00Z,117228.76
1759331760000,2025-10-01T15:16:00Z,117188.61
1759331820000,2025-10-01T15:17:00Z,117213.99
1759331880000,2025-10-01T15:18:00Z,117270.55
1759331940000,2025-10-01T15:19:00Z,117317.98
1759332000000,2025-10-01T15:20:00Z,117299.97
1759332060000,2025-10-01T15:21:00Z,117331.62
1759332120000,2025-10-01T15:22:00Z,117337.56
1759332180000,2025-10-01T15:23:00Z,117392.46
1759332240000,2025-10-01T15:24:00Z,117365.71
1759332300000,2025-10-01T15:25:00Z,117401.0
1759332360000,2025-10-01T15:26:00Z,117394.51
1759332420000,2025-10-01T15:27:00Z,117423.9
1759332480000,2025-10-01T15:28:00Z,117570.73
1759332540000,2025-10-01T15:29:00Z,117499.63
1759332600000,2025-10-01T15:30:00Z,117395.92
1759332660000,2025-10-01T15:31:00Z,117329.71
1759332720000,2025-10-01T15:32:00Z,117362.8
1759332780000,2025-10-01T15:33:00Z,117365.73
1759332840000,2025-10-01T15:34:00Z,117452.05
1759332900000,2025-10-01T15:35:00Z,117470.5
1759332960000,2025-10-01T15:36:00Z,117461.74
1759333020000,2025-10-01T15:37:00Z,117469.44
1759333080000,2025-10-01T15:38:00Z,117482.22
1759333140000,2025-10-01T15:39:00Z,117472.55
1759333200000,2025-10-01T15:40:00Z,117449.65
1759333260000,2025-10-01T15:41:00Z,117464.85
1759333320000,2025-10-01T15:42:00Z,117450.07
1759333380000,2025-10-01T15:43:00Z,117497.04
1759333440000,2025-10-01T15:44:00Z,117492.18
1759333500000,2025-10-01T15:45:00Z,117506.49
1759333560000,2025-10-01T15:46:00Z,117400.0
1759333620000,2025-10-01T15:47:00Z,117384.59
1759333680000,2025-10-01T15:48:00Z,117384.89
1759333740000,2025-10-01T15:49:00Z,117319.04
1759333800000,2025-10-01T15:50:00Z,117349.99
1759333860000,2025-10-01T15:51:00Z,117340.12
1759333920000,2025-10-01T15:52:00Z,117349.78
1759333980000,2025-10-01T15:53:00Z,117328.61
1759334040000,2025-10-01T15:54:00Z,117328.61
1759334100000,2025-10-01T15:55:00Z,117340.11
1759334160000,2025-10-01T15:56:00Z,117327.76
1759334220000,2025-10-01T15:57:00Z,117350.01
1759334280000,2025-10-01T15:58:00Z,117354.56
1759334340000,2025-10-01T15:59:00Z,117423.73
1759334400000,2025-10-01T16:00:00Z,117441.89
1759334460000,2025-10-01T16:01:00Z,117372.56
1759334520000,2025-10-01T16:02:00Z,117335.77
1759334580000,2025-10-01T16:03:00Z,117349.83
1759334640000,2025-10-01T16:04:00Z,117428.54
1759334700000,2025-10-01T16:05:00Z,117524.11
1759334760000,2025-10-01T16:06:00Z,117530.12
1759334820000,2025-10-01T16:07:00Z,117603.53
1759334880000,2025-10-01T16:08:00Z,117672.3
1759334940000,2025-10-01T16:09:00Z,117738.11
1759335000000,2025-10-01T16:10:00Z,117739.12
1759335060000,2025-10-01T16:11:00Z,117677.77
1759335120000,2025-10-01T16:12:00Z,117754.44
1759335180000,2025-10-01T16:13:00Z,117738.52
1759335240000,2025-10-01T16:14:00Z,117773.0
1759335300000,2025-10-01T16:15:00Z,117804.28
1759335360000,2025-10-01T16:16:00Z,117715.99
1759335420000,2025-10-01T16:17:00Z,117714.67
1759335480000,2025-10-01T16:18:00Z,117723.44
1759335540000,2025-10-01T16:19:00Z,117705.62
1759335600000,2025-10-01T16:20:00Z,117756.75
1759335660000,2025-10-01T16:21:00Z,117727.01
1759335720000,2025-10-01T16:22:00Z,117706.41
1759335780000,2025-10-01T16:23:00Z,117706.41
1759335840000,2025-10-01T16:24:00Z,117738.51
1759335900000,2025-10-01T16:25:00Z,117749.17
1759335960000,2025-10-01T16:26:00Z,117799.99
1759336020000,2025-10-01T16:27:00Z,117778.68
1759336080000,2025-10-01T16:28:00Z,117816.19
1759336140000,2025-10-01T16:29:00Z,117861.69
1759336200000,2025-10-01T16:30:00Z,117862.69
1759336260000,2025-10-01T16:31:00Z,117861.91
1759336320000,2025-10-01T16:32:00Z,117818.24
1759336380000,2025-10-01T16:33:00Z,117818.38
1759336440000,2025-10-01T16:34:00Z,117827.02
1759336500000,2025-10-01T16:35:00Z,117834.39
1759336560000,2025-10-01T16:36:00Z,117857.54
1759336620000,2025-10-01T16:37:00Z,118138.17
1759336680000,2025-10-01T16:38:00Z,117930.81
1759336740000,2025-10-01T16:39:00Z,117924.01
1759336800000,2025-10-01T16:40:00Z,118030.0
1759336860000,2025-10-01T16:41:00Z,117912.4
1759336920000,2025-10-01T16:42:00Z,117924.9
1759336980000,2025-10-01T16:43:00Z,117926.74
1759337040000,2025-10-01T16:44:00Z,117864.87
1759337100000,2025-10-01T16:45:00Z,117888.33
1759337160000,2025-10-01T16:46:00Z,117920.0
1759337220000,2025-10-01T16:47:00Z,117941.11
1759337280000,2025-10-01T16:48:00Z,117896.54
1759337340000,2025-10-01T16:49:00Z,117775.44
1759337400000,2025-10-01T16:50:00Z,117733.38
1759337460000,2025-10-01T16:51:00Z,117723.98
1759337520000,2025-10-01T16:52:00Z,117728.82
1759337580000,2025-10-01T16:53:00Z,117744.06
1759337640000,2025-10-01T16:54:00Z,117686.74
1759337700000,2025-10-01T16:55:00Z,117606.28
1759337760000,2025-10-01T16:56:00Z,117545.45
1759337820000,2025-10-01T16:57:00Z,117630.84
1759337880000,2025-10-01T16:58:00Z,117587.0
1759337940000,2025-10-01T16:59:00Z,117535.79
1759338000000,2025-10-01T17:00:00Z,117605.3
1759338060000,2025-10-01T17:01:00Z,117582.08
1759338120000,2025-10-01T17:02:00Z,117588.13
1759338180000,2025-10-01T17:03:00Z,117615.7
1759338240000,2025-10-01T17:04:00Z,117662.82
1759338300000,2025-10-01T17:05:00Z,117603.87
1759338360000,2025-10-01T17:06:00Z,117562.05
1759338420000,2025-10-01T17:07:00Z,117482.58
1759338480000,2025-10-01T17:08:00Z,117418.65
1759338540000,2025-10-01T17:09:00Z,117399.99
1759338600000,2025-10-01T17:10:00Z,117433.29
1759338660000,2025-10-01T17:11:00Z,117472.56
1759338720000,2025-10-01T17:12:00Z,117423.9
1759338780000,2025-10-01T17:13:00Z,117392.45
1759338840000,2025-10-01T17:14:00Z,117299.68
1759338900000,2025-10-01T17:15:00Z,117375.02
1759338960000,2025-10-01T17:16:00Z,117416.12
1759339020000,2025-10-01T17:17:00Z,117351.55
1759339080000,2025-10-01T17:18:00Z,117276.92
1759339140000,2025-10-01T17:19:00Z,117365.72
1759339200000,2025-10-01T17:20:00Z,117403.58
1759339260000,2025-10-01T17:21:00Z,117513.51
1759339320000,2025-10-01T17:22:00Z,117489.8
1759339380000,2025-10-01T17:23:00Z,117519.0
1759339440000,2025-10-01T17:24:00Z,117557.0
1759339500000,2025-10-01T17:25:00Z,117545.88
1759339560000,2025-10-01T17:26:00Z,117472.56
1759339620000,2025-10-01T17:27:00Z,117462.36
1759339680000,2025-10-01T17:28:00Z,117381.65
1759339740000,2025-10-01T17:29:00Z,117381.66
1759339800000,2025-10-01T17:30:00Z,117389.0
1759339860000,2025-10-01T17:31:00Z,117446.99
1759339920000,2025-10-01T17:32:00Z,117447.22
1759339980000,2025-10-01T17:33:00Z,117472.57
1759340040000,2025-10-01T17:34:00Z,117472.57
1759340100000,2025-10-01T17:35:00Z,117410.0
1759340160000,2025-10-01T17:36:00Z,117365.71
1759340220000,2025-10-01T17:37:00Z,117344.39
1759340280000,2025-10-01T17:38:00Z,117324.23
1759340340000,2025-10-01T17:39:00Z,117286.84
1759340400000,2025-10-01T17:40:00Z,117240.15
1759340460000,2025-10-01T17:41:00Z,117178.75
1759340520000,2025-10-01T17:42:00Z,117222.05
1759340580000,2025-10-01T17:43:00Z,117242.0
1759340640000,2025-10-01T17:44:00Z,117148.77
1759340700000,2025-10-01T17:45:00Z,117143.94
1759340760000,2025-10-01T17:46:00Z,117156.8
1759340820000,2025-10-01T17:47:00Z,117097.96
1759340880000,2025-10-01T17:48:00Z,117051.0
1759340940000,2025-10-01T17:49:00Z,116999.99
1759341000000,2025-10-01T17:50:00Z,117001.14
1759341060000,2025-10-01T17:51:00Z,116854.0
1759341120000,2025-10-01T17:52:00Z,116853.52
1759341180000,2025-10-01T17:53:00Z,116794.82
1759341240000,2025-10-01T17:54:00Z,116832.34
1759341300000,2025-10-01T17:55:00Z,116864.56
1759341360000,2025-10-01T17:56:00Z,116831.42
1759341420000,2025-10-01T17:57:00Z,116794.67
1759341480000,2025-10-01T17:58:00Z,116831.65
1759341540000,2025-10-01T17:59:00Z,116768.07
1759341600000,2025-10-01T18:00:00Z,116852.72
1759341660000,2025-10-01T18:01:00Z,116871.83
1759341720000,2025-10-01T18:02:00Z,116835.37
1759341780000,2025-10-01T18:03:00Z,116799.98
1759341840000,2025-10-01T18:04:00Z,116798.1
1759341900000,2025-10-01T18:05:00Z,116859.23
1759341960000,2025-10-01T18:06:00Z,116879.19
1759342020000,2025-10-01T18:07:00Z,116970.56
1759342080000,2025-10-01T18:08:00Z,116938.39
1759342140000,2025-10-01T18:09:00Z,116974.18
1759342200000,2025-10-01T18:10:00Z,116967.0
1759342260000,2025-10-01T18:11:00Z,116950.96
1759342320000,2025-10-01T18:12:00Z,116999.99
1759342380000,2025-10-01T18:13:00Z,117070.49
1759342440000,2025-10-01T18:14:00Z,117056.32
1759342500000,2025-10-01T18:15:00Z,117010.01
1759342560000,2025-10-01T18:16:00Z,116985.25
1759342620000,2025-10-01T18:17:00Z,116958.17
1759342680000,2025-10-01T18:18:00Z,116938.28
1759342740000,2025-10-01T18:19:00Z,116915.65
1759342800000,2025-10-01T18:20:00Z,116888.33
1759342860000,2025-10-01T18:21:00Z,116879.2
1759342920000,2025-10-01T18:22:00Z,116871.05
1759342980000,2025-10-01T18:23:00Z,116880.32
1759343040000,2025-10-01T18:24:00Z,116880.33
1759343100000,2025-10-01T18:25:00Z,116981.03
1759343160000,2025-10-01T18:26:00Z,117004.68
1759343220000,2025-10-01T18:27:00Z,117037.82
1759343280000,2025-10-01T18:28:00Z,117037.62
1759343340000,2025-10-01T18:29:00Z,117027.1
1759343400000,2025-10-01T18:30:00Z,117079.99
1759343460000,2025-10-01T18:31:00Z,117109.78
1759343520000,2025-10-01T18:32:00Z,117092.49
1759343580000,2025-10-01T18:33:00Z,117109.3
1759343640000,2025-10-01T18:34:00Z,117135.45
1759343700000,2025-10-01T18:35:00Z,117152.0
1759343760000,2025-10-01T18:36:00Z,117180.09
1759343820000,2025-10-01T18:37:00Z,117162.39
1759343880000,2025-10-01T18:38:00Z,117152.0
1759343940000,2025-10-01T18:39:00Z,117109.3
1759344000000,2025-10-01T18:40:00Z,117109.3
1759344060000,2025-10-01T18:41:00Z,117109.31
1759344120000,2025-10-01T18:42:00Z,117124.79
1759344180000,2025-10-01T18:43:00Z,117089.3
1759344240000,2025-10-01T18:44:00Z,117074.76
1759344300000,2025-10-01T18:45:00Z,117142.64
1759344360000,2025-10-01T18:46:00Z,117172.3
1759344420000,2025-10-01T18:47:00Z,117199.99
1759344480000,2025-10-01T18:48:00Z,117199.99
1759344540000,2025-10-01T18:49:00Z,117200.0
1759344600000,2025-10-01T18:50:00Z,117242.44
1759344660000,2025-10-01T18:51:00Z,117234.98
1759344720000,2025-10-01T18:52:00Z,117290.09
1759344780000,2025-10-01T18:53:00Z,117296.0
1759344840000,2025-10-01T18:54:00Z,117280.0
1759344900000,2025-10-01T18:55:00Z,117195.63
1759344960000,2025-10-01T18:56:00Z,117249.81
1759345020000,2025-10-01T18:57:00Z,117243.46
1759345080000,2025-10-01T18:58:00Z,117233.63
1759345140000,2025-10-01T18:59:00Z,117234.01
1759345200000,2025-10-01T19:00:00Z,117220.93
1759345260000,2025-10-01T19:01:00Z,117252.85
1759345320000,2025-10-01T19:02:00Z,117299.99
1759345380000,2025-10-01T19:03:00Z,117316.72
1759345440000,2025-10-01T19:04:00Z,117330.73
1759345500000,2025-10-01T19:05:00Z,117330.72
1759345560000,2025-10-01T19:06:00Z,117330.73
1759345620000,2025-10-01T19:07:00Z,117371.63
1759345680000,2025-10-01T19:08:00Z,117403.43
1759345740000,2025-10-01T19:09:00Z,117403.43
1759345800000,2025-10-01T19:10:00Z,117423.9
1759345860000,2025-10-01T19:11:00Z,117373.7
1759345920000,2025-10-01T19:12:00Z,117373.7
1759345980000,2025-10-01T19:13:00Z,117384.74
1759346040000,2025-10-01T19:14:00Z,117397.76
1759346100000,2025-10-01T19:15:00Z,117407.64
1759346160000,2025-10-01T19:16:00Z,117418.04
1759346220000,2025-10-01T19:17:00Z,117440.49
1759346280000,2025-10-01T19:18:00Z,117472.57
1759346340000,2025-10-01T19:19:00Z,117480.0
1759346400000,2025-10-01T19:20:00Z,117494.29
1759346460000,2025-10-01T19:21:00Z,117423.91
1759346520000,2025-10-01T19:22:00Z,117433.82
1759346580000,2025-10-01T19:23:00Z,117493.69
1759346640000,2025-10-01T19:24:00Z,117483.53
1759346700000,2025-10-01T19:25:00Z,117483.54
1759346760000,2025-10-01T19:26:00Z,117483.54
1759346820000,2025-10-01T19:27:00Z,117423.9
1759346880000,2025-10-01T19:28:00Z,117463.82
1759346940000,2025-10-01T19:29:00Z,117470.87
1759347000000,2025-10-01T19:30:00Z,117459.61
1759347060000,2025-10-01T19:31:00Z,117450.0
1759347120000,2025-10-01T19:32:00Z,117464.35
1759347180000,2025-10-01T19:33:00Z,117445.98
1759347240000,2025-10-01T19:34:00Z,117470.45
1759347300000,2025-10-01T19:35:00Z,117394.0
1759347360000,2025-10-01T19:36:00Z,117332.17
1759347420000,2025-10-01T19:37:00Z,117367.81
1759347480000,2025-10-01T19:38:00Z,117423.99
1759347540000,2025-10-01T19:39:00Z,117470.44
1759347600000,2025-10-01T19:40:00Z,117525.13
1759347660000,2025-10-01T19:41:00Z,117575.63
1759347720000,2025-10-01T19:42:00Z,117623.59
1759347780000,2025-10-01T19:43:00Z,117511.86
1759347840000,2025-10-01T19:44:00Z,117536.9
1759347900000,2025-10-01T19:45:00Z,117540.53
1759347960000,2025-10-01T19:46:00Z,117571.07
1759348020000,2025-10-01T19:47:00Z,117586.44
1759348080000,2025-10-01T19:48:00Z,117586.46
1759348140000,2025-10-01T19:49:00Z,117529.85
1759348200000,2025-10-01T19:50:00Z,117482.01
1759348260000,2025-10-01T19:51:00Z,117511.1
1759348320000,2025-10-01T19:52:00Z,117490.73
1759348380000,2025-10-01T19:53:00Z,117500.33
1759348440000,2025-10-01T19:54:00Z,117447.99
1759348500000,2025-10-01T19:55:00Z,117379.32
1759348560000,2025-10-01T19:56:00Z,117311.48
1759348620000,2025-10-01T19:57:00Z,117386.23
1759348680000,2025-10-01T19:58:00Z,117423.9
1759348740000,2025-10-01T19:59:00Z,117439.53
1759348800000,2025-10-01T20:00:00Z,117347.78
1759348860000,2025-10-01T20:01:00Z,117363.34
1759348920000,2025-10-01T20:02:00Z,117373.0
1759348980000,2025-10-01T20:03:00Z,117373.0
1759349040000,2025-10-01T20:04:00Z,117381.01
1759349100000,2025-10-01T20:05:00Z,117411.79
1759349160000,2025-10-01T20:06:00Z,117440.99
1759349220000,2025-10-01T20:07:00Z,117329.02
1759349280000,2025-10-01T20:08:00Z,117258.86
1759349340000,2025-10-01T20:09:00Z,117214.17
1759349400000,2025-10-01T20:10:00Z,117261.93
1759349460000,2025-10-01T20:11:00Z,117287.0
1759349520000,2025-10-01T20:12:00Z,117270.33
1759349580000,2025-10-01T20:13:00Z,117163.26
1759349640000,2025-10-01T20:14:00Z,117210.79
1759349700000,2025-10-01T20:15:00Z,117286.38
1759349760000,2025-10-01T20:16:00Z,117326.82
1759349820000,2025-10-01T20:17:00Z,117300.0
1759349880000,2025-10-01T20:18:00Z,117252.2
1759349940000,2025-10-01T20:19:00Z,117278.97
1759350000000,2025-10-01T20:20:00Z,117257.14
1759350060000,2025-10-01T20:21:00Z,117262.15
1759350120000,2025-10-01T20:22:00Z,117270.65
1759350180000,2025-10-01T20:23:00Z,117289.12
1759350240000,2025-10-01T20:24:00Z,117314.01
1759350300000,2025-10-01T20:25:00Z,117324.8
1759350360000,2025-10-01T20:26:00Z,117324.8
1759350420000,2025-10-01T20:27:00Z,117332.92
1759350480000,2025-10-01T20:28:00Z,117374.62
1759350540000,2025-10-01T20:29:00Z,117393.72
1759350600000,2025-10-01T20:30:00Z,117393.71
1759350660000,2025-10-01T20:31:00Z,117378.78
1759350720000,2025-10-01T20:32:00Z,117393.11
1759350780000,2025-10-01T20:33:00Z,117393.1
1759350840000,2025-10-01T20:34:00Z,117391.06
1759350900000,2025-10-01T20:35:00Z,117368.82
1759350960000,2025-10-01T20:36:00Z,117384.04
1759351020000,2025-10-01T20:37:00Z,117337.64
1759351080000,2025-10-01T20:38:00Z,117359.09
1759351140000,2025-10-01T20:39:00Z,117343.7
1759351200000,2025-10-01T20:40:00Z,117343.69
1759351260000,2025-10-01T20:41:00Z,117319.04
1759351320000,2025-10-01T20:42:00Z,117343.69
1759351380000,2025-10-01T20:43:00Z,117365.96
1759351440000,2025-10-01T20:44:00Z,117376.75
1759351500000,2025-10-01T20:45:00Z,117382.99
1759351560000,2025-10-01T20:46:00Z,117336.0
1759351620000,2025-10-01T20:47:00Z,117306.52
1759351680000,2025-10-01T20:48:00Z,117306.52
1759351740000,2025-10-01T20:49:00Z,117306.99
1759351800000,2025-10-01T20:50:00Z,117306.99
1759351860000,2025-10-01T20:51:00Z,117374.36
1759351920000,2025-10-01T20:52:00Z,117412.04
1759351980000,2025-10-01T20:53:00Z,117493.1
1759352040000,2025-10-01T20:54:00Z,117528.14
1759352100000,2025-10-01T20:55:00Z,117485.01
1759352160000,2025-10-01T20:56:00Z,117472.56
1759352220000,2025-10-01T20:57:00Z,117472.57
1759352280000,2025-10-01T20:58:00Z,117502.38
1759352340000,2025-10-01T20:59:00Z,117536.12
1759352400000,2025-10-01T21:00:00Z,117537.63
1759352460000,2025-10-01T21:01:00Z,117567.69
1759352520000,2025-10-01T21:02:00Z,117540.92
1759352580000,2025-10-01T21:03:00Z,117519.77
1759352640000,2025-10-01T21:04:00Z,117528.78
1759352700000,2025-10-01T21:05:00Z,117528.78
1759352760000,2025-10-01T21:06:00Z,117540.49
1759352820000,2025-10-01T21:07:00Z,117540.49
1759352880000,2025-10-01T21:08:00Z,117513.99
1759352940000,2025-10-01T21:09:00Z,117492.9
1759353000000,2025-10-01T21:10:00Z,117472.57
1759353060000,2025-10-01T21:11:00Z,117472.56
1759353120000,2025-10-01T21:12:00Z,117510.9
1759353180000,2025-10-01T21:13:00Z,117509.56
1759353240000,2025-10-01T21:14:00Z,117579.43
1759353300000,2025-10-01T21:15:00Z,117559.45
1759353360000,2025-10-01T21:16:00Z,117533.34
1759353420000,2025-10-01T21:17:00Z,117533.33
1759353480000,2025-10-01T21:18:00Z,117533.34
1759353540000,2025-10-01T21:19:00Z,117554.97
1759353600000,2025-10-01T21:20:00Z,117531.41
1759353660000,2025-10-01T21:21:00Z,117501.62
1759353720000,2025-10-01T21:22:00Z,117501.62
1759353780000,2025-10-01T21:23:00Z,117472.57
1759353840000,2025-10-01T21:24:00Z,117472.56
1759353900000,2025-10-01T21:25:00Z,117423.91
1759353960000,2025-10-01T21:26:00Z,117466.99
1759354020000,2025-10-01T21:27:00Z,117488.9
1759354080000,2025-10-01T21:28:00Z,117488.9
1759354140000,2025-10-01T21:29:00Z,117490.0
1759354200000,2025-10-01T21:30:00Z,117482.47
1759354260000,2025-10-01T21:31:00Z,117472.57
1759354320000,2025-10-01T21:32:00Z,117426.12
1759354380000,2025-10-01T21:33:00Z,117412.01
1759354440000,2025-10-01T21:34:00Z,117412.0
1759354500000,2025-10-01T21:35:00Z,117412.0
1759354560000,2025-10-01T21:36:00Z,117383.2
1759354620000,2025-10-01T21:37:00Z,117365.85
1759354680000,2025-10-01T21:38:00Z,117347.01
1759354740000,2025-10-01T21:39:00Z,117367.59
1759354800000,2025-10-01T21:40:00Z,117342.01
1759354860000,2025-10-01T21:41:00Z,117339.54
1759354920000,2025-10-01T21:42:00Z,117360.7
1759354980000,2025-10-01T21:43:00Z,117373.2
1759355040000,2025-10-01T21:44:00Z,117366.05
1759355100000,2025-10-01T21:45:00Z,117367.8
1759355160000,2025-10-01T21:46:00Z,117375.35
1759355220000,2025-10-01T21:47:00Z,117469.99
1759355280000,2025-10-01T21:48:00Z,117487.81
1759355340000,2025-10-01T21:49:00Z,117472.57
1759355400000,2025-10-01T21:50:00Z,117408.91
1759355460000,2025-10-01T21:51:00Z,117422.72
1759355520000,2025-10-01T21:52:00Z,117432.43
1759355580000,2025-10-01T21:53:00Z,117432.44
1759355640000,2025-10-01T21:54:00Z,117439.99
1759355700000,2025-10-01T21:55:00Z,117453.81
1759355760000,2025-10-01T21:56:00Z,117469.99
1759355820000,2025-10-01T21:57:00Z,117469.99
1759355880000,2025-10-01T21:58:00Z,117507.82
1759355940000,2025-10-01T21:59:00Z,117554.96
1759356000000,2025-10-01T22:00:00Z,117570.0
1759356060000,2025-10-01T22:01:00Z,117738.51
1759356120000,2025-10-01T22:02:00Z,117706.67
1759356180000,2025-10-01T22:03:00Z,117690.39
1759356240000,2025-10-01T22:04:00Z,117741.34
1759356300000,2025-10-01T22:05:00Z,117804.65
1759356360000,2025-10-01T22:06:00Z,117877.38
1759356420000,2025-10-01T22:07:00Z,117948.25
1759356480000,2025-10-01T22:08:00Z,117948.26
1759356540000,2025-10-01T22:09:00Z,117858.0
1759356600000,2025-10-01T22:10:00Z,117855.19
1759356660000,2025-10-01T22:11:00Z,117850.95
1759356720000,2025-10-01T22:12:00Z,117843.39
1759356780000,2025-10-01T22:13:00Z,117866.0
1759356840000,2025-10-01T22:14:00Z,117835.0
1759356900000,2025-10-01T22:15:00Z,117830.62
1759356960000,2025-10-01T22:16:00Z,117839.89
1759357020000,2025-10-01T22:17:00Z,117888.1
1759357080000,2025-10-01T22:18:00Z,117863.86
1759357140000,2025-10-01T22:19:00Z,117792.22
1759357200000,2025-10-01T22:20:00Z,117775.31
1759357260000,2025-10-01T22:21:00Z,117775.3
1759357320000,2025-10-01T22:22:00Z,117779.71
1759357380000,2025-10-01T22:23:00Z,117779.72
1759357440000,2025-10-01T22:24:00Z,117789.61
1759357500000,2025-10-01T22:25:00Z,117793.14
1759357560000,2025-10-01T22:26:00Z,117820.52
1759357620000,2025-10-01T22:27:00Z,117824.49
1759357680000,2025-10-01T22:28:00Z,117800.0
1759357740000,2025-10-01T22:29:00Z,117800.01
1759357800000,2025-10-01T22:30:00Z,117775.71
1759357860000,2025-10-01T22:31:00Z,117789.75
1759357920000,2025-10-01T22:32:00Z,117799.99
1759357980000,2025-10-01T22:33:00Z,117789.76
1759358040000,2025-10-01T22:34:00Z,117789.76
1759358100000,2025-10-01T22:35:00Z,117779.56
1759358160000,2025-10-01T22:36:00Z,117722.12
1759358220000,2025-10-01T22:37:00Z,117730.51
1759358280000,2025-10-01T22:38:00Z,117686.28
1759358340000,2025-10-01T22:39:00Z,117648.26
1759358400000,2025-10-01T22:40:00Z,117671.69
1759358460000,2025-10-01T22:41:00Z,117644.97
1759358520000,2025-10-01T22:42:00Z,117692.98
1759358580000,2025-10-01T22:43:00Z,117652.58
1759358640000,2025-10-01T22:44:00Z,117652.42
1759358700000,2025-10-01T22:45:00Z,117679.99
1759358760000,2025-10-01T22:46:00Z,117765.45
1759358820000,2025-10-01T22:47:00Z,117801.74
1759358880000,2025-10-01T22:48:00Z,117801.74
1759358940000,2025-10-01T22:49:00Z,117843.38
1759359000000,2025-10-01T22:50:00Z,117811.99
1759359060000,2025-10-01T22:51:00Z,117843.4
1759359120000,2025-10-01T22:52:00Z,117843.35
1759359180000,2025-10-01T22:53:00Z,117843.34
1759359240000,2025-10-01T22:54:00Z,117840.01
1759359300000,2025-10-01T22:55:00Z,117841.14
1759359360000,2025-10-01T22:56:00Z,117841.14
1759359420000,2025-10-01T22:57:00Z,117817.84
1759359480000,2025-10-01T22:58:00Z,117759.57
1759359540000,2025-10-01T22:59:00Z,117745.39
1759359600000,2025-10-01T23:00:00Z,117736.07
1759359660000,2025-10-01T23:01:00Z,117686.29
1759359720000,2025-10-01T23:02:00Z,117708.51
1759359780000,2025-10-01T23:03:00Z,117708.52
1759359840000,2025-10-01T23:04:00Z,117747.14
1759359900000,2025-10-01T23:05:00Z,117779.99
1759359960000,2025-10-01T23:06:00Z,117817.93
1759360020000,2025-10-01T23:07:00Z,117841.15
1759360080000,2025-10-01T23:08:00Z,117861.58
1759360140000,2025-10-01T23:09:00Z,117849.1
1759360200000,2025-10-01T23:10:00Z,117836.18
1759360260000,2025-10-01T23:11:00Z,117857.62
1759360320000,2025-10-01T23:12:00Z,117869.99
1759360380000,2025-10-01T23:13:00Z,117911.09
1759360440000,2025-10-01T23:14:00Z,117946.47
1759360500000,2025-10-01T23:15:00Z,117964.64
1759360560000,2025-10-01T23:16:00Z,118173.94
1759360620000,2025-10-01T23:17:00Z,118203.0
1759360680000,2025-10-01T23:18:00Z,118259.99
1759360740000,2025-10-01T23:19:00Z,118359.01
1759360800000,2025-10-01T23:20:00Z,118294.51
1759360860000,2025-10-01T23:21:00Z,118228.62
1759360920000,2025-10-01T23:22:00Z,118299.99
1759360980000,2025-10-01T23:23:00Z,118301.17
1759361040000,2025-10-01T23:24:00Z,118346.16
1759361100000,2025-10-01T23:25:00Z,118344.73
1759361160000,2025-10-01T23:26:00Z,118262.46
1759361220000,2025-10-01T23:27:00Z,118268.3
1759361280000,2025-10-01T23:28:00Z,118307.2
1759361340000,2025-10-01T23:29:00Z,118352.59
1759361400000,2025-10-01T23:30:00Z,118348.14
1759361460000,2025-10-01T23:31:00Z,118285.42
1759361520000,2025-10-01T23:32:00Z,118214.48
1759361580000,2025-10-01T23:33:00Z,118195.21
1759361640000,2025-10-01T23:34:00Z,118110.53
1759361700000,2025-10-01T23:35:00Z,118101.81
1759361760000,2025-10-01T23:36:00Z,118179.73
1759361820000,2025-10-01T23:37:00Z,118184.08
1759361880000,2025-10-01T23:38:00Z,118200.0
1759361940000,2025-10-01T23:39:00Z,118208.99
1759362000000,2025-10-01T23:40:00Z,118293.54
1759362060000,2025-10-01T23:41:00Z,118347.38
1759362120000,2025-10-01T23:42:00Z,118355.0
1759362180000,2025-10-01T23:43:00Z,118355.0
1759362240000,2025-10-01T23:44:00Z,118310.49
1759362300000,2025-10-01T23:45:00Z,118336.9
1759362360000,2025-10-01T23:46:00Z,118275.46
1759362420000,2025-10-01T23:47:00Z,118346.91
1759362480000,2025-10-01T23:48:00Z,118365.76
1759362540000,2025-10-01T23:49:00Z,118388.51
1759362600000,2025-10-01T23:50:00Z,118391.75
1759362660000,2025-10-01T23:51:00Z,118378.73
1759362720000,2025-10-01T23:52:00Z,118349.81
1759362780000,2025-10-01T23:53:00Z,118344.71
1759362840000,2025-10-01T23:54:00Z,118389.59
1759362900000,2025-10-01T23:55:00Z,118457.52
1759362960000,2025-10-01T23:56:00Z,118502.0
1759363020000,2025-10-01T23:57:00Z,118536.15
1759363080000,2025-10-01T23:58:00Z,118610.8
1759363140000,2025-10-01T23:59:00Z,118594.99
1759363200000,2025-10-02T00:00:00Z,118703.35
1759363260000,2025-10-02T00:01:00Z,118896.66
1759363320000,2025-10-02T00:02:00Z,118968.63
1759363380000,2025-10-02T00:03:00Z,118923.4
1759363440000,2025-10-02T00:04:00Z,119060.32
1759363500000,2025-10-02T00:05:00Z,119091.15
1759363560000,2025-10-02T00:06:00Z,119180.31
1759363620000,2025-10-02T00:07:00Z,119284.23
1759363680000,2025-10-02T00:08:00Z,119333.0
1759363740000,2025-10-02T00:09:00Z,119389.63
1759363800000,2025-10-02T00:10:00Z,119152.5
1759363860000,2025-10-02T00:11:00Z,119262.23
1759363920000,2025-10-02T00:12:00Z,119140.35
1759363980000,2025-10-02T00:13:00Z,119201.7
1759364040000,2025-10-02T00:14:00Z,119153.8
1759364100000,2025-10-02T00:15:00Z,119097.16
1759364160000,2025-10-02T00:16:00Z,119148.23
1759364220000,2025-10-02T00:17:00Z,119080.12
1759364280000,2025-10-02T00:18:00Z,119011.72
1759364340000,2025-10-02T00:19:00Z,118986.0
1759364400000,2025-10-02T00:20:00Z,119007.45
1759364460000,2025-10-02T00:21:00Z,118960.77
1759364520000,2025-10-02T00:22:00Z,119020.94
1759364580000,2025-10-02T00:23:00Z,118996.92
1759364640000,2025-10-02T00:24:00Z,119028.11
1759364700000,2025-10-02T00:25:00Z,118973.83
1759364760000,2025-10-02T00:26:00Z,118970.99
1759364820000,2025-10-02T00:27:00Z,118961.46
1759364880000,2025-10-02T00:28:00Z,118984.75
1759364940000,2025-10-02T00:29:00Z,118936.68
1759365000000,2025-10-02T00:30:00Z,118924.48
1759365060000,2025-10-02T00:31:00Z,118869.86
1759365120000,2025-10-02T00:32:00Z,118835.2
1759365180000,2025-10-02T00:33:00Z,118790.96
1759365240000,2025-10-02T00:34:00Z,118761.36
1759365300000,2025-10-02T00:35:00Z,118742.41
1759365360000,2025-10-02T00:36:00Z,118703.22
1759365420000,2025-10-02T00:37:00Z,118807.31
1759365480000,2025-10-02T00:38:00Z,118832.26
1759365540000,2025-10-02T00:39:00Z,118834.76
1759365600000,2025-10-02T00:40:00Z,118709.21
1759365660000,2025-10-02T00:41:00Z,118623.56
1759365720000,2025-10-02T00:42:00Z,118580.68
1759365780000,2025-10-02T00:43:00Z,118557.17
1759365840000,2025-10-02T00:44:00Z,118592.33
1759365900000,2025-10-02T00:45:00Z,118603.92
1759365960000,2025-10-02T00:46:00Z,118572.59
1759366020000,2025-10-02T00:47:00Z,118572.49
1759366080000,2025-10-02T00:48:00Z,118677.42
1759366140000,2025-10-02T00:49:00Z,118652.97
1759366200000,2025-10-02T00:50:00Z,118593.49
1759366260000,2025-10-02T00:51:00Z,118538.38
1759366320000,2025-10-02T00:52:00Z,118500.0
1759366380000,2025-10-02T00:53:00Z,118578.56
1759366440000,2025-10-02T00:54:00Z,118565.29
1759366500000,2025-10-02T00:55:00Z,118520.0
1759366560000,2025-10-02T00:56:00Z,118471.46
1759366620000,2025-10-02T00:57:00Z,118480.15
1759366680000,2025-10-02T00:58:00Z,118444.44
1759366740000,2025-10-02T00:59:00Z,118428.46
1759366800000,2025-10-02T01:00:00Z,118419.81
1759366860000,2025-10-02T01:01:00Z,118376.01
1759366920000,2025-10-02T01:02:00Z,118499.99
1759366980000,2025-10-02T01:03:00Z,118635.72
1759367040000,2025-10-02T01:04:00Z,118573.14
1759367100000,2025-10-02T01:05:00Z,118530.11
1759367160000,2025-10-02T01:06:00Z,118631.52
1759367220000,2025-10-02T01:07:00Z,118638.0
1759367280000,2025-10-02T01:08:00Z,118600.01
1759367340000,2025-10-02T01:09:00Z,118619.04
1759367400000,2025-10-02T01:10:00Z,118607.27
1759367460000,2025-10-02T01:11:00Z,118627.53
1759367520000,2025-10-02T01:12:00Z,118655.71
1759367580000,2025-10-02T01:13:00Z,118681.64
1759367640000,2025-10-02T01:14:00Z,118695.0
1759367700000,2025-10-02T01:15:00Z,118682.19
1759367760000,2025-10-02T01:16:00Z,118640.29
1759367820000,2025-10-02T01:17:00Z,118527.43
1759367880000,2025-10-02T01:18:00Z,118529.2
1759367940000,2025-10-02T01:19:00Z,118468.9
1759368000000,2025-10-02T01:20:00Z,118459.22
1759368060000,2025-10-02T01:21:00Z,118480.24
1759368120000,2025-10-02T01:22:00Z,118534.01
1759368180000,2025-10-02T01:23:00Z,118534.0
1759368240000,2025-10-02T01:24:00Z,118531.92
1759368300000,2025-10-02T01:25:00Z,118604.76
1759368360000,2025-10-02T01:26:00Z,118511.23
1759368420000,2025-10-02T01:27:00Z,118483.21
1759368480000,2025-10-02T01:28:00Z,118485.0
1759368540000,2025-10-02T01:29:00Z,118485.0
1759368600000,2025-10-02T01:30:00Z,118504.51
1759368660000,2025-10-02T01:31:00Z,118546.39
1759368720000,2025-10-02T01:32:00Z,118649.99
1759368780000,2025-10-02T01:33:00Z,118643.82
1759368840000,2025-10-02T01:34:00Z,118640.5
1759368900000,2025-10-02T01:35:00Z,118576.59
1759368960000,2025-10-02T01:36:00Z,118577.09
1759369020000,2025-10-02T01:37:00Z,118546.39
1759369080000,2025-10-02T01:38:00Z,118562.56
1759369140000,2025-10-02T01:39:00Z,118699.99
1759369200000,2025-10-02T01:40:00Z,118677.61
1759369260000,2025-10-02T01:41:00Z,118698.47
1759369320000,2025-10-02T01:42:00Z,118709.32
1759369380000,2025-10-02T01:43:00Z,118710.05
1759369440000,2025-10-02T01:44:00Z,118719.99
1759369500000,2025-10-02T01:45:00Z,118802.86
1759369560000,2025-10-02T01:46:00Z,118818.69
1759369620000,2025-10-02T01:47:00Z,118839.85
1759369680000,2025-10-02T01:48:00Z,118885.75
1759369740000,2025-10-02T01:49:00Z,118810.56
1759369800000,2025-10-02T01:50:00Z,118799.39
1759369860000,2025-10-02T01:51:00Z,118720.95
1759369920000,2025-10-02T01:52:00Z,118783.06
1759369980000,2025-10-02T01:53:00Z,118764.39
1759370040000,2025-10-02T01:54:00Z,118772.15
1759370100000,2025-10-02T01:55:00Z,118760.22
1759370160000,2025-10-02T01:56:00Z,118717.8
1759370220000,2025-10-02T01:57:00Z,118662.68
1759370280000,2025-10-02T01:58:00Z,118668.76
1759370340000,2025-10-02T01:59:00Z,118617.37
1759370400000,2025-10-02T02:00:00Z,118638.28
1759370460000,2025-10-02T02:01:00Z,118588.35
1759370520000,2025-10-02T02:02:00Z,118598.54
1759370580000,2025-10-02T02:03:00Z,118661.36
1759370640000,2025-10-02T02:04:00Z,118592.95
1759370700000,2025-10-02T02:05:00Z,118550.09
1759370760000,2025-10-02T02:06:00Z,118554.13
1759370820000,2025-10-02T02:07:00Z,118611.69
1759370880000,2025-10-02T02:08:00Z,118633.87
1759370940000,2025-10-02T02:09:00Z,118606.52
1759371000000,2025-10-02T02:10:00Z,118575.38
1759371060000,2025-10-02T02:11:00Z,118650.92
1759371120000,2025-10-02T02:12:00Z,118707.34
1759371180000,2025-10-02T02:13:00Z,118643.1
1759371240000,2025-10-02T02:14:00Z,118701.5
1759371300000,2025-10-02T02:15:00Z,118743.57
1759371360000,2025-10-02T02:16:00Z,118745.26
1759371420000,2025-10-02T02:17:00Z,118744.7
1759371480000,2025-10-02T02:18:00Z,118722.12
1759371540000,2025-10-02T02:19:00Z,118745.81
1759371600000,2025-10-02T02:20:00Z,118668.32
1759371660000,2025-10-02T02:21:00Z,118633.55
1759371720000,2025-10-02T02:22:00Z,118605.95
1759371780000,2025-10-02T02:23:00Z,118594.92
1759371840000,2025-10-02T02:24:00Z,118701.01
1759371900000,2025-10-02T02:25:00Z,118726.49
1759371960000,2025-10-02T02:26:00Z,118621.0
1759372020000,2025-10-02T02:27:00Z,118563.61
1759372080000,2025-10-02T02:28:00Z,118550.43
1759372140000,2025-10-02T02:29:00Z,118531.85
1759372200000,2025-10-02T02:30:00Z,118515.36
1759372260000,2025-10-02T02:31:00Z,118500.01
1759372320000,2025-10-02T02:32:00Z,118502.32
1759372380000,2025-10-02T02:33:00Z,118546.36
1759372440000,2025-10-02T02:34:00Z,118582.09
1759372500000,2025-10-02T02:35:00Z,118594.44
1759372560000,2025-10-02T02:36:00Z,118678.19
1759372620000,2025-10-02T02:37:00Z,118719.01
1759372680000,2025-10-02T02:38:00Z,118665.82
1759372740000,2025-10-02T02:39:00Z,118680.65
1759372800000,2025-10-02T02:40:00Z,118644.57
1759372860000,2025-10-02T02:41:00Z,118621.65
1759372920000,2025-10-02T02:42:00Z,118724.84
1759372980000,2025-10-02T02:43:00Z,118706.08
1759373040000,2025-10-02T02:44:00Z,118672.32
1759373100000,2025-10-02T02:45:00Z,118690.69
1759373160000,2025-10-02T02:46:00Z,118710.08
1759373220000,2025-10-02T02:47:00Z,118722.61
1759373280000,2025-10-02T02:48:00Z,118728.06
1759373340000,2025-10-02T02:49:00Z,118722.8
1759373400000,2025-10-02T02:50:00Z,118723.05
1759373460000,2025-10-02T02:51:00Z,118748.73
1759373520000,2025-10-02T02:52:00Z,118734.2
1759373580000,2025-10-02T02:53:00Z,118748.67
1759373640000,2025-10-02T02:54:00Z,118727.65
1759373700000,2025-10-02T02:55:00Z,118706.95
1759373760000,2025-10-02T02:56:00Z,118697.13
1759373820000,2025-10-02T02:57:00Z,118694.89
1759373880000,2025-10-02T02:58:00Z,118751.01
1759373940000,2025-10-02T02:59:00Z,118753.73
1759374000000,2025-10-02T03:00:00Z,118747.96
1759374060000,2025-10-02T03:01:00Z,118813.36
1759374120000,2025-10-02T03:02:00Z,118829.28
1759374180000,2025-10-02T03:03:00Z,118770.2
1759374240000,2025-10-02T03:04:00Z,118815.29
1759374300000,2025-10-02T03:05:00Z,118810.08
1759374360000,2025-10-02T03:06:00Z,118756.0
1759374420000,2025-10-02T03:07:00Z,118813.01
1759374480000,2025-10-02T03:08:00Z,118880.53
1759374540000,2025-10-02T03:09:00Z,118934.6
1759374600000,2025-10-02T03:10:00Z,118991.01
1759374660000,2025-10-02T03:11:00Z,118953.62
1759374720000,2025-10-02T03:12:00Z,118866.15
1759374780000,2025-10-02T03:13:00Z,118882.26
1759374840000,2025-10-02T03:14:00Z,118867.21
1759374900000,2025-10-02T03:15:00Z,118844.4
1759374960000,2025-10-02T03:16:00Z,118815.88
1759375020000,2025-10-02T03:17:00Z,118805.1
1759375080000,2025-10-02T03:18:00Z,118805.11
1759375140000,2025-10-02T03:19:00Z,118825.4
1759375200000,2025-10-02T03:20:00Z,118900.98
1759375260000,2025-10-02T03:21:00Z,118896.21
1759375320000,2025-10-02T03:22:00Z,118896.22
1759375380000,2025-10-02T03:23:00Z,118914.68
1759375440000,2025-10-02T03:24:00Z,119003.24
1759375500000,2025-10-02T03:25:00Z,119000.0
1759375560000,2025-10-02T03:26:00Z,118965.01
1759375620000,2025-10-02T03:27:00Z,118956.02
1759375680000,2025-10-02T03:28:00Z,118929.59
1759375740000,2025-10-02T03:29:00Z,118937.32
1759375800000,2025-10-02T03:30:00Z,119000.01
1759375860000,2025-10-02T03:31:00Z,119012.97
1759375920000,2025-10-02T03:32:00Z,118944.77
1759375980000,2025-10-02T03:33:00Z,118930.52
1759376040000,2025-10-02T03:34:00Z,118934.46
1759376100000,2025-10-02T03:35:00Z,118876.55
1759376160000,2025-10-02T03:36:00Z,118843.08
1759376220000,2025-10-02T03:37:00Z,118813.0
1759376280000,2025-10-02T03:38:00Z,118815.6
1759376340000,2025-10-02T03:39:00Z,118831.47
1759376400000,2025-10-02T03:40:00Z,118831.4
1759376460000,2025-10-02T03:41:00Z,118871.99
1759376520000,2025-10-02T03:42:00Z,118902.48
1759376580000,2025-10-02T03:43:00Z,118983.64
1759376640000,2025-10-02T03:44:00Z,118968.99
1759376700000,2025-10-02T03:45:00Z,118874.1
1759376760000,2025-10-02T03:46:00Z,118872.31
1759376820000,2025-10-02T03:47:00Z,118821.07
1759376880000,2025-10-02T03:48:00Z,118805.45
1759376940000,2025-10-02T03:49:00Z,118775.56
1759377000000,2025-10-02T03:50:00Z,118798.26
1759377060000,2025-10-02T03:51:00Z,118798.26
1759377120000,2025-10-02T03:52:00Z,118798.26
1759377180000,2025-10-02T03:53:00Z,118756.26
1759377240000,2025-10-02T03:54:00Z,118726.41
1759377300000,2025-10-02T03:55:00Z,118740.2
1759377360000,2025-10-02T03:56:00Z,118752.56
1759377420000,2025-10-02T03:57:00Z,118742.0
1759377480000,2025-10-02T03:58:00Z,118749.96
1759377540000,2025-10-02T03:59:00Z,118733.99
1759377600000,2025-10-02T04:00:00Z,118724.23
1759377660000,2025-10-02T04:01:00Z,118688.37
1759377720000,2025-10-02T04:02:00Z,118715.42
1759377780000,2025-10-02T04:03:00Z,118738.0
1759377840000,2025-10-02T04:04:00Z,118827.08
1759377900000,2025-10-02T04:05:00Z,118868.99
1759377960000,2025-10-02T04:06:00Z,118852.54
1759378020000,2025-10-02T04:07:00Z,118862.18
1759378080000,2025-10-02T04:08:00Z,118887.68
1759378140000,2025-10-02T04:09:00Z,118924.44
1759378200000,2025-10-02T04:10:00Z,118876.88
1759378260000,2025-10-02T04:11:00Z,118876.88
1759378320000,2025-10-02T04:12:00Z,118899.99
1759378380000,2025-10-02T04:13:00Z,118910.14
1759378440000,2025-10-02T04:14:00Z,118891.36
1759378500000,2025-10-02T04:15:00Z,118840.01
1759378560000,2025-10-02T04:16:00Z,118810.75
1759378620000,2025-10-02T04:17:00Z,118787.47
1759378680000,2025-10-02T04:18:00Z,118773.21
1759378740000,2025-10-02T04:19:00Z,118773.2
1759378800000,2025-10-02T04:20:00Z,118742.75
1759378860000,2025-10-02T04:21:00Z,118759.99
1759378920000,2025-10-02T04:22:00Z,118734.75
1759378980000,2025-10-02T04:23:00Z,118693.23
1759379040000,2025-10-02T04:24:00Z,118632.5
1759379100000,2025-10-02T04:25:00Z,118597.2
1759379160000,2025-10-02T04:26:00Z,118605.99
1759379220000,2025-10-02T04:27:00Z,118588.73
1759379280000,2025-10-02T04:28:00Z,118568.18
1759379340000,2025-10-02T04:29:00Z,118568.18
1759379400000,2025-10-02T04:30:00Z,118568.18
1759379460000,2025-10-02T04:31:00Z,118572.1
1759379520000,2025-10-02T04:32:00Z,118583.94
1759379580000,2025-10-02T04:33:00Z,118580.94
1759379640000,2025-10-02T04:34:00Z,118556.44
1759379700000,2025-10-02T04:35:00Z,118556.44
1759379760000,2025-10-02T04:36:00Z,118502.03
1759379820000,2025-10-02T04:37:00Z,118530.98
1759379880000,2025-10-02T04:38:00Z,118502.05
1759379940000,2025-10-02T04:39:00Z,118498.47
1759380000000,2025-10-02T04:40:00Z,118498.48
1759380060000,2025-10-02T04:41:00Z,118506.48
1759380120000,2025-10-02T04:42:00Z,118470.67
1759380180000,2025-10-02T04:43:00Z,118517.54
1759380240000,2025-10-02T04:44:00Z,118592.31
1759380300000,2025-10-02T04:45:00Z,118573.94
1759380360000,2025-10-02T04:46:00Z,118500.01
1759380420000,2025-10-02T04:47:00Z,118555.77
1759380480000,2025-10-02T04:48:00Z,118587.93
1759380540000,2025-10-02T04:49:00Z,118618.73
1759380600000,2025-10-02T04:50:00Z,118647.91
1759380660000,2025-10-02T04:51:00Z,118610.82
1759380720000,2025-10-02T04:52:00Z,118587.92
1759380780000,2025-10-02T04:53:00Z,118623.05
1759380840000,2025-10-02T04:54:00Z,118599.32
1759380900000,2025-10-02T04:55:00Z,118562.15
1759380960000,2025-10-02T04:56:00Z,118557.57
1759381020000,2025-10-02T04:57:00Z,118579.99
1759381080000,2025-10-02T04:58:00Z,118664.99
1759381140000,2025-10-02T04:59:00Z,118662.04
1759381200000,2025-10-02T05:00:00Z,118661.26
1759381260000,2025-10-02T05:01:00Z,118670.01
1759381320000,2025-10-02T05:02:00Z,118670.0
1759381380000,2025-10-02T05:03:00Z,118650.78
1759381440000,2025-10-02T05:04:00Z,118653.91
1759381500000,2025-10-02T05:05:00Z,118625.27
1759381560000,2025-10-02T05:06:00Z,118625.27
1759381620000,2025-10-02T05:07:00Z,118607.37
1759381680000,2025-10-02T05:08:00Z,118536.62
1759381740000,2025-10-02T05:09:00Z,118590.99
1759381800000,2025-10-02T05:10:00Z,118582.92
1759381860000,2025-10-02T05:11:00Z,118582.92
1759381920000,2025-10-02T05:12:00Z,118505.3
1759381980000,2025-10-02T05:13:00Z,118505.3
1759382040000,2025-10-02T05:14:00Z,118530.3
1759382100000,2025-10-02T05:15:00Z,118547.31
1759382160000,2025-10-02T05:16:00Z,118520.54
1759382220000,2025-10-02T05:17:00Z,118502.32
1759382280000,2025-10-02T05:18:00Z,118479.61
1759382340000,2025-10-02T05:19:00Z,118450.01
1759382400000,2025-10-02T05:20:00Z,118452.96
1759382460000,2025-10-02T05:21:00Z,118437.22
1759382520000,2025-10-02T05:22:00Z,118415.41
1759382580000,2025-10-02T05:23:00Z,118406.68
1759382640000,2025-10-02T05:24:00Z,118519.99
1759382700000,2025-10-02T05:25:00Z,118535.64
1759382760000,2025-10-02T05:26:00Z,118600.0
1759382820000,2025-10-02T05:27:00Z,118604.46
1759382880000,2025-10-02T05:28:00Z,118610.52
1759382940000,2025-10-02T05:29:00Z,118643.92
1759383000000,2025-10-02T05:30:00Z,118522.47
1759383060000,2025-10-02T05:31:00Z,118489.77
1759383120000,2025-10-02T05:32:00Z,118570.59
1759383180000,2025-10-02T05:33:00Z,118556.88
1759383240000,2025-10-02T05:34:00Z,118509.51
1759383300000,2025-10-02T05:35:00Z,118490.29
1759383360000,2025-10-02T05:36:00Z,118474.47
1759383420000,2025-10-02T05:37:00Z,118458.37
1759383480000,2025-10-02T05:38:00Z,118450.0
1759383540000,2025-10-02T05:39:00Z,118396.3
1759383600000,2025-10-02T05:40:00Z,118479.99
1759383660000,2025-10-02T05:41:00Z,118513.94
1759383720000,2025-10-02T05:42:00Z,118531.01
1759383780000,2025-10-02T05:43:00Z,118526.29
1759383840000,2025-10-02T05:44:00Z,118473.15
1759383900000,2025-10-02T05:45:00Z,118469.13
1759383960000,2025-10-02T05:46:00Z,118460.77
1759384020000,2025-10-02T05:47:00Z,118445.38
1759384080000,2025-10-02T05:48:00Z,118422.78
1759384140000,2025-10-02T05:49:00Z,118382.69
1759384200000,2025-10-02T05:50:00Z,118382.43
1759384260000,2025-10-02T05:51:00Z,118382.44
1759384320000,2025-10-02T05:52:00Z,118283.42
1759384380000,2025-10-02T05:53:00Z,118369.23
1759384440000,2025-10-02T05:54:00Z,118352.01
1759384500000,2025-10-02T05:55:00Z,118329.99
1759384560000,2025-10-02T05:56:00Z,118342.93
1759384620000,2025-10-02T05:57:00Z,118391.69
1759384680000,2025-10-02T05:58:00Z,118377.44
1759384740000,2025-10-02T05:59:00Z,118377.34
1759384800000,2025-10-02T06:00:00Z,118367.93
1759384860000,2025-10-02T06:01:00Z,118316.66
1759384920000,2025-10-02T06:02:00Z,118351.19
1759384980000,2025-10-02T06:03:00Z,118343.99
1759385040000,2025-10-02T06:04:00Z,118359.99
1759385100000,2025-10-02T06:05:00Z,118414.99
1759385160000,2025-10-02T06:06:00Z,118429.21
1759385220000,2025-10-02T06:07:00Z,118454.43
1759385280000,2025-10-02T06:08:00Z,118509.53
1759385340000,2025-10-02T06:09:00Z,118464.37
1759385400000,2025-10-02T06:10:00Z,118468.59
1759385460000,2025-10-02T06:11:00Z,118468.58
1759385520000,2025-10-02T06:12:00Z,118415.0
1759385580000,2025-10-02T06:13:00Z,118415.0
1759385640000,2025-10-02T06:14:00Z,118415.0
1759385700000,2025-10-02T06:15:00Z,118447.49
1759385760000,2025-10-02T06:16:00Z,118425.42
1759385820000,2025-10-02T06:17:00Z,118425.43
1759385880000,2025-10-02T06:18:00Z,118425.42
1759385940000,2025-10-02T06:19:00Z,118425.38
1759386000000,2025-10-02T06:20:00Z,118452.83
1759386060000,2025-10-02T06:21:00Z,118440.0
1759386120000,2025-10-02T06:22:00Z,118430.0
1759386180000,2025-10-02T06:23:00Z,118430.01
1759386240000,2025-10-02T06:24:00Z,118420.0
1759386300000,2025-10-02T06:25:00Z,118452.82
1759386360000,2025-10-02T06:26:00Z,118458.55
1759386420000,2025-10-02T06:27:00Z,118445.1
1759386480000,2025-10-02T06:28:00Z,118495.01
1759386540000,2025-10-02T06:29:00Z,118460.64
1759386600000,2025-10-02T06:30:00Z,118549.84
1759386660000,2025-10-02T06:31:00Z,118533.42
1759386720000,2025-10-02T06:32:00Z,118575.26
1759386780000,2025-10-02T06:33:00Z,118539.57
1759386840000,2025-10-02T06:34:00Z,118566.77
1759386900000,2025-10-02T06:35:00Z,118567.8
1759386960000,2025-10-02T06:36:00Z,118547.78
1759387020000,2025-10-02T06:37:00Z,118543.6
1759387080000,2025-10-02T06:38:00Z,118564.62
1759387140000,2025-10-02T06:39:00Z,118542.08
1759387200000,2025-10-02T06:40:00Z,118578.6
1759387260000,2025-10-02T06:41:00Z,118599.48
1759387320000,2025-10-02T06:42:00Z,118671.26
1759387380000,2025-10-02T06:43:00Z,118644.94
1759387440000,2025-10-02T06:44:00Z,118640.99
1759387500000,2025-10-02T06:45:00Z,118583.83
1759387560000,2025-10-02T06:46:00Z,118542.63
1759387620000,2025-10-02T06:47:00Z,118523.1
1759387680000,2025-10-02T06:48:00Z,118548.84
1759387740000,2025-10-02T06:49:00Z,118570.92
1759387800000,2025-10-02T06:50:00Z,118555.61
1759387860000,2025-10-02T06:51:00Z,118559.34
1759387920000,2025-10-02T06:52:00Z,118567.19
1759387980000,2025-10-02T06:53:00Z,118576.39
1759388040000,2025-10-02T06:54:00Z,118576.39
1759388100000,2025-10-02T06:55:00Z,118576.39
1759388160000,2025-10-02T06:56:00Z,118576.38
1759388220000,2025-10-02T06:57:00Z,118605.0
1759388280000,2025-10-02T06:58:00Z,118636.0
1759388340000,2025-10-02T06:59:00Z,118649.06
1759388400000,2025-10-02T07:00:00Z,118620.01
1759388460000,2025-10-02T07:01:00Z,118596.99
1759388520000,2025-10-02T07:02:00Z,118595.01
1759388580000,2025-10-02T07:03:00Z,118642.0
1759388640000,2025-10-02T07:04:00Z,118660.18
1759388700000,2025-10-02T07:05:00Z,118637.9
1759388760000,2025-10-02T07:06:00Z,118586.88
1759388820000,2025-10-02T07:07:00Z,118550.02
1759388880000,2025-10-02T07:08:00Z,118594.79
1759388940000,2025-10-02T07:09:00Z,118655.01
1759389000000,2025-10-02T07:10:00Z,118673.8
1759389060000,2025-10-02T07:11:00Z,118654.17
1759389120000,2025-10-02T07:12:00Z,118660.39
1759389180000,2025-10-02T07:13:00Z,118660.38
1759389240000,2025-10-02T07:14:00Z,118659.16
1759389300000,2025-10-02T07:15:00Z,118647.44
1759389360000,2025-10-02T07:16:00Z,118641.45
1759389420000,2025-10-02T07:17:00Z,118623.6
1759389480000,2025-10-02T07:18:00Z,118623.99
1759389540000,2025-10-02T07:19:00Z,118623.99
1759389600000,2025-10-02T07:20:00Z,118565.07
1759389660000,2025-10-02T07:21:00Z,118520.77
1759389720000,2025-10-02T07:22:00Z,118553.61
1759389780000,2025-10-02T07:23:00Z,118499.99
1759389840000,2025-10-02T07:24:00Z,118500.0
1759389900000,2025-10-02T07:25:00Z,118500.0
1759389960000,2025-10-02T07:26:00Z,118521.62
1759390020000,2025-10-02T07:27:00Z,118500.01
1759390080000,2025-10-02T07:28:00Z,118521.61
1759390140000,2025-10-02T07:29:00Z,118521.61
1759390200000,2025-10-02T07:30:00Z,118488.0
1759390260000,2025-10-02T07:31:00Z,118487.87
1759390320000,2025-10-02T07:32:00Z,118453.54
1759390380000,2025-10-02T07:33:00Z,118453.7
1759390440000,2025-10-02T07:34:00Z,118430.41
1759390500000,2025-10-02T07:35:00Z,118473.47
1759390560000,2025-10-02T07:36:00Z,118440.31
1759390620000,2025-10-02T07:37:00Z,118482.44
1759390680000,2025-10-02T07:38:00Z,118493.66
1759390740000,2025-10-02T07:39:00Z,118512.23
1759390800000,2025-10-02T07:40:00Z,118475.82
1759390860000,2025-10-02T07:41:00Z,118441.95
1759390920000,2025-10-02T07:42:00Z,118467.86
1759390980000,2025-10-02T07:43:00Z,118474.46
1759391040000,2025-10-02T07:44:00Z,118462.28
1759391100000,2025-10-02T07:45:00Z,118481.17
1759391160000,2025-10-02T07:46:00Z,118492.66
1759391220000,2025-10-02T07:47:00Z,118474.08
1759391280000,2025-10-02T07:48:00Z,118474.48
1759391340000,2025-10-02T07:49:00Z,118472.29
1759391400000,2025-10-02T07:50:00Z,118450.0
1759391460000,2025-10-02T07:51:00Z,118432.47
1759391520000,2025-10-02T07:52:00Z,118466.06
1759391580000,2025-10-02T07:53:00Z,118445.52
1759391640000,2025-10-02T07:54:00Z,118459.99
1759391700000,2025-10-02T07:55:00Z,118448.36
1759391760000,2025-10-02T07:56:00Z,118455.62
1759391820000,2025-10-02T07:57:00Z,118503.6
1759391880000,2025-10-02T07:58:00Z,118489.77
1759391940000,2025-10-02T07:59:00Z,118489.76
1759392000000,2025-10-02T08:00:00Z,118567.55
1759392060000,2025-10-02T08:01:00Z,118531.28
1759392120000,2025-10-02T08:02:00Z,118541.5
1759392180000,2025-10-02T08:03:00Z,118519.28
1759392240000,2025-10-02T08:04:00Z,118420.01
1759392300000,2025-10-02T08:05:00Z,118452.57
1759392360000,2025-10-02T08:06:00Z,118455.21
1759392420000,2025-10-02T08:07:00Z,118446.6
1759392480000,2025-10-02T08:08:00Z,118467.05
1759392540000,2025-10-02T08:09:00Z,118452.57
1759392600000,2025-10-02T08:10:00Z,118480.31
1759392660000,2025-10-02T08:11:00Z,118420.98
1759392720000,2025-10-02T08:12:00Z,118398.91
1759392780000,2025-10-02T08:13:00Z,118398.92
1759392840000,2025-10-02T08:14:00Z,118357.41
1759392900000,2025-10-02T08:15:00Z,118364.94
1759392960000,2025-10-02T08:16:00Z,118364.94
1759393020000,2025-10-02T08:17:00Z,118378.82
1759393080000,2025-10-02T08:18:00Z,118385.99
1759393140000,2025-10-02T08:19:00Z,118385.99
1759393200000,2025-10-02T08:20:00Z,118430.06
1759393260000,2025-10-02T08:21:00Z,118437.15
1759393320000,2025-10-02T08:22:00Z,118440.51
1759393380000,2025-10-02T08:23:00Z,118514.4
1759393440000,2025-10-02T08:24:00Z,118554.76
1759393500000,2025-10-02T08:25:00Z,118554.73
1759393560000,2025-10-02T08:26:00Z,118535.5
1759393620000,2025-10-02T08:27:00Z,118582.22
1759393680000,2025-10-02T08:28:00Z,118603.24
1759393740000,2025-10-02T08:29:00Z,118628.9
1759393800000,2025-10-02T08:30:00Z,118591.31
1759393860000,2025-10-02T08:31:00Z,118608.61
1759393920000,2025-10-02T08:32:00Z,118655.26
1759393980000,2025-10-02T08:33:00Z,118658.13
1759394040000,2025-10-02T08:34:00Z,118633.32
1759394100000,2025-10-02T08:35:00Z,118633.29
1759394160000,2025-10-02T08:36:00Z,118614.02
1759394220000,2025-10-02T08:37:00Z,118599.29
1759394280000,2025-10-02T08:38:00Z,118609.44
1759394340000,2025-10-02T08:39:00Z,118619.42
1759394400000,2025-10-02T08:40:00Z,118603.75
1759394460000,2025-10-02T08:41:00Z,118603.75
1759394520000,2025-10-02T08:42:00Z,118603.75
1759394580000,2025-10-02T08:43:00Z,118606.02
1759394640000,2025-10-02T08:44:00Z,118627.86
1759394700000,2025-10-02T08:45:00Z,118626.36
1759394760000,2025-10-02T08:46:00Z,118626.36
1759394820000,2025-10-02T08:47:00Z,118626.36
1759394880000,2025-10-02T08:48:00Z,118626.37
1759394940000,2025-10-02T08:49:00Z,118678.12
1759395000000,2025-10-02T08:50:00Z,118628.33
1759395060000,2025-10-02T08:51:00Z,118628.32
1759395120000,2025-10-02T08:52:00Z,118613.1
1759395180000,2025-10-02T08:53:00Z,118635.18
1759395240000,2025-10-02T08:54:00Z,118635.18
1759395300000,2025-10-02T08:55:00Z,118671.89
1759395360000,2025-10-02T08:56:00Z,118654.09
1759395420000,2025-10-02T08:57:00Z,118654.09
1759395480000,2025-10-02T08:58:00Z,118654.09
1759395540000,2025-10-02T08:59:00Z,118668.89
1759395600000,2025-10-02T09:00:00Z,118620.59
1759395660000,2025-10-02T09:01:00Z,118640.35
1759395720000,2025-10-02T09:02:00Z,118607.53
1759395780000,2025-10-02T09:03:00Z,118600.11
1759395840000,2025-10-02T09:04:00Z,118582.22
1759395900000,2025-10-02T09:05:00Z,118603.17
1759395960000,2025-10-02T09:06:00Z,118572.32
1759396020000,2025-10-02T09:07:00Z,118572.33
1759396080000,2025-10-02T09:08:00Z,118567.05
1759396140000,2025-10-02T09:09:00Z,118567.01
1759396200000,2025-10-02T09:10:00Z,118593.22
1759396260000,2025-10-02T09:11:00Z,118607.99
1759396320000,2025-10-02T09:12:00Z,118607.99
1759396380000,2025-10-02T09:13:00Z,118608.0
1759396440000,2025-10-02T09:14:00Z,118606.0
1759396500000,2025-10-02T09:15:00Z,118598.8
1759396560000,2025-10-02T09:16:00Z,118598.8
1759396620000,2025-10-02T09:17:00Z,118615.5
1759396680000,2025-10-02T09:18:00Z,118631.2
1759396740000,2025-10-02T09:19:00Z,118604.15
1759396800000,2025-10-02T09:20:00Z,118624.48
1759396860000,2025-10-02T09:21:00Z,118624.48
1759396920000,2025-10-02T09:22:00Z,118615.63
1759396980000,2025-10-02T09:23:00Z,118611.03
1759397040000,2025-10-02T09:24:00Z,118650.0
1759397100000,2025-10-02T09:25:00Z,118665.68
1759397160000,2025-10-02T09:26:00Z,118665.67
1759397220000,2025-10-02T09:27:00Z,118676.62
1759397280000,2025-10-02T09:28:00Z,118676.61
1759397340000,2025-10-02T09:29:00Z,118681.0
1759397400000,2025-10-02T09:30:00Z,118681.0
1759397460000,2025-10-02T09:31:00Z,118665.22
1759397520000,2025-10-02T09:32:00Z,118647.2
1759397580000,2025-10-02T09:33:00Z,118647.19
1759397640000,2025-10-02T09:34:00Z,118678.17
1759397700000,2025-10-02T09:35:00Z,118700.22
1759397760000,2025-10-02T09:36:00Z,118645.93
1759397820000,2025-10-02T09:37:00Z,118645.94
1759397880000,2025-10-02T09:38:00Z,118645.93
1759397940000,2025-10-02T09:39:00Z,118600.01
1759398000000,2025-10-02T09:40:00Z,118600.0
1759398060000,2025-10-02T09:41:00Z,118600.01
1759398120000,2025-10-02T09:42:00Z,118610.79
1759398180000,2025-10-02T09:43:00Z,118610.79
1759398240000,2025-10-02T09:44:00Z,118726.6
1759398300000,2025-10-02T09:45:00Z,118805.41
1759398360000,2025-10-02T09:46:00Z,118775.05
1759398420000,2025-10-02T09:47:00Z,118811.26
1759398480000,2025-10-02T09:48:00Z,118797.73
1759398540000,2025-10-02T09:49:00Z,118764.96
1759398600000,2025-10-02T09:50:00Z,118737.75
1759398660000,2025-10-02T09:51:00Z,118737.74
1759398720000,2025-10-02T09:52:00Z,118749.58
1759398780000,2025-10-02T09:53:00Z,118737.76
1759398840000,2025-10-02T09:54:00Z,118789.99
1759398900000,2025-10-02T09:55:00Z,118789.99
1759398960000,2025-10-02T09:56:00Z,118790.0
1759399020000,2025-10-02T09:57:00Z,118789.99
1759399080000,2025-10-02T09:58:00Z,118849.99
1759399140000,2025-10-02T09:59:00Z,118849.99
1759399200000,2025-10-02T10:00:00Z,118878.91
1759399260000,2025-10-02T10:01:00Z,118917.35
1759399320000,2025-10-02T10:02:00Z,118797.73
1759399380000,2025-10-02T10:03:00Z,118734.13
1759399440000,2025-10-02T10:04:00Z,118700.21
1759399500000,2025-10-02T10:05:00Z,118711.85
1759399560000,2025-10-02T10:06:00Z,118735.35
1759399620000,2025-10-02T10:07:00Z,118689.96
1759399680000,2025-10-02T10:08:00Z,118705.82
1759399740000,2025-10-02T10:09:00Z,118705.81
1759399800000,2025-10-02T10:10:00Z,118689.97
1759399860000,2025-10-02T10:11:00Z,118699.98
1759399920000,2025-10-02T10:12:00Z,118734.74
1759399980000,2025-10-02T10:13:00Z,118734.74
1759400040000,2025-10-02T10:14:00Z,118747.06
1759400100000,2025-10-02T10:15:00Z,118777.68
1759400160000,2025-10-02T10:16:00Z,118770.96
1759400220000,2025-10-02T10:17:00Z,118744.99
1759400280000,2025-10-02T10:18:00Z,118747.53
1759400340000,2025-10-02T10:19:00Z,118747.54
1759400400000,2025-10-02T10:20:00Z,118700.22
1759400460000,2025-10-02T10:21:00Z,118682.54
1759400520000,2025-10-02T10:22:00Z,118723.0
1759400580000,2025-10-02T10:23:00Z,118722.14
1759400640000,2025-10-02T10:24:00Z,118651.64
1759400700000,2025-10-02T10:25:00Z,118650.41
1759400760000,2025-10-02T10:26:00Z,118631.05
1759400820000,2025-10-02T10:27:00Z,118653.23
1759400880000,2025-10-02T10:28:00Z,118622.33
1759400940000,2025-10-02T10:29:00Z,118622.34
1759401000000,2025-10-02T10:30:00Z,118631.07
1759401060000,2025-10-02T10:31:00Z,118683.33
1759401120000,2025-10-02T10:32:00Z,118690.13
1759401180000,2025-10-02T10:33:00Z,118707.65
1759401240000,2025-10-02T10:34:00Z,118695.75
1759401300000,2025-10-02T10:35:00Z,118715.0
1759401360000,2025-10-02T10:36:00Z,118733.31
1759401420000,2025-10-02T10:37:00Z,118721.73
1759401480000,2025-10-02T10:38:00Z,118740.89
1759401540000,2025-10-02T10:39:00Z,118749.39
1759401600000,2025-10-02T10:40:00Z,118750.0
1759401660000,2025-10-02T10:41:00Z,118724.65
1759401720000,2025-10-02T10:42:00Z,118740.07
1759401780000,2025-10-02T10:43:00Z,118740.07
1759401840000,2025-10-02T10:44:00Z,118750.0
1759401900000,2025-10-02T10:45:00Z,118750.0
1759401960000,2025-10-02T10:46:00Z,118750.0
1759402020000,2025-10-02T10:47:00Z,118750.0
1759402080000,2025-10-02T10:48:00Z,118750.0
1759402140000,2025-10-02T10:49:00Z,118752.0
1759402200000,2025-10-02T10:50:00Z,118709.0
1759402260000,2025-10-02T10:51:00Z,118704.91
1759402320000,2025-10-02T10:52:00Z,118704.9
1759402380000,2025-10-02T10:53:00Z,118720.25
1759402440000,2025-10-02T10:54:00Z,118708.4
1759402500000,2025-10-02T10:55:00Z,118624.95
1759402560000,2025-10-02T10:56:00Z,118625.63
1759402620000,2025-10-02T10:57:00Z,118567.85
1759402680000,2025-10-02T10:58:00Z,118608.0
1759402740000,2025-10-02T10:59:00Z,118619.56
1759402800000,2025-10-02T11:00:00Z,118614.48
1759402860000,2025-10-02T11:01:00Z,118633.96
1759402920000,2025-10-02T11:02:00Z,118622.09
1759402980000,2025-10-02T11:03:00Z,118618.82
1759403040000,2025-10-02T11:04:00Z,118640.32
1759403100000,2025-10-02T11:05:00Z,118666.49
1759403160000,2025-10-02T11:06:00Z,118667.0
1759403220000,2025-10-02T11:07:00Z,118620.0
1759403280000,2025-10-02T11:08:00Z,118571.41
1759403340000,2025-10-02T11:09:00Z,118576.19
1759403400000,2025-10-02T11:10:00Z,118576.19
1759403460000,2025-10-02T11:11:00Z,118537.11
1759403520000,2025-10-02T11:12:00Z,118576.99
1759403580000,2025-10-02T11:13:00Z,118577.0
1759403640000,2025-10-02T11:14:00Z,118577.0
1759403700000,2025-10-02T11:15:00Z,118576.99
1759403760000,2025-10-02T11:16:00Z,118577.0
1759403820000,2025-10-02T11:17:00Z,118578.0
1759403880000,2025-10-02T11:18:00Z,118648.23
1759403940000,2025-10-02T11:19:00Z,118647.31
1759404000000,2025-10-02T11:20:00Z,118683.63
1759404060000,2025-10-02T11:21:00Z,118683.62
1759404120000,2025-10-02T11:22:00Z,118689.97
1759404180000,2025-10-02T11:23:00Z,118670.0
1759404240000,2025-10-02T11:24:00Z,118683.2
1759404300000,2025-10-02T11:25:00Z,118683.2
1759404360000,2025-10-02T11:26:00Z,118683.19
1759404420000,2025-10-02T11:27:00Z,118683.2
1759404480000,2025-10-02T11:28:00Z,118683.19
1759404540000,2025-10-02T11:29:00Z,118689.97
1759404600000,2025-10-02T11:30:00Z,118689.97
1759404660000,2025-10-02T11:31:00Z,118710.01
1759404720000,2025-10-02T11:32:00Z,118700.22
1759404780000,2025-10-02T11:33:00Z,118707.0
1759404840000,2025-10-02T11:34:00Z,118700.21
1759404900000,2025-10-02T11:35:00Z,118682.35
1759404960000,2025-10-02T11:36:00Z,118687.99
1759405020000,2025-10-02T11:37:00Z,118687.99
1759405080000,2025-10-02T11:38:00Z,118682.0
1759405140000,2025-10-02T11:39:00Z,118696.83
1759405200000,2025-10-02T11:40:00Z,118696.83
1759405260000,2025-10-02T11:41:00Z,118699.99
1759405320000,2025-10-02T11:42:00Z,118705.19
1759405380000,2025-10-02T11:43:00Z,118719.99
1759405440000,2025-10-02T11:44:00Z,118755.97
1759405500000,2025-10-02T11:45:00Z,118785.23
1759405560000,2025-10-02T11:46:00Z,118815.43
1759405620000,2025-10-02T11:47:00Z,118807.88
1759405680000,2025-10-02T11:48:00Z,118815.45
1759405740000,2025-10-02T11:49:00Z,118880.01
1759405800000,2025-10-02T11:50:00Z,118826.86
1759405860000,2025-10-02T11:51:00Z,118809.25
1759405920000,2025-10-02T11:52:00Z,118805.44
1759405980000,2025-10-02T11:53:00Z,118829.99
1759406040000,2025-10-02T11:54:00Z,118829.99
1759406100000,2025-10-02T11:55:00Z,118806.78
1759406160000,2025-10-02T11:56:00Z,118788.53
1759406220000,2025-10-02T11:57:00Z,118717.74
1759406280000,2025-10-02T11:58:00Z,118768.22
1759406340000,2025-10-02T11:59:00Z,118765.73
1759406400000,2025-10-02T12:00:00Z,118777.76
1759406460000,2025-10-02T12:01:00Z,118830.1
1759406520000,2025-10-02T12:02:00Z,118853.67
1759406580000,2025-10-02T12:03:00Z,118884.55
1759406640000,2025-10-02T12:04:00Z,118866.71
1759406700000,2025-10-02T12:05:00Z,118860.39
1759406760000,2025-10-02T12:06:00Z,118816.22
1759406820000,2025-10-02T12:07:00Z,118846.13
1759406880000,2025-10-02T12:08:00Z,118875.23
1759406940000,2025-10-02T12:09:00Z,118878.23
1759407000000,2025-10-02T12:10:00Z,118878.22
1759407060000,2025-10-02T12:11:00Z,118850.72
1759407120000,2025-10-02T12:12:00Z,118870.5
1759407180000,2025-10-02T12:13:00Z,118862.91
1759407240000,2025-10-02T12:14:00Z,118862.91
1759407300000,2025-10-02T12:15:00Z,118882.92
1759407360000,2025-10-02T12:16:00Z,118879.13
1759407420000,2025-10-02T12:17:00Z,118880.38
1759407480000,2025-10-02T12:18:00Z,118868.85
1759407540000,2025-10-02T12:19:00Z,118868.86
1759407600000,2025-10-02T12:20:00Z,118868.85
1759407660000,2025-10-02T12:21:00Z,118879.76
1759407720000,2025-10-02T12:22:00Z,118904.55
1759407780000,2025-10-02T12:23:00Z,118962.79
1759407840000,2025-10-02T12:24:00Z,119080.49
1759407900000,2025-10-02T12:25:00Z,118990.01
1759407960000,2025-10-02T12:26:00Z,119029.59
1759408020000,2025-10-02T12:27:00Z,119041.48
1759408080000,2025-10-02T12:28:00Z,119129.26
1759408140000,2025-10-02T12:29:00Z,119080.53
1759408200000,2025-10-02T12:30:00Z,119066.92
1759408260000,2025-10-02T12:31:00Z,119141.26
1759408320000,2025-10-02T12:32:00Z,119021.97
1759408380000,2025-10-02T12:33:00Z,119120.98
1759408440000,2025-10-02T12:34:00Z,119159.99
1759408500000,2025-10-02T12:35:00Z,119126.13
1759408560000,2025-10-02T12:36:00Z,119090.0
1759408620000,2025-10-02T12:37:00Z,119135.68
1759408680000,2025-10-02T12:38:00Z,119226.33
1759408740000,2025-10-02T12:39:00Z,119220.92
1759408800000,2025-10-02T12:40:00Z,119285.79
1759408860000,2025-10-02T12:41:00Z,119289.82
1759408920000,2025-10-02T12:42:00Z,119244.91
1759408980000,2025-10-02T12:43:00Z,119219.84
1759409040000,2025-10-02T12:44:00Z,119211.11
1759409100000,2025-10-02T12:45:00Z,119245.95
1759409160000,2025-10-02T12:46:00Z,119206.01
1759409220000,2025-10-02T12:47:00Z,119190.51
1759409280000,2025-10-02T12:48:00Z,119212.76
1759409340000,2025-10-02T12:49:00Z,119277.66
1759409400000,2025-10-02T12:50:00Z,119280.0
1759409460000,2025-10-02T12:51:00Z,119319.99
1759409520000,2025-10-02T12:52:00Z,119399.99
1759409580000,2025-10-02T12:53:00Z,119320.01
1759409640000,2025-10-02T12:54:00Z,119369.88
1759409700000,2025-10-02T12:55:00Z,119385.67
1759409760000,2025-10-02T12:56:00Z,119364.52
1759409820000,2025-10-02T12:57:00Z,119364.5
1759409880000,2025-10-02T12:58:00Z,119399.99
1759409940000,2025-10-02T12:59:00Z,119402.42
1759410000000,2025-10-02T13:00:00Z,119369.11
1759410060000,2025-10-02T13:01:00Z,119388.52
1759410120000,2025-10-02T13:02:00Z,119356.97
1759410180000,2025-10-02T13:03:00Z,119346.81
1759410240000,2025-10-02T13:04:00Z,119293.4
1759410300000,2025-10-02T13:05:00Z,119271.19
1759410360000,2025-10-02T13:06:00Z,119289.23
1759410420000,2025-10-02T13:07:00Z,119286.5
1759410480000,2025-10-02T13:08:00Z,119225.21
1759410540000,2025-10-02T13:09:00Z,119268.75
1759410600000,2025-10-02T13:10:00Z,119251.57
1759410660000,2025-10-02T13:11:00Z,119215.85
1759410720000,2025-10-02T13:12:00Z,119169.01
1759410780000,2025-10-02T13:13:00Z,119150.46
1759410840000,2025-10-02T13:14:00Z,119113.0
1759410900000,2025-10-02T13:15:00Z,119137.02
1759410960000,2025-10-02T13:16:00Z,119116.13
1759411020000,2025-10-02T13:17:00Z,119071.17
1759411080000,2025-10-02T13:18:00Z,118990.99
1759411140000,2025-10-02T13:19:00Z,119031.92
1759411200000,2025-10-02T13:20:00Z,119149.98
1759411260000,2025-10-02T13:21:00Z,119196.66
1759411320000,2025-10-02T13:22:00Z,119218.09
1759411380000,2025-10-02T13:23:00Z,119226.57
1759411440000,2025-10-02T13:24:00Z,119226.35
1759411500000,2025-10-02T13:25:00Z,119192.31
1759411560000,2025-10-02T13:26:00Z,119145.2
1759411620000,2025-10-02T13:27:00Z,119150.0
1759411680000,2025-10-02T13:28:00Z,119145.2
1759411740000,2025-10-02T13:29:00Z,119165.05
1759411800000,2025-10-02T13:30:00Z,119107.01
1759411860000,2025-10-02T13:31:00Z,119162.01
1759411920000,2025-10-02T13:32:00Z,119261.22
1759411980000,2025-10-02T13:33:00Z,119286.51
1759412040000,2025-10-02T13:34:00Z,119273.08
1759412100000,2025-10-02T13:35:00Z,119293.34
1759412160000,2025-10-02T13:36:00Z,119371.43
1759412220000,2025-10-02T13:37:00Z,119408.23
1759412280000,2025-10-02T13:38:00Z,119369.65
1759412340000,2025-10-02T13:39:00Z,119283.77
1759412400000,2025-10-02T13:40:00Z,119300.0
1759412460000,2025-10-02T13:41:00Z,119380.73
1759412520000,2025-10-02T13:42:00Z,119398.0
1759412580000,2025-10-02T13:43:00Z,119427.92
1759412640000,2025-10-02T13:44:00Z,119542.14
1759412700000,2025-10-02T13:45:00Z,119649.0
1759412760000,2025-10-02T13:46:00Z,119718.29
1759412820000,2025-10-02T13:47:00Z,119707.24
1759412880000,2025-10-02T13:48:00Z,119660.54
1759412940000,2025-10-02T13:49:00Z,119584.7
1759413000000,2025-10-02T13:50:00Z,119571.52
1759413060000,2025-10-02T13:51:00Z,119674.59
1759413120000,2025-10-02T13:52:00Z,119605.52
1759413180000,2025-10-02T13:53:00Z,119739.21
1759413240000,2025-10-02T13:54:00Z,119761.35
1759413300000,2025-10-02T13:55:00Z,119717.21
1759413360000,2025-10-02T13:56:00Z,119646.39
1759413420000,2025-10-02T13:57:00Z,119690.27
1759413480000,2025-10-02T13:58:00Z,119612.51
1759413540000,2025-10-02T13:59:00Z,119621.2
1759413600000,2025-10-02T14:00:00Z,119531.71
1759413660000,2025-10-02T14:01:00Z,119537.99
1759413720000,2025-10-02T14:02:00Z,119474.9
1759413780000,2025-10-02T14:03:00Z,119569.1
1759413840000,2025-10-02T14:04:00Z,119592.65
1759413900000,2025-10-02T14:05:00Z,119588.11
1759413960000,2025-10-02T14:06:00Z,119478.37
1759414020000,2025-10-02T14:07:00Z,119522.0
1759414080000,2025-10-02T14:08:00Z,119442.56
1759414140000,2025-10-02T14:09:00Z,119427.81
1759414200000,2025-10-02T14:10:00Z,119450.41
1759414260000,2025-10-02T14:11:00Z,119330.01
1759414320000,2025-10-02T14:12:00Z,119310.36
1759414380000,2025-10-02T14:13:00Z,119333.61
1759414440000,2025-10-02T14:14:00Z,119446.99
1759414500000,2025-10-02T14:15:00Z,119498.45
1759414560000,2025-10-02T14:16:00Z,119586.21
1759414620000,2025-10-02T14:17:00Z,119639.75
1759414680000,2025-10-02T14:18:00Z,119616.21
1759414740000,2025-10-02T14:19:00Z,119542.01
1759414800000,2025-10-02T14:20:00Z,119425.2
1759414860000,2025-10-02T14:21:00Z,119451.36
1759414920000,2025-10-02T14:22:00Z,119478.22
1759414980000,2025-10-02T14:23:00Z,119648.99
1759415040000,2025-10-02T14:24:00Z,119617.89
1759415100000,2025-10-02T14:25:00Z,119594.04
1759415160000,2025-10-02T14:26:00Z,119676.01
1759415220000,2025-10-02T14:27:00Z,119700.0
1759415280000,2025-10-02T14:28:00Z,119653.55
1759415340000,2025-10-02T14:29:00Z,119699.99
1759415400000,2025-10-02T14:30:00Z,119731.82
1759415460000,2025-10-02T14:31:00Z,119721.73
1759415520000,2025-10-02T14:32:00Z,119632.03
1759415580000,2025-10-02T14:33:00Z,119424.78
1759415640000,2025-10-02T14:34:00Z,119536.71
1759415700000,2025-10-02T14:35:00Z,119411.76
1759415760000,2025-10-02T14:36:00Z,119387.39
1759415820000,2025-10-02T14:37:00Z,119386.34
1759415880000,2025-10-02T14:38:00Z,119424.27
1759415940000,2025-10-02T14:39:00Z,119426.65
1759416000000,2025-10-02T14:40:00Z,119320.17
1759416060000,2025-10-02T14:41:00Z,119212.28
1759416120000,2025-10-02T14:42:00Z,119147.18
1759416180000,2025-10-02T14:43:00Z,119090.4
1759416240000,2025-10-02T14:44:00Z,118999.99
1759416300000,2025-10-02T14:45:00Z,119077.65
1759416360000,2025-10-02T14:46:00Z,119050.0
1759416420000,2025-10-02T14:47:00Z,118942.82
1759416480000,2025-10-02T14:48:00Z,118956.42
1759416540000,2025-10-02T14:49:00Z,118963.24
1759416600000,2025-10-02T14:50:00Z,118685.83
1759416660000,2025-10-02T14:51:00Z,118808.84
1759416720000,2025-10-02T14:52:00Z,118885.8
1759416780000,2025-10-02T14:53:00Z,118967.58
1759416840000,2025-10-02T14:54:00Z,118845.48
1759416900000,2025-10-02T14:55:00Z,118862.61
1759416960000,2025-10-02T14:56:00Z,118788.99
1759417020000,2025-10-02T14:57:00Z,118843.8
1759417080000,2025-10-02T14:58:00Z,118854.1
1759417140000,2025-10-02T14:59:00Z,118814.09
1759417200000,2025-10-02T15:00:00Z,118787.71
1759417260000,2025-10-02T15:01:00Z,118786.01
1759417320000,2025-10-02T15:02:00Z,118778.66
1759417380000,2025-10-02T15:03:00Z,118701.07
1759417440000,2025-10-02T15:04:00Z,118573.78
1759417500000,2025-10-02T15:05:00Z,118586.8
1759417560000,2025-10-02T15:06:00Z,118711.58
1759417620000,2025-10-02T15:07:00Z,118863.0
1759417680000,2025-10-02T15:08:00Z,118910.87
1759417740000,2025-10-02T15:09:00Z,119035.94
1759417800000,2025-10-02T15:10:00Z,119109.0
1759417860000,2025-10-02T15:11:00Z,119149.6
1759417920000,2025-10-02T15:12:00Z,119144.75
1759417980000,2025-10-02T15:13:00Z,119225.64
1759418040000,2025-10-02T15:14:00Z,119167.37
1759418100000,2025-10-02T15:15:00Z,119096.13
1759418160000,2025-10-02T15:16:00Z,119195.21
1759418220000,2025-10-02T15:17:00Z,119129.66
1759418280000,2025-10-02T15:18:00Z,119141.64
1759418340000,2025-10-02T15:19:00Z,119121.11
1759418400000,2025-10-02T15:20:00Z,119067.19
1759418460000,2025-10-02T15:21:00Z,119027.46
1759418520000,2025-10-02T15:22:00Z,119217.07
1759418580000,2025-10-02T15:23:00Z,119286.79
1759418640000,2025-10-02T15:24:00Z,119403.43
1759418700000,2025-10-02T15:25:00Z,119505.16
1759418760000,2025-10-02T15:26:00Z,119516.1
1759418820000,2025-10-02T15:27:00Z,119519.45
1759418880000,2025-10-02T15:28:00Z,119452.19
1759418940000,2025-10-02T15:29:00Z,119428.12
1759419000000,2025-10-02T15:30:00Z,119360.99
1759419060000,2025-10-02T15:31:00Z,119353.18
1759419120000,2025-10-02T15:32:00Z,119422.69
1759419180000,2025-10-02T15:33:00Z,119390.0
1759419240000,2025-10-02T15:34:00Z,119389.98
1759419300000,2025-10-02T15:35:00Z,119400.0
1759419360000,2025-10-02T15:36:00Z,119331.57
1759419420000,2025-10-02T15:37:00Z,119243.5
1759419480000,2025-10-02T15:38:00Z,119261.78
1759419540000,2025-10-02T15:39:00Z,119331.57
1759419600000,2025-10-02T15:40:00Z,119405.97
1759419660000,2025-10-02T15:41:00Z,119485.22
1759419720000,2025-10-02T15:42:00Z,119574.3
1759419780000,2025-10-02T15:43:00Z,119582.03
1759419840000,2025-10-02T15:44:00Z,119626.17
1759419900000,2025-10-02T15:45:00Z,119606.6
1759419960000,2025-10-02T15:46:00Z,119676.86
1759420020000,2025-10-02T15:47:00Z,119639.56
1759420080000,2025-10-02T15:48:00Z,119653.45
1759420140000,2025-10-02T15:49:00Z,119626.09
1759420200000,2025-10-02T15:50:00Z,119719.99
1759420260000,2025-10-02T15:51:00Z,119725.01
1759420320000,2025-10-02T15:52:00Z,119871.95
1759420380000,2025-10-02T15:53:00Z,119809.82
1759420440000,2025-10-02T15:54:00Z,119850.46
1759420500000,2025-10-02T15:55:00Z,119844.44
1759420560000,2025-10-02T15:56:00Z,119880.01
1759420620000,2025-10-02T15:57:00Z,119890.0
1759420680000,2025-10-02T15:58:00Z,119899.69
1759420740000,2025-10-02T15:59:00Z,119910.78
1759420800000,2025-10-02T16:00:00Z,119839.19
1759420860000,2025-10-02T16:01:00Z,119879.94
1759420920000,2025-10-02T16:02:00Z,119902.61
1759420980000,2025-10-02T16:03:00Z,119954.3
1759421040000,2025-10-02T16:04:00Z,119847.42
1759421100000,2025-10-02T16:05:00Z,119847.41
1759421160000,2025-10-02T16:06:00Z,119951.54
1759421220000,2025-10-02T16:07:00Z,119898.01
1759421280000,2025-10-02T16:08:00Z,119940.54
1759421340000,2025-10-02T16:09:00Z,119938.99
1759421400000,2025-10-02T16:10:00Z,119992.88
1759421460000,2025-10-02T16:11:00Z,120074.99
1759421520000,2025-10-02T16:12:00Z,120199.51
1759421580000,2025-10-02T16:13:00Z,120122.7
1759421640000,2025-10-02T16:14:00Z,120133.43
1759421700000,2025-10-02T16:15:00Z,120148.54
1759421760000,2025-10-02T16:16:00Z,120122.86
1759421820000,2025-10-02T16:17:00Z,120128.49
1759421880000,2025-10-02T16:18:00Z,120125.46
1759421940000,2025-10-02T16:19:00Z,120103.17
1759422000000,2025-10-02T16:20:00Z,120017.33
1759422060000,2025-10-02T16:21:00Z,120046.27
1759422120000,2025-10-02T16:22:00Z,119959.59
1759422180000,2025-10-02T16:23:00Z,119999.99
1759422240000,2025-10-02T16:24:00Z,120070.44
1759422300000,2025-10-02T16:25:00Z,120022.04
1759422360000,2025-10-02T16:26:00Z,120033.28
1759422420000,2025-10-02T16:27:00Z,119999.53
1759422480000,2025-10-02T16:28:00Z,119949.99
1759422540000,2025-10-02T16:29:00Z,119995.31
1759422600000,2025-10-02T16:30:00Z,120055.64
1759422660000,2025-10-02T16:31:00Z,119940.0
1759422720000,2025-10-02T16:32:00Z,119992.12
1759422780000,2025-10-02T16:33:00Z,119948.18
1759422840000,2025-10-02T16:34:00Z,120035.25
1759422900000,2025-10-02T16:35:00Z,119959.22
1759422960000,2025-10-02T16:36:00Z,119930.56
1759423020000,2025-10-02T16:37:00Z,119869.0
1759423080000,2025-10-02T16:38:00Z,119822.72
1759423140000,2025-10-02T16:39:00Z,119833.15
1759423200000,2025-10-02T16:40:00Z,119812.03
1759423260000,2025-10-02T16:41:00Z,119752.79
1759423320000,2025-10-02T16:42:00Z,119748.63
1759423380000,2025-10-02T16:43:00Z,119778.88
1759423440000,2025-10-02T16:44:00Z,119779.45
1759423500000,2025-10-02T16:45:00Z,119774.86
1759423560000,2025-10-02T16:46:00Z,119843.91
1759423620000,2025-10-02T16:47:00Z,119874.62
1759423680000,2025-10-02T16:48:00Z,119866.55
1759423740000,2025-10-02T16:49:00Z,119843.5
1759423800000,2025-10-02T16:50:00Z,119860.45
1759423860000,2025-10-02T16:51:00Z,119847.42
1759423920000,2025-10-02T16:52:00Z,119899.99
1759423980000,2025-10-02T16:53:00Z,119856.56
1759424040000,2025-10-02T16:54:00Z,119776.01
1759424100000,2025-10-02T16:55:00Z,119700.0
1759424160000,2025-10-02T16:56:00Z,119612.91
1759424220000,2025-10-02T16:57:00Z,119616.74
1759424280000,2025-10-02T16:58:00Z,119691.46
1759424340000,2025-10-02T16:59:00Z,119731.4
1759424400000,2025-10-02T17:00:00Z,119703.51
1759424460000,2025-10-02T17:01:00Z,119625.15
1759424520000,2025-10-02T17:02:00Z,119567.47
1759424580000,2025-10-02T17:03:00Z,119567.47
1759424640000,2025-10-02T17:04:00Z,119563.12
1759424700000,2025-10-02T17:05:00Z,119599.49
1759424760000,2025-10-02T17:06:00Z,119720.0
1759424820000,2025-10-02T17:07:00Z,119642.84
1759424880000,2025-10-02T17:08:00Z,119664.11
1759424940000,2025-10-02T17:09:00Z,119662.44
1759425000000,2025-10-02T17:10:00Z,119629.02
1759425060000,2025-10-02T17:11:00Z,119601.02
1759425120000,2025-10-02T17:12:00Z,119718.99
1759425180000,2025-10-02T17:13:00Z,119710.04
1759425240000,2025-10-02T17:14:00Z,119801.0
1759425300000,2025-10-02T17:15:00Z,119762.22
1759425360000,2025-10-02T17:16:00Z,119746.01
1759425420000,2025-10-02T17:17:00Z,119707.65
